latitude,longitude,brightness,scan,track,acq_date,acq_time,satellite,confidence,version,bright_t31,frp,daynight
-22.59987,133.46727,403.92,3.02,1.65,2026-09-19,627,A,94,6.1NRT,308.89,1333.7,D
-22.60258,133.43881,395.83,3.03,1.66,2026-09-19,627,A,100,6.1NRT,310.19,1098.23,D
-2.49583,111.54035,374.22,3.87,1.83,2026-09-19,1353,T,100,6.1NRT,289.9,915.49,N
-5.43782,34.63036,418.06,1.75,1.3,2026-09-19,1306,A,100,6.1NRT,312.84,839.37,D
-2.48789,111.54594,364.53,3.87,1.83,2026-09-19,1353,T,100,6.1NRT,288.98,688.64,N
-3.06988,113.90524,445.0,1.03,1.01,2026-09-19,811,A,100,6.1NRT,327.22,660.61,D
-22.59778,133.45984,377.24,3.02,1.65,2026-09-19,627,A,94,6.1NRT,312.22,658.5,D
-16.67728,31.25813,354.93,4.82,2.0,2026-09-19,1304,A,97,6.1NRT,298.1,648.91,D
-2.88834,105.13961,429.68,1.23,1.1,2026-09-19,1353,T,100,6.1NRT,302.87,646.75,N
-3.00148,114.04419,437.15,1.04,1.02,2026-09-19,811,A,100,6.1NRT,320.88,578.21,D
-3.97242,138.59032,430.58,1.02,1.01,2026-09-19,631,A,100,6.1NRT,299.63,500.92,D
-2.78304,112.83724,430.96,1.0,1.0,2026-09-19,811,A,100,6.1NRT,316.35,486.39,D
-3.07121,113.89632,427.5,1.03,1.01,2026-09-19,811,A,100,6.1NRT,322.19,468.5,D
-3.0272,113.99291,426.0,1.03,1.01,2026-09-19,811,A,100,6.1NRT,310.96,459.24,D
-8.1953,35.7126,395.29,1.6,1.24,2026-09-19,1304,A,100,6.1NRT,302.99,440.84,D
-22.40438,136.22502,387.5,1.86,1.33,2026-09-19,627,A,100,6.1NRT,315.97,438.24,D
-2.50397,111.54837,350.46,3.87,1.83,2026-09-19,1353,T,100,6.1NRT,289.51,437.12,N
-17.90586,33.33776,357.61,3.45,1.75,2026-09-19,1301,A,98,6.1NRT,298.69,436.41,D
-16.67834,31.26647,344.21,4.82,2.0,2026-09-19,1304,A,87,6.1NRT,297.79,433.76,D
-29.82191,151.19041,376.02,2.22,1.44,2026-09-19,625,A,100,6.1NRT,307.01,428.73,D
-2.75897,112.80132,423.13,1.0,1.0,2026-09-19,811,A,100,6.1NRT,321.22,413.95,D
-2.66205,113.33878,419.63,1.01,1.0,2026-09-19,811,A,75,6.1NRT,309.07,387.24,D
-3.08535,113.86201,418.13,1.02,1.01,2026-09-19,811,A,100,6.1NRT,321.9,384.69,D
-3.01866,104.02765,410.13,1.12,1.05,2026-09-19,134,T,100,6.1NRT,305.56,368.62,D
-3.02852,113.98395,415.49,1.03,1.01,2026-09-19,811,A,100,6.1NRT,312.2,367.14,D
-2.65328,113.33749,415.7,1.01,1.0,2026-09-19,811,A,71,6.1NRT,303.59,357.1,D
-17.90299,33.34485,352.12,3.45,1.75,2026-09-19,1301,A,96,6.1NRT,297.62,355.67,D
-7.75669,30.22174,342.17,4.34,1.92,2026-09-19,1304,A,69,6.1NRT,295.56,352.37,D
-3.24523,111.82468,413.18,1.04,1.02,2026-09-19,811,A,100,6.1NRT,311.79,350.01,D
-20.44282,-59.20452,404.1,1.17,1.08,2026-09-19,37,T,100,6.1NRT,304.78,346.8,N
-14.00372,130.19861,345.37,4.11,1.88,2026-09-19,629,A,80,6.1NRT,296.74,324.54,D
-12.56499,136.24135,393.72,1.34,1.15,2026-09-19,629,A,100,6.1NRT,305.9,321.02,D
-18.70747,145.69077,383.35,1.57,1.23,2026-09-19,627,A,100,6.1NRT,301.86,316.69,D
-7.76803,30.21703,339.95,4.34,1.92,2026-09-19,1304,A,89,6.1NRT,294.86,316.6,D
-2.88985,105.12889,396.89,1.22,1.1,2026-09-19,1353,T,100,6.1NRT,297.43,311.37,N
-3.09287,113.87222,408.97,1.02,1.01,2026-09-19,811,A,100,6.1NRT,314.08,309.42,D
-3.18,111.89812,407.87,1.04,1.02,2026-09-19,811,A,100,6.1NRT,308.19,308.11,D
-17.97932,-62.21053,377.65,1.69,1.28,2026-09-19,39,T,100,6.1NRT,296.19,307.9,N
-3.01589,104.03473,404.28,1.08,1.04,2026-09-19,1353,T,100,6.1NRT,305.0,307.01,N
-3.06855,113.91416,408.68,1.03,1.01,2026-09-19,811,A,100,6.1NRT,309.59,306.9,D
-3.15152,113.87041,354.29,2.99,1.64,2026-09-19,134,T,97,6.1NRT,295.77,301.97,D
-2.89801,105.14099,395.38,1.23,1.1,2026-09-19,1353,T,100,6.1NRT,302.0,300.83,N
-18.17583,33.32546,347.68,3.49,1.76,2026-09-19,1301,A,94,6.1NRT,299.75,296.24,D
-2.79178,112.83854,408.11,1.0,1.0,2026-09-19,811,A,100,6.1NRT,316.14,294.98,D
-1.84929,103.97316,344.35,3.55,1.77,2026-09-19,811,A,80,6.1NRT,290.45,292.41,D
-1.85351,103.96893,344.42,3.55,1.77,2026-09-19,811,A,70,6.1NRT,290.71,286.67,D
-3.07873,113.90656,404.34,1.03,1.01,2026-09-19,811,A,100,6.1NRT,317.38,277.31,D
-3.09154,113.88113,404.45,1.02,1.01,2026-09-19,811,A,100,6.1NRT,306.32,277.3,D
-3.14098,113.85212,404.68,1.02,1.01,2026-09-19,811,A,100,6.1NRT,317.73,277.07,D
-18.17999,33.32154,345.37,3.49,1.76,2026-09-19,1301,A,93,6.1NRT,298.59,269.04,D
-2.7905,112.84724,403.44,1.0,1.0,2026-09-19,811,A,100,6.1NRT,309.18,263.42,D
-3.18627,111.91742,400.4,1.03,1.02,2026-09-19,811,A,100,6.1NRT,306.16,257.8,D
-3.1238,113.90611,349.64,3.0,1.65,2026-09-19,134,T,95,6.1NRT,294.89,250.56,D
-2.9926,114.04287,398.66,1.04,1.02,2026-09-19,811,A,100,6.1NRT,308.17,248.82,D
-23.84909,135.25972,358.76,2.29,1.47,2026-09-19,627,A,99,6.1NRT,309.93,247.02,D
65.54126,82.97669,390.53,1.15,1.07,2026-09-19,830,A,100,6.1NRT,293.56,245.83,D
-3.01833,113.99159,397.96,1.03,1.01,2026-09-19,811,A,100,6.1NRT,305.23,243.61,D
60.41641,96.47497,330.75,3.97,1.85,2026-09-19,652,A,87,6.1NRT,283.54,241.93,D
-3.18497,111.92641,397.54,1.03,1.02,2026-09-19,811,A,100,6.1NRT,304.77,240.47,D
-13.97073,130.19495,338.87,4.11,1.88,2026-09-19,629,A,84,6.1NRT,299.64,237.38,D
-13.98719,130.19708,338.33,4.11,1.88,2026-09-19,629,A,83,6.1NRT,298.05,236.92,D
-6.97032,29.54408,331.89,4.79,2.0,2026-09-19,1306,A,82,6.1NRT,294.15,236.81,D
-1.41521,29.20217,381.42,1.31,1.14,2026-09-19,629,T,0,6.1NRT,270.7,233.89,D
-3.02008,104.03745,391.29,1.12,1.05,2026-09-19,134,T,100,6.1NRT,304.11,232.1,D
-22.60068,133.4314,347.58,3.03,1.66,2026-09-19,627,A,93,6.1NRT,305.8,231.4,D
-8.19336,35.72649,371.22,1.59,1.24,2026-09-19,1304,A,100,6.1NRT,298.48,229.36,D
-17.82299,48.32882,360.89,1.98,1.37,2026-09-19,1301,A,100,6.1NRT,300.73,224.08,D
-16.2708,130.13359,333.65,4.47,1.94,2026-09-19,629,A,0,6.1NRT,294.87,222.29,D
-3.08005,113.89764,394.97,1.03,1.01,2026-09-19,811,A,100,6.1NRT,314.57,221.8,D
-3.19879,111.95598,394.0,1.03,1.01,2026-09-19,811,A,100,6.1NRT,306.39,220.68,D
-3.25429,113.90855,394.37,1.02,1.01,2026-09-19,811,A,100,6.1NRT,309.87,219.59,D
-2.80734,113.03632,395.05,1.0,1.0,2026-09-19,811,A,100,6.1NRT,310.13,217.25,D
-13.9667,130.23199,337.29,4.08,1.87,2026-09-19,629,A,85,6.1NRT,299.64,216.54,D
-19.41283,137.03581,374.64,1.47,1.2,2026-09-19,629,A,100,6.1NRT,314.29,213.59,D
-18.70414,145.68315,369.44,1.57,1.23,2026-09-19,627,A,100,6.1NRT,299.53,213.54,D
-3.14916,113.87628,345.68,2.99,1.64,2026-09-19,134,T,93,6.1NRT,295.65,212.28,D
-13.98132,130.19177,337.54,4.11,1.88,2026-09-19,629,A,69,6.1NRT,298.96,212.26,D
-2.8229,-50.47935,328.28,4.38,1.93,2026-09-19,41,T,100,6.1NRT,291.84,208.86,N
-12.7727,130.92709,339.07,3.45,1.75,2026-09-19,629,A,84,6.1NRT,292.46,206.85,D
65.53885,82.94568,338.91,2.87,1.62,2026-09-19,1009,A,81,6.1NRT,286.79,204.11,D
-2.89403,-57.81221,386.43,1.1,1.04,2026-09-19,724,A,100,6.1NRT,296.06,202.8,N
4.66337,32.38495,364.5,1.77,1.3,2026-09-19,1308,A,100,6.1NRT,300.28,201.64,D
-3.77018,105.56065,377.56,1.27,1.12,2026-09-19,1353,T,100,6.1NRT,300.84,198.96,N
-7.86007,-45.13226,384.38,1.15,1.07,2026-09-19,1128,T,100,6.1NRT,308.66,198.85,D
-6.96858,29.53547,328.7,4.79,2.0,2026-09-19,1306,A,79,6.1NRT,293.94,198.66,D
4.66475,32.39355,363.99,1.76,1.3,2026-09-19,1308,A,100,6.1NRT,301.25,197.96,D
-2.90156,-57.7944,336.77,3.51,1.76,2026-09-19,1304,T,84,6.1NRT,296.71,196.83,D
9.62584,-63.72034,321.89,4.79,2.0,2026-09-19,720,A,100,6.1NRT,286.82,196.78,N
-3.20929,111.884,389.56,1.04,1.02,2026-09-19,811,A,100,6.1NRT,303.9,196.08,D
-20.4333,-59.20586,380.75,1.17,1.08,2026-09-19,37,T,100,6.1NRT,297.87,192.96,N
65.53473,82.95534,337.84,2.87,1.62,2026-09-19,1009,A,91,6.1NRT,286.53,192.16,D
9.62564,-63.71261,321.17,4.79,2.0,2026-09-19,720,A,100,6.1NRT,286.81,190.1,N
-3.19123,111.94569,388.24,1.03,1.02,2026-09-19,811,A,100,6.1NRT,303.99,189.38,D
-3.08403,113.8709,387.89,1.02,1.01,2026-09-19,811,A,100,6.1NRT,305.92,184.55,D
-15.95307,26.15984,375.35,1.28,1.12,2026-09-19,631,T,100,6.1NRT,303.73,184.32,D
-3.1787,111.90712,386.92,1.03,1.02,2026-09-19,811,A,100,6.1NRT,303.08,182.44,D
-7.83445,36.96408,374.04,1.29,1.13,2026-09-19,1304,A,100,6.1NRT,302.76,180.45,D
-2.80606,113.04501,387.36,1.0,1.0,2026-09-19,811,A,100,6.1NRT,304.54,179.31,D
60.43132,96.50951,352.11,1.87,1.34,2026-09-19,1229,T,100,6.1NRT,280.24,178.81,N
-2.78176,112.84594,387.76,1.0,1.0,2026-09-19,811,A,100,6.1NRT,302.0,178.81,D
-17.82631,48.34083,354.26,1.99,1.38,2026-09-19,1301,A,97,6.1NRT,299.44,178.55,D
-3.16547,113.747,386.74,1.02,1.01,2026-09-19,811,A,100,6.1NRT,305.73,178.52,D
-3.19748,111.96495,385.72,1.03,1.01,2026-09-19,811,A,100,6.1NRT,304.95,177.87,D
-14.0104,130.2068,333.37,4.11,1.88,2026-09-19,629,A,57,6.1NRT,295.73,177.73,D
-3.01966,113.98262,385.29,1.03,1.01,2026-09-19,811,A,100,6.1NRT,303.05,175.9,D
-18.74469,33.98391,339.35,3.16,1.68,2026-09-19,1301,A,75,6.1NRT,296.53,175.29,D
-18.179,33.29337,335.69,3.51,1.76,2026-09-19,1301,A,87,6.1NRT,299.72,172.74,D
-3.0083,104.02728,381.25,1.08,1.04,2026-09-19,1353,T,100,6.1NRT,300.86,172.63,N
-33.60351,135.40799,337.59,2.99,1.64,2026-09-19,625,A,90,6.1NRT,304.84,172.59,D
-23.84818,135.2668,349.31,2.29,1.47,2026-09-19,627,A,94,6.1NRT,309.14,172.16,D
-3.77021,116.18843,372.03,1.28,1.12,2026-09-19,809,A,100,6.1NRT,285.35,172.16,D
-3.13709,113.8724,340.76,2.99,1.64,2026-09-19,134,T,90,6.1NRT,295.2,171.57,D
60.92627,112.13653,323.2,3.62,1.78,2026-09-19,1051,T,100,6.1NRT,275.22,169.2,N
-2.52004,111.5508,328.13,3.87,1.83,2026-09-19,1353,T,100,6.1NRT,288.59,168.4,N
-17.12152,33.59863,337.33,3.21,1.7,2026-09-19,1304,A,87,6.1NRT,300.6,168.2,D
-3.18889,111.89942,383.78,1.04,1.02,2026-09-19,811,A,100,6.1NRT,303.29,167.38,D
-2.491,111.57403,327.39,3.9,1.84,2026-09-19,1353,T,100,6.1NRT,288.82,166.47,N
-19.53571,33.01439,330.09,3.85,1.83,2026-09-19,1301,A,83,6.1NRT,297.81,166.34,D
-2.79732,113.04372,384.46,1.0,1.0,2026-09-19,811,A,100,6.1NRT,300.44,166.18,D
-3.13381,113.77847,384.25,1.02,1.01,2026-09-19,811,A,100,6.1NRT,305.64,165.56,D
-15.67524,133.62361,347.09,2.33,1.48,2026-09-19,629,A,81,6.1NRT,297.06,165.0,D
-2.9055,-57.78931,333.26,3.51,1.76,2026-09-19,1304,T,81,6.1NRT,296.07,164.75,D
-3.16995,111.89012,382.59,1.04,1.02,2026-09-19,811,A,100,6.1NRT,306.01,164.16,D
-3.03739,113.98527,382.45,1.03,1.01,2026-09-19,811,A,100,6.1NRT,305.11,163.38,D
-3.00419,114.04105,337.92,3.06,1.66,2026-09-19,134,T,89,6.1NRT,295.81,162.58,D
47.64099,81.33784,361.96,1.53,1.22,2026-09-19,1004,A,100,6.1NRT,297.39,162.3,D
3.3303,33.69173,365.09,1.48,1.2,2026-09-19,1308,A,100,6.1NRT,303.34,162.1,D
-3.13472,113.87823,339.69,2.99,1.64,2026-09-19,134,T,90,6.1NRT,295.31,160.49,D
-18.31478,33.31609,333.04,3.51,1.76,2026-09-19,1301,A,85,6.1NRT,295.63,159.89,D
60.43248,96.26234,320.32,4.03,1.86,2026-09-19,652,A,80,6.1NRT,284.02,158.19,D
-2.74381,112.98247,383.64,1.0,1.0,2026-09-19,811,A,100,6.1NRT,308.21,157.9,D
-3.16417,113.75584,382.36,1.02,1.01,2026-09-19,811,A,100,6.1NRT,303.92,157.44,D
-3.01037,114.04552,381.5,1.04,1.02,2026-09-19,811,A,100,6.1NRT,307.4,157.09,D
-2.8965,105.15173,370.75,1.23,1.1,2026-09-19,1353,T,100,6.1NRT,296.89,156.59,N
-3.13512,113.76961,382.13,1.02,1.01,2026-09-19,811,A,100,6.1NRT,306.54,156.57,D
-22.26505,124.26456,346.59,2.27,1.46,2026-09-19,805,A,93,6.1NRT,301.09,156.45,D
-2.74149,112.79874,382.39,1.0,1.0,2026-09-19,811,A,100,6.1NRT,301.21,155.66,D
-3.19908,111.89171,380.54,1.04,1.02,2026-09-19,811,A,100,6.1NRT,303.14,153.9,D
-3.21949,111.8763,380.65,1.04,1.02,2026-09-19,811,A,100,6.1NRT,304.09,153.54,D
-2.75082,114.05335,380.08,1.04,1.02,2026-09-19,811,A,100,6.1NRT,303.29,153.32,D
-1.78498,110.68479,375.87,1.12,1.05,2026-09-19,811,A,100,6.1NRT,297.54,153.16,D
-18.62018,33.86981,333.79,3.21,1.7,2026-09-19,1301,A,86,6.1NRT,298.68,152.27,D
-3.14981,113.85343,382.59,1.02,1.01,2026-09-19,811,A,100,6.1NRT,316.11,151.41,D
-3.0774,113.91549,381.17,1.03,1.01,2026-09-19,811,A,100,6.1NRT,306.67,149.95,D
-3.10597,113.33667,380.86,1.0,1.0,2026-09-19,811,A,100,6.1NRT,302.68,149.81,D
-19.41817,137.07802,364.77,1.46,1.19,2026-09-19,629,A,100,6.1NRT,311.41,149.37,D
9.61697,-63.72621,380.52,1.0,1.0,2026-09-19,1259,T,100,6.1NRT,297.5,149.24,D
-17.75262,33.34799,332.86,3.43,1.74,2026-09-19,1301,A,84,6.1NRT,298.52,149.15,D
-3.00015,114.0532,379.12,1.04,1.02,2026-09-19,811,A,100,6.1NRT,301.89,149.06,D
-3.01722,104.0253,375.83,1.08,1.04,2026-09-19,1353,T,100,6.1NRT,300.25,147.85,N
-3.21818,111.88531,378.92,1.04,1.02,2026-09-19,811,A,100,6.1NRT,302.3,146.48,D
-3.20293,113.74934,380.45,1.02,1.01,2026-09-19,811,A,100,6.1NRT,301.9,145.19,D
61.34634,112.81907,322.82,3.28,1.71,2026-09-19,1053,T,100,6.1NRT,274.62,144.33,N
-17.29095,35.90036,347.15,2.13,1.42,2026-09-19,1301,A,94,6.1NRT,301.71,144.22,D
-12.56549,136.23499,364.74,1.34,1.15,2026-09-19,629,A,100,6.1NRT,303.5,141.51,D
-2.24453,110.39088,371.6,1.17,1.08,2026-09-19,811,A,100,6.1NRT,300.04,141.3,D
66.95399,75.5763,312.44,4.44,1.94,2026-09-19,206,A,47,6.1NRT,273.86,140.22,D
-2.77536,114.01659,376.09,1.04,1.02,2026-09-19,811,A,100,6.1NRT,303.4,138.66,D
-3.17323,112.00714,376.85,1.03,1.01,2026-09-19,811,A,100,6.1NRT,304.74,138.59,D
3.31445,34.3236,365.44,1.34,1.15,2026-09-19,1308,A,100,6.1NRT,305.39,138.58,D
-3.05521,114.00365,376.83,1.03,1.01,2026-09-19,811,A,100,6.1NRT,308.27,138.56,D
-17.96804,-62.21194,351.33,1.69,1.28,2026-09-19,39,T,100,6.1NRT,291.94,138.4,N
-2.50711,111.57652,323.87,3.9,1.84,2026-09-19,1353,T,100,6.1NRT,288.45,136.3,N
-3.12631,113.7683,376.63,1.02,1.01,2026-09-19,811,A,100,6.1NRT,302.19,136.26,D
-14.2657,25.28998,356.56,1.55,1.23,2026-09-19,631,T,98,6.1NRT,298.06,136.26,D
-1.2473,109.4315,364.26,1.29,1.13,2026-09-19,811,A,100,6.1NRT,296.18,135.96,D
30.74591,48.28889,340.76,2.75,1.59,2026-09-19,618,T,87,6.1NRT,310.47,135.27,D
-3.17193,112.01608,375.78,1.03,1.01,2026-09-19,811,A,100,6.1NRT,303.96,134.88,D
-2.5119,111.54282,323.86,3.87,1.83,2026-09-19,1353,T,100,6.1NRT,288.65,134.69,N
-12.56383,136.24693,363.13,1.33,1.14,2026-09-19,629,A,100,6.1NRT,303.34,134.27,D
-17.01178,135.86465,344.96,1.94,1.36,2026-09-19,1208,T,100,6.1NRT,295.37,133.7,N
-19.40229,137.03435,360.36,1.47,1.2,2026-09-19,629,A,100,6.1NRT,310.4,133.46,D
-3.22078,113.93356,376.25,1.03,1.01,2026-09-19,811,A,100,6.1NRT,302.44,133.38,D
-13.01899,39.08682,371.73,1.13,1.06,2026-09-19,1304,A,100,6.1NRT,301.23,133.36,D
60.42707,96.50735,317.18,3.87,1.83,2026-09-19,432,T,77,6.1NRT,281.62,132.98,D
-16.28786,130.13564,325.86,4.47,1.94,2026-09-19,629,A,41,6.1NRT,296.09,132.93,D
-16.52046,35.8843,345.74,2.08,1.4,2026-09-19,1304,A,93,6.1NRT,300.91,131.74,D
-18.70169,145.69751,354.29,1.57,1.23,2026-09-19,627,A,97,6.1NRT,296.53,131.6,D
-3.08203,112.57086,376.16,1.0,1.0,2026-09-19,811,A,100,6.1NRT,300.84,131.37,D
-12.76927,130.93109,329.89,3.45,1.75,2026-09-19,629,A,77,6.1NRT,292.02,131.03,D
-5.7339,35.0676,355.15,1.63,1.26,2026-09-19,1306,A,97,6.1NRT,306.92,130.82,D
-13.06531,37.6891,362.05,1.36,1.16,2026-09-19,1304,A,100,6.1NRT,301.2,130.43,D
-2.81294,35.75985,363.4,1.32,1.14,2026-09-19,1306,A,100,6.1NRT,304.58,129.93,D
-19.4199,137.06447,360.53,1.46,1.2,2026-09-19,629,A,100,6.1NRT,311.92,129.77,D
-23.85037,135.24492,342.43,2.3,1.47,2026-09-19,627,A,90,6.1NRT,309.08,128.35,D
-15.54144,133.87065,342.99,2.22,1.44,2026-09-19,629,A,86,6.1NRT,296.91,127.33,D
-3.14931,113.77174,333.13,2.93,1.63,2026-09-19,134,T,86,6.1NRT,295.08,126.39,D
-2.75769,112.81002,374.51,1.0,1.0,2026-09-19,811,A,100,6.1NRT,300.66,126.01,D
-5.43571,34.6456,350.96,1.74,1.29,2026-09-19,1306,A,95,6.1NRT,301.23,125.61,D
-1.851,103.97794,367.03,1.16,1.07,2026-09-19,134,T,100,6.1NRT,295.72,124.4,D
-3.14229,113.84323,375.01,1.02,1.01,2026-09-19,811,A,100,6.1NRT,308.29,124.39,D
-1.40527,29.20369,358.43,1.31,1.14,2026-09-19,629,T,86,6.1NRT,275.92,124.28,D
-16.99986,135.86243,343.24,1.94,1.36,2026-09-19,1208,T,100,6.1NRT,295.76,124.04,N
-21.69456,44.90571,372.52,1.07,1.03,2026-09-19,1301,A,87,6.1NRT,309.59,124.0,D
6.19031,35.12359,372.43,1.04,1.02,2026-09-19,627,T,100,6.1NRT,298.64,123.36,D
-22.1817,131.65224,326.12,4.08,1.87,2026-09-19,627,A,77,6.1NRT,305.98,122.96,D
9.61854,-63.72853,371.93,1.02,1.01,2026-09-19,48,T,100,6.1NRT,295.61,122.83,N
-10.72045,26.74181,357.13,1.4,1.17,2026-09-19,631,T,98,6.1NRT,297.38,122.43,D
-7.50049,29.95141,319.68,4.54,1.96,2026-09-19,1304,A,65,6.1NRT,292.96,121.43,D
-2.49294,111.51254,321.8,3.85,1.83,2026-09-19,1353,T,100,6.1NRT,288.24,121.42,N
-19.54453,33.02234,324.61,3.85,1.83,2026-09-19,1301,A,78,6.1NRT,293.32,121.2,D
-6.50136,37.42573,366.24,1.17,1.08,2026-09-19,1304,A,100,6.1NRT,303.83,120.52,D
-3.13639,112.88737,373.92,1.0,1.0,2026-09-19,811,A,100,6.1NRT,304.83,120.33,D
-3.025,104.03602,368.6,1.08,1.04,2026-09-19,1353,T,100,6.1NRT,299.12,119.72,N
60.90784,112.08065,314.8,3.64,1.79,2026-09-19,1051,T,90,6.1NRT,273.71,119.59,N
-17.0067,135.85815,342.24,1.94,1.36,2026-09-19,1208,T,100,6.1NRT,295.33,119.29,N
-3.77175,105.54956,360.68,1.26,1.12,2026-09-19,1353,T,100,6.1NRT,298.59,119.23,N
-15.65404,133.91273,341.84,2.21,1.44,2026-09-19,629,A,91,6.1NRT,301.07,119.15,D
2.31987,117.9013,341.84,2.16,1.43,2026-09-19,811,A,86,6.1NRT,291.28,119.05,D
-2.8193,-50.4848,317.79,4.38,1.93,2026-09-19,41,T,96,6.1NRT,291.77,118.82,N
-3.0006,113.98895,371.85,1.03,1.01,2026-09-19,811,A,100,6.1NRT,302.34,118.07,D
-5.73267,35.06245,352.3,1.63,1.26,2026-09-19,1306,A,96,6.1NRT,308.02,117.65,D
60.92087,112.13647,314.89,3.62,1.78,2026-09-19,1051,T,90,6.1NRT,275.08,117.57,N
-3.18731,111.9726,371.28,1.03,1.01,2026-09-19,811,A,100,6.1NRT,303.01,117.41,D
-15.67771,133.60254,338.87,2.34,1.48,2026-09-19,629,A,89,6.1NRT,298.61,117.06,D
-17.67203,33.39519,328.24,3.39,1.74,2026-09-19,1301,A,80,6.1NRT,296.81,115.87,D
-3.64734,104.67346,369.67,1.05,1.02,2026-09-19,134,T,100,6.1NRT,302.74,115.44,D
-12.78809,130.90236,328.61,3.47,1.75,2026-09-19,629,A,76,6.1NRT,292.5,114.94,D
-2.15073,110.23582,326.71,3.08,1.67,2026-09-19,1353,T,100,6.1NRT,292.34,114.6,N
-10.71391,-60.72271,332.66,2.69,1.57,2026-09-19,1304,T,86,6.1NRT,294.41,113.89,D
-13.02415,38.91045,365.51,1.15,1.07,2026-09-19,1304,A,100,6.1NRT,303.68,113.65,D
-2.89004,-57.78729,326.49,3.51,1.76,2026-09-19,1304,T,81,6.1NRT,296.26,113.2,D
-19.40058,137.04797,356.2,1.47,1.2,2026-09-19,629,A,98,6.1NRT,309.88,112.64,D
3.33227,33.70459,355.01,1.48,1.2,2026-09-19,1308,A,97,6.1NRT,303.79,112.58,D
-3.17298,111.90187,320.34,4.03,1.86,2026-09-19,1353,T,98,6.1NRT,290.41,112.34,N
-2.76025,112.79263,370.87,1.0,1.0,2026-09-19,811,A,100,6.1NRT,311.31,112.09,D
-2.73339,112.97525,371.22,1.0,1.0,2026-09-19,811,A,100,6.1NRT,312.53,111.4,D
-3.09419,113.86332,370.64,1.02,1.01,2026-09-19,811,A,100,6.1NRT,308.16,111.33,D
37.61778,-119.61124,367.08,1.01,1.0,2026-09-19,412,T,100,6.1NRT,290.63,111.32,N
-17.9062,33.31272,328.31,3.47,1.75,2026-09-19,1301,A,76,6.1NRT,297.88,111.03,D
-12.90693,141.81424,365.25,1.12,1.05,2026-09-19,629,A,100,6.1NRT,303.31,110.77,D
-8.7952,30.82549,324.54,4.03,1.86,2026-09-19,1304,A,54,6.1NRT,295.42,110.22,D
-16.99183,135.8737,340.09,1.95,1.36,2026-09-19,1208,T,100,6.1NRT,295.78,109.89,N
30.75063,48.29714,337.57,2.75,1.59,2026-09-19,618,T,84,6.1NRT,310.94,109.88,D
-24.02205,132.34129,324.83,3.82,1.83,2026-09-19,627,A,75,6.1NRT,301.58,109.77,D
-18.74414,33.97709,329.83,3.16,1.68,2026-09-19,1301,A,34,6.1NRT,297.45,109.48,D
-3.06589,113.93203,370.83,1.03,1.01,2026-09-19,811,A,100,6.1NRT,304.32,109.28,D
-3.1902,111.89041,369.26,1.04,1.02,2026-09-19,811,A,100,6.1NRT,302.96,108.74,D
-3.10907,111.87196,369.08,1.04,1.02,2026-09-19,811,A,100,6.1NRT,303.68,108.22,D
-3.01455,104.04417,364.87,1.08,1.04,2026-09-19,1353,T,100,6.1NRT,297.26,107.1,N
-11.43636,31.97378,324.83,3.57,1.77,2026-09-19,1304,A,77,6.1NRT,293.72,107.09,D
-3.24656,111.81562,368.9,1.04,1.02,2026-09-19,811,A,75,6.1NRT,304.56,106.61,D
-2.55126,116.03146,358.2,1.3,1.13,2026-09-19,811,A,99,6.1NRT,302.71,106.49,D
-1.71236,112.81831,369.08,1.0,1.0,2026-09-19,811,A,100,6.1NRT,301.55,106.22,D
-23.65281,134.48683,357.83,1.21,1.09,2026-09-19,1206,T,100,6.1NRT,296.37,105.99,N
-23.46692,150.41287,330.65,2.75,1.59,2026-09-19,627,A,83,6.1NRT,300.73,105.94,D
60.42609,96.50767,336.06,1.87,1.34,2026-09-19,1229,T,100,6.1NRT,280.0,104.68,N
-3.18673,113.91936,369.68,1.03,1.01,2026-09-19,811,A,100,6.1NRT,303.9,104.65,D
-11.11294,-49.44918,340.65,2.01,1.38,2026-09-19,1128,T,90,6.1NRT,302.76,104.45,D
48.29116,37.7877,325.25,3.18,1.69,2026-09-19,1318,A,81,6.1NRT,297.19,104.44,D
25.15563,52.8806,323.56,3.73,1.81,2026-09-19,444,T,77,6.1NRT,304.77,103.89,D
-15.66341,133.61488,337.12,2.33,1.48,2026-09-19,629,A,56,6.1NRT,296.05,103.74,D
-11.91288,-50.10601,338.14,2.19,1.43,2026-09-19,1128,T,89,6.1NRT,301.98,103.65,D
-2.39792,116.31049,354.79,1.36,1.16,2026-09-19,811,A,97,6.1NRT,300.61,103.35,D
66.95472,75.53824,339.71,1.71,1.28,2026-09-19,1009,A,86,6.1NRT,280.55,102.87,D
67.55377,83.21139,316.71,3.49,1.76,2026-09-19,654,A,67,6.1NRT,283.35,102.57,D
-17.00375,135.87602,338.03,1.95,1.36,2026-09-19,1208,T,100,6.1NRT,295.33,102.54,N
-2.7743,112.83595,367.79,1.0,1.0,2026-09-19,811,A,100,6.1NRT,300.35,102.34,D
-8.7952,36.61293,351.11,1.4,1.17,2026-09-19,1304,A,90,6.1NRT,292.69,102.16,D
-2.85686,102.98617,366.16,1.01,1.01,2026-09-19,1353,T,100,6.1NRT,293.91,102.01,N
-33.59938,135.43213,327.43,2.97,1.64,2026-09-19,625,A,83,6.1NRT,304.22,101.91,D
-2.90744,105.11061,366.01,1.03,1.01,2026-09-19,134,T,100,6.1NRT,297.89,101.72,D
-1.57144,111.20105,364.59,1.06,1.03,2026-09-19,811,A,100,6.1NRT,299.13,101.39,D
-3.18992,111.95467,366.72,1.03,1.01,2026-09-19,811,A,100,6.1NRT,300.48,101.36,D
-3.19617,111.97392,366.21,1.03,1.01,2026-09-19,811,A,100,6.1NRT,302.04,101.24,D
-2.78548,110.98775,363.63,1.11,1.05,2026-09-19,811,A,100,6.1NRT,301.69,101.13,D
-3.43565,104.87063,366.49,1.04,1.02,2026-09-19,134,T,100,6.1NRT,303.77,100.9,D
-4.06587,119.80927,326.24,2.78,1.59,2026-09-19,1212,T,100,6.1NRT,293.58,100.86,N
-1.78358,110.6945,362.51,1.12,1.05,2026-09-19,811,A,100,6.1NRT,297.29,100.86,D
-2.64265,110.32673,359.97,1.19,1.09,2026-09-19,811,A,99,6.1NRT,299.76,100.83,D
46.62088,34.78144,320.69,4.38,1.93,2026-09-19,754,T,74,6.1NRT,298.43,100.82,D
-3.04625,113.9866,365.94,1.03,1.01,2026-09-19,811,A,100,6.1NRT,306.8,100.6,D
48.13637,35.88854,332.33,2.49,1.52,2026-09-19,1318,A,86,6.1NRT,298.74,100.28,D
-7.5143,29.94993,317.22,4.54,1.96,2026-09-19,1304,A,56,6.1NRT,293.47,100.0,D
-33.60131,135.43947,326.85,2.97,1.64,2026-09-19,625,A,83,6.1NRT,303.42,99.56,D
-3.2472,113.90438,328.91,3.02,1.65,2026-09-19,134,T,64,6.1NRT,293.67,99.38,D
-20.44416,-59.21549,358.48,1.17,1.08,2026-09-19,37,T,100,6.1NRT,298.5,99.25,N
-3.25988,113.90936,328.42,3.02,1.65,2026-09-19,134,T,61,6.1NRT,293.19,98.7,D
-3.15579,113.79125,329.34,2.94,1.63,2026-09-19,134,T,83,6.1NRT,295.34,98.65,D
-7.83606,36.95279,355.04,1.29,1.13,2026-09-19,1304,A,98,6.1NRT,302.21,98.44,D
-3.19254,111.93669,365.72,1.03,1.02,2026-09-19,811,A,100,6.1NRT,302.62,97.88,D
66.94556,75.52506,310.74,3.6,1.78,2026-09-19,1234,T,81,6.1NRT,271.56,97.1,D
-3.05387,114.01263,365.31,1.03,1.02,2026-09-19,811,A,100,6.1NRT,305.35,96.54,D
-15.99687,32.10215,323.92,4.05,1.87,2026-09-19,1304,A,75,6.1NRT,299.83,96.41,D
-17.51298,34.98628,335.03,2.53,1.53,2026-09-19,1301,A,86,6.1NRT,305.36,96.4,D
28.909,19.78339,340.14,1.68,1.28,2026-09-19,219,A,100,6.1NRT,293.56,96.33,N
-7.76087,30.18823,318.08,4.38,1.93,2026-09-19,1304,A,68,6.1NRT,294.59,96.32,D
-2.74255,112.85221,366.17,1.0,1.0,2026-09-19,811,A,100,6.1NRT,302.48,96.23,D
-16.79924,46.38979,350.05,1.5,1.21,2026-09-19,1301,A,95,6.1NRT,303.67,96.22,D
30.75642,48.26997,335.62,2.74,1.58,2026-09-19,618,T,82,6.1NRT,309.64,96.09,D
-0.53828,112.12421,365.55,1.0,1.0,2026-09-19,811,A,100,6.1NRT,299.29,96.05,D
25.16497,52.88708,323.44,3.73,1.81,2026-09-19,444,T,67,6.1NRT,303.96,95.76,D
28.90801,19.77763,339.95,1.68,1.28,2026-09-19,219,A,100,6.1NRT,293.42,95.69,N
-33.61396,135.43356,326.22,2.97,1.64,2026-09-19,625,A,82,6.1NRT,302.05,95.47,D
-3.08941,112.31458,364.94,1.01,1.01,2026-09-19,811,A,75,6.1NRT,299.21,95.45,D
0.71634,111.1738,362.61,1.03,1.01,2026-09-19,811,A,100,6.1NRT,286.48,94.57,D
-7.86116,-44.86782,361.15,1.11,1.05,2026-09-19,1128,T,100,6.1NRT,309.16,94.57,D
60.42946,96.26803,311.39,3.8,1.82,2026-09-19,432,T,71,6.1NRT,282.06,94.41,D
67.54393,83.23277,315.83,3.25,1.7,2026-09-19,610,T,0,6.1NRT,283.38,94.4,D
-23.64135,134.49655,354.49,1.21,1.1,2026-09-19,1206,T,100,6.1NRT,294.45,94.22,N
-17.9906,-62.20912,340.65,1.69,1.28,2026-09-19,39,T,100,6.1NRT,293.9,93.37,N
35.6849,43.87635,359.16,1.17,1.08,2026-09-19,618,T,99,6.1NRT,306.72,93.32,D
48.29239,37.79211,323.44,3.18,1.69,2026-09-19,1318,A,79,6.1NRT,297.21,93.19,D
-18.93405,33.74708,324.84,3.32,1.72,2026-09-19,1301,A,60,6.1NRT,295.71,93.09,D
-12.34591,-50.69802,324.3,2.65,1.56,2026-09-19,724,A,100,6.1NRT,292.53,93.09,N
-3.25562,113.89964,365.01,1.02,1.01,2026-09-19,811,A,100,6.1NRT,310.83,92.55,D
4.66568,32.40016,345.12,1.76,1.3,2026-09-19,1308,A,92,6.1NRT,300.4,92.47,D
-12.30905,136.6104,354.57,1.26,1.11,2026-09-19,629,A,97,6.1NRT,297.45,91.85,D
-18.18338,33.28956,325.49,3.51,1.76,2026-09-19,1301,A,66,6.1NRT,298.78,91.75,D
30.82471,-93.27644,361.78,1.01,1.01,2026-09-19,230,T,100,6.1NRT,297.38,91.23,N
-10.71565,-60.73438,357.99,1.11,1.05,2026-09-19,39,T,100,6.1NRT,296.54,91.2,N
-2.6448,112.88441,364.88,1.0,1.0,2026-09-19,811,A,100,6.1NRT,305.54,91.15,D
-19.42122,34.00695,323.85,3.21,1.7,2026-09-19,1301,A,67,6.1NRT,296.01,90.93,D
-1.84956,103.96779,357.86,1.16,1.07,2026-09-19,134,T,99,6.1NRT,297.52,90.75,D
-3.00946,113.99027,363.56,1.03,1.01,2026-09-19,811,A,100,6.1NRT,301.74,90.72,D
-5.33653,31.11592,326.38,3.35,1.73,2026-09-19,1306,A,75,6.1NRT,298.16,90.66,D
-15.97609,33.81043,328.66,2.97,1.64,2026-09-19,1304,A,80,6.1NRT,300.03,90.55,D
60.91737,112.07073,309.35,3.97,1.85,2026-09-19,828,A,68,6.1NRT,281.21,90.47,D
-3.00282,114.03519,363.04,1.03,1.02,2026-09-19,811,A,100,6.1NRT,308.24,90.11,D
-2.68277,110.61974,357.92,1.15,1.07,2026-09-19,811,A,99,6.1NRT,299.3,90.02,D
46.6175,34.77485,319.3,4.38,1.93,2026-09-19,754,T,72,6.1NRT,298.35,89.99,D
60.41257,96.20699,309.14,4.05,1.87,2026-09-19,652,A,68,6.1NRT,283.27,89.94,D
-22.19149,131.62225,321.99,4.11,1.88,2026-09-19,627,A,71,6.1NRT,304.92,89.4,D
-2.79796,112.85722,365.2,1.0,1.0,2026-09-19,811,A,100,6.1NRT,304.58,89.38,D
-2.51502,111.58452,317.2,3.9,1.84,2026-09-19,1353,T,61,6.1NRT,287.87,89.14,N
-12.3798,29.63695,362.56,1.01,1.0,2026-09-19,631,T,100,6.1NRT,300.07,89.11,D
-3.09112,113.94491,363.99,1.03,1.01,2026-09-19,811,A,100,6.1NRT,308.81,89.05,D
-5.64365,34.38498,340.54,1.84,1.33,2026-09-19,1306,A,89,6.1NRT,302.31,89.03,D
-11.4193,32.59756,326.52,3.18,1.69,2026-09-19,1304,A,75,6.1NRT,295.99,88.73,D
-19.24413,32.89687,320.3,3.9,1.84,2026-09-19,1301,A,74,6.1NRT,296.63,88.48,D
-13.49491,23.77761,333.94,2.07,1.4,2026-09-19,631,T,87,6.1NRT,295.86,88.42,D
-5.4712,34.16052,340.26,1.9,1.35,2026-09-19,1306,A,89,6.1NRT,304.3,88.26,D
-4.92483,35.01595,346.05,1.6,1.25,2026-09-19,1306,A,92,6.1NRT,305.56,88.15,D
-11.90946,-50.11865,335.05,2.19,1.44,2026-09-19,1128,T,87,6.1NRT,301.24,88.05,D
67.54558,83.23567,312.9,3.49,1.76,2026-09-19,654,A,64,6.1NRT,283.64,87.86,D
-11.7644,133.14609,333.7,2.21,1.44,2026-09-19,629,A,86,6.1NRT,292.78,87.85,D
11.62597,-70.23384,328.23,2.4,1.49,2026-09-19,48,T,100,6.1NRT,292.99,87.81,N
-3.26171,113.90246,324.85,3.02,1.65,2026-09-19,134,T,79,6.1NRT,292.54,87.19,D
6.19636,35.08584,358.61,1.11,1.05,2026-09-19,1308,A,99,6.1NRT,298.15,86.97,D
-17.91255,33.24892,323.47,3.51,1.76,2026-09-19,1301,A,75,6.1NRT,297.08,86.97,D
-2.75125,112.22219,362.51,1.01,1.01,2026-09-19,811,A,87,6.1NRT,302.01,86.77,D
60.43729,96.53372,309.23,3.95,1.85,2026-09-19,652,A,68,6.1NRT,281.89,86.53,D
47.95653,35.9749,315.91,4.5,1.95,2026-09-19,752,T,72,6.1NRT,295.1,86.25,D
-3.16178,112.02369,361.44,1.03,1.01,2026-09-19,811,A,100,6.1NRT,301.15,86.12,D
-4.05705,119.81436,323.36,2.78,1.59,2026-09-19,1212,T,100,6.1NRT,293.41,86.03,N
-28.51271,152.20102,339.29,1.61,1.25,2026-09-19,1026,T,100,6.1NRT,291.26,85.96,N
-2.83618,-50.48218,313.11,4.38,1.93,2026-09-19,41,T,86,6.1NRT,291.71,85.81,N
-20.95263,34.68561,325.88,2.99,1.64,2026-09-19,1301,A,80,6.1NRT,297.97,85.66,D
-22.1883,131.66061,321.64,4.08,1.87,2026-09-19,627,A,71,6.1NRT,305.73,85.47,D
-8.78675,30.83185,320.15,4.03,1.86,2026-09-19,1304,A,60,6.1NRT,296.01,85.23,D
-11.14952,31.69379,321.18,3.73,1.81,2026-09-19,1304,A,69,6.1NRT,294.01,85.08,D
-17.97755,-62.19495,337.61,1.68,1.28,2026-09-19,39,T,100,6.1NRT,291.36,85.0,N
-2.78432,112.82854,363.09,1.0,1.0,2026-09-19,811,A,100,6.1NRT,304.18,84.61,D
28.04925,96.97885,320.69,2.97,1.64,2026-09-19,820,A,79,6.1NRT,287.23,84.6,D
-8.49448,-57.6307,357.34,1.07,1.03,2026-09-19,39,T,100,6.1NRT,296.74,84.55,N
-2.74995,112.23099,361.67,1.01,1.01,2026-09-19,811,A,94,6.1NRT,300.16,84.53,D
-12.35708,36.718,343.93,1.55,1.23,2026-09-19,1304,A,92,6.1NRT,293.26,84.52,D
-2.14979,110.22907,321.42,3.08,1.67,2026-09-19,1353,T,100,6.1NRT,292.26,84.52,N
60.43709,96.2691,309.24,3.8,1.82,2026-09-19,432,T,68,6.1NRT,281.79,84.31,D
-12.57345,136.2547,350.24,1.33,1.14,2026-09-19,629,A,95,6.1NRT,301.18,84.25,D
60.14427,109.08676,315.56,2.93,1.63,2026-09-19,117,T,76,6.1NRT,276.25,84.21,D
-3.24297,114.65887,358.83,1.08,1.04,2026-09-19,809,A,99,6.1NRT,301.86,84.19,D
-17.49128,35.63361,334.39,2.25,1.45,2026-09-19,1301,A,86,6.1NRT,304.8,84.1,D
60.42554,96.5174,352.98,1.1,1.05,2026-09-19,253,T,97,6.1NRT,283.01,84.02,D
-3.0056,114.03544,326.73,3.06,1.66,2026-09-19,134,T,81,6.1NRT,295.32,83.87,D
-16.01626,47.75768,339.07,1.95,1.36,2026-09-19,1301,A,84,6.1NRT,305.24,83.86,D
4.66232,32.37834,342.02,1.77,1.3,2026-09-19,1308,A,90,6.1NRT,298.51,83.86,D
-2.89415,114.27291,360.6,1.05,1.02,2026-09-19,811,A,100,6.1NRT,304.38,83.72,D
-14.17195,36.79688,343.17,1.63,1.26,2026-09-19,1304,A,91,6.1NRT,298.89,83.18,D
-3.02367,104.04546,356.72,1.08,1.04,2026-09-19,1353,T,100,6.1NRT,297.28,82.61,N
3.26962,33.61364,348.26,1.5,1.21,2026-09-19,1308,A,94,6.1NRT,307.98,82.41,D
-2.51329,112.8504,360.55,1.0,1.0,2026-09-19,811,A,100,6.1NRT,299.02,82.18,D
-4.09191,144.44719,322.33,2.79,1.6,2026-09-19,1034,T,100,6.1NRT,289.68,82.04,N
46.61025,35.61271,315.9,4.82,2.0,2026-09-19,754,T,68,6.1NRT,296.34,81.97,D
-2.68175,112.32868,361.18,1.01,1.0,2026-09-19,811,A,100,6.1NRT,303.07,81.94,D
-3.19729,113.84814,362.28,1.02,1.01,2026-09-19,811,A,100,6.1NRT,303.07,81.81,D
-3.12892,112.87737,361.93,1.0,1.0,2026-09-19,811,A,100,6.1NRT,302.19,81.71,D
-17.66874,33.42663,323.08,3.37,1.73,2026-09-19,1301,A,74,6.1NRT,299.24,81.66,D
-8.75854,-44.22615,359.55,1.04,1.02,2026-09-19,1128,T,99,6.1NRT,306.16,81.53,D
-24.01911,132.37762,321.07,3.8,1.82,2026-09-19,627,A,68,6.1NRT,301.36,81.39,D
-1.56069,110.84104,315.97,3.53,1.77,2026-09-19,1353,T,90,6.1NRT,289.04,81.33,N
-13.41981,35.7887,337.04,1.9,1.35,2026-09-19,1304,A,88,6.1NRT,299.05,81.29,D
-7.8462,34.47784,338.78,1.96,1.37,2026-09-19,1304,A,69,6.1NRT,295.81,81.21,D
48.42977,42.39858,356.27,1.09,1.04,2026-09-19,614,T,98,6.1NRT,298.74,81.19,D
-2.63009,112.80229,360.72,1.0,1.0,2026-09-19,811,A,100,6.1NRT,299.15,81.01,D
-18.45856,33.37524,321.99,3.49,1.76,2026-09-19,1301,A,66,6.1NRT,293.97,80.92,D
-2.15599,110.23633,354.35,1.19,1.09,2026-09-19,811,A,97,6.1NRT,298.05,80.4,D
-4.5979,105.44012,326.38,3.0,1.65,2026-09-19,809,A,79,6.1NRT,293.97,80.22,D
-14.06939,37.05409,344.32,1.56,1.23,2026-09-19,1304,A,92,6.1NRT,301.99,80.08,D
-14.43456,39.44386,356.04,1.12,1.06,2026-09-19,1304,A,98,6.1NRT,302.06,80.03,D
66.96078,75.541,346.35,1.21,1.09,2026-09-19,28,A,100,6.1NRT,274.65,79.75,N
31.27211,48.11075,334.85,2.6,1.55,2026-09-19,618,T,82,6.1NRT,309.22,79.56,D
-19.41111,137.04942,347.64,1.47,1.2,2026-09-19,629,A,93,6.1NRT,311.39,79.45,D
-10.70615,-60.72724,326.83,2.69,1.57,2026-09-19,1304,T,66,6.1NRT,294.59,79.44,D
-12.42068,141.96176,354.43,1.15,1.07,2026-09-19,629,A,97,6.1NRT,299.63,79.41,D
-3.08979,113.95386,360.02,1.03,1.01,2026-09-19,811,A,100,6.1NRT,302.88,79.33,D
11.73564,-70.19985,326.16,2.37,1.49,2026-09-19,48,T,100,6.1NRT,293.29,79.28,N
-2.79306,112.82984,361.56,1.0,1.0,2026-09-19,811,A,100,6.1NRT,305.81,79.23,D
-12.34305,-50.72156,321.02,2.64,1.56,2026-09-19,724,A,100,6.1NRT,291.72,79.13,N
-2.76218,112.23031,359.46,1.01,1.01,2026-09-19,811,A,75,6.1NRT,302.25,79.07,D
-17.99089,33.66756,323.99,3.26,1.71,2026-09-19,1301,A,72,6.1NRT,299.05,79.04,D
-3.08624,113.91681,361.81,1.03,1.01,2026-09-19,811,A,100,6.1NRT,304.71,79.04,D
25.52689,53.15162,319.67,3.6,1.78,2026-09-19,444,T,71,6.1NRT,302.31,78.88,D
-3.2439,111.83373,359.65,1.04,1.02,2026-09-19,811,A,99,6.1NRT,302.81,78.81,D
-3.85105,138.72076,356.59,1.03,1.01,2026-09-19,631,A,98,6.1NRT,288.99,78.8,D
-17.75526,33.34083,323.81,3.43,1.74,2026-09-19,1301,A,53,6.1NRT,297.68,78.65,D
-3.12427,113.90424,361.34,1.03,1.01,2026-09-19,811,A,100,6.1NRT,304.03,78.57,D
-2.90128,-57.8196,321.42,3.49,1.76,2026-09-19,1304,T,76,6.1NRT,295.22,78.54,D
-3.15275,113.77223,360.96,1.02,1.01,2026-09-19,811,A,100,6.1NRT,312.03,78.35,D
-2.80599,111.16637,355.69,1.09,1.04,2026-09-19,811,A,98,6.1NRT,298.18,78.2,D
-4.55689,-42.97687,359.12,1.02,1.01,2026-09-19,1125,T,99,6.1NRT,301.3,77.66,D
47.94247,35.97272,315.12,4.5,1.95,2026-09-19,752,T,71,6.1NRT,294.75,77.65,D
-23.46293,150.40692,325.08,2.75,1.59,2026-09-19,627,A,78,6.1NRT,300.31,77.56,D
-17.57952,47.56486,338.91,1.76,1.3,2026-09-19,1301,A,89,6.1NRT,302.26,77.36,D
-3.45371,-58.21089,322.31,3.32,1.72,2026-09-19,1304,T,58,6.1NRT,294.47,77.31,D
-3.18678,114.73138,356.46,1.09,1.04,2026-09-19,811,A,98,6.1NRT,302.53,77.19,D
-2.86728,114.26891,357.61,1.05,1.02,2026-09-19,811,A,99,6.1NRT,301.53,77.03,D
-15.49572,47.94492,331.75,2.07,1.4,2026-09-19,1301,A,84,6.1NRT,298.53,76.9,D
-13.91253,131.7952,327.2,3.06,1.66,2026-09-19,629,A,75,6.1NRT,303.41,76.73,D
35.68983,43.88297,324.84,2.27,1.46,2026-09-19,39,A,100,6.1NRT,292.63,76.69,N
-15.99059,32.09694,321.97,4.05,1.87,2026-09-19,1304,A,72,6.1NRT,299.75,76.68,D
-3.19835,113.8908,327.36,3.0,1.65,2026-09-19,134,T,34,6.1NRT,294.21,76.62,D
-3.09997,113.94623,359.03,1.03,1.01,2026-09-19,811,A,99,6.1NRT,308.53,76.4,D
-7.62812,35.25235,340.81,1.69,1.28,2026-09-19,1304,A,90,6.1NRT,303.11,76.3,D
-10.70004,-60.72115,324.68,2.69,1.57,2026-09-19,1304,T,80,6.1NRT,293.53,76.12,D
-3.18366,111.93541,358.45,1.03,1.02,2026-09-19,811,A,99,6.1NRT,300.96,76.07,D
-1.85367,103.94248,320.19,3.57,1.77,2026-09-19,811,A,50,6.1NRT,289.06,75.94,D
-11.10944,-49.44173,334.6,2.01,1.38,2026-09-19,1128,T,86,6.1NRT,302.65,75.81,D
-17.45048,35.99043,333.7,2.11,1.41,2026-09-19,1301,A,85,6.1NRT,302.45,75.76,D
-5.64505,34.3964,337.04,1.83,1.33,2026-09-19,1306,A,86,6.1NRT,300.72,75.59,D
-15.98129,33.78796,325.92,2.99,1.64,2026-09-19,1304,A,77,6.1NRT,300.16,75.57,D
-2.8955,114.26376,357.33,1.05,1.02,2026-09-19,811,A,98,6.1NRT,304.02,75.51,D
-12.83398,34.84793,330.9,2.2,1.44,2026-09-19,1304,A,84,6.1NRT,296.91,75.45,D
-2.72465,112.97396,359.11,1.0,1.0,2026-09-19,811,A,99,6.1NRT,305.0,75.45,D
42.43419,-8.40562,312.16,3.3,1.72,2026-09-19,531,A,84,6.1NRT,287.81,75.37,N
29.43195,118.52455,337.38,1.64,1.26,2026-09-19,124,T,90,6.1NRT,287.63,75.14,D
-18.61717,33.89886,322.3,3.19,1.69,2026-09-19,1301,A,76,6.1NRT,299.18,75.06,D
-13.59153,39.08226,354.18,1.15,1.07,2026-09-19,1304,A,97,6.1NRT,301.67,75.03,D
-19.54772,32.98742,317.71,3.87,1.83,2026-09-19,1301,A,62,6.1NRT,292.17,74.82,D
-20.46159,-47.63249,352.85,1.1,1.05,2026-09-19,1130,T,97,6.1NRT,299.18,74.8,D
-3.03871,113.9763,356.59,1.03,1.01,2026-09-19,811,A,98,6.1NRT,302.31,74.72,D
-15.54135,133.86566,333.0,2.22,1.44,2026-09-19,629,A,75,6.1NRT,296.95,74.57,D
-19.43177,137.19568,346.35,1.44,1.19,2026-09-19,629,A,92,6.1NRT,309.7,74.49,D
-3.15536,113.75453,358.51,1.02,1.01,2026-09-19,811,A,99,6.1NRT,300.46,74.28,D
-10.7064,-60.73565,352.0,1.11,1.05,2026-09-19,39,T,100,6.1NRT,295.68,74.01,N
-3.15286,113.7972,325.18,2.94,1.63,2026-09-19,134,T,65,6.1NRT,294.68,73.98,D
-17.91612,33.24184,321.52,3.51,1.76,2026-09-19,1301,A,69,6.1NRT,297.8,73.92,D
67.54836,83.21197,352.0,1.04,1.02,2026-09-19,830,A,73,6.1NRT,287.83,73.9,D
-17.62748,48.1405,332.23,1.94,1.36,2026-09-19,1301,A,84,6.1NRT,296.69,73.76,D
-9.96191,-46.57108,348.12,1.3,1.13,2026-09-19,1128,T,94,6.1NRT,303.69,73.71,D
-3.24537,113.91125,324.61,3.02,1.65,2026-09-19,134,T,42,6.1NRT,293.13,73.61,D
-7.11605,-44.03745,356.24,1.05,1.02,2026-09-19,1128,T,98,6.1NRT,306.15,73.6,D
-2.87304,114.59798,355.12,1.08,1.04,2026-09-19,811,A,97,6.1NRT,301.43,73.52,D
-12.77272,130.9005,321.52,3.47,1.75,2026-09-19,629,A,68,6.1NRT,293.15,73.14,D
-0.60901,111.97195,356.3,1.01,1.0,2026-09-19,811,A,98,6.1NRT,294.0,73.09,D
-15.46033,14.51056,316.23,3.97,1.85,2026-09-19,811,T,72,6.1NRT,296.71,73.01,D
-16.97221,33.71381,324.24,3.13,1.68,2026-09-19,1304,A,75,6.1NRT,301.63,72.87,D
-4.50582,105.44854,324.64,2.99,1.64,2026-09-19,811,A,78,6.1NRT,293.64,72.79,D
-2.75126,110.28545,350.48,1.2,1.09,2026-09-19,811,A,95,6.1NRT,299.3,72.6,D
-2.29244,110.21481,318.68,3.05,1.66,2026-09-19,1353,T,97,6.1NRT,292.49,72.59,N
-13.02039,39.07666,353.82,1.13,1.06,2026-09-19,1304,A,97,6.1NRT,303.58,72.4,D
-1.89484,115.97049,346.62,1.32,1.14,2026-09-19,811,A,93,6.1NRT,298.27,72.3,D
46.61004,35.60781,314.42,4.82,2.0,2026-09-19,754,T,64,6.1NRT,296.36,72.25,D
-2.51235,112.32819,307.78,4.47,1.94,2026-09-19,1353,T,57,6.1NRT,278.87,72.23,N
-3.15244,113.76581,323.78,2.93,1.63,2026-09-19,134,T,78,6.1NRT,294.4,72.14,D
-29.16617,152.14841,333.13,1.66,1.27,2026-09-19,1026,T,100,6.1NRT,290.66,72.11,N
17.84288,-93.10455,318.86,2.65,1.56,2026-09-19,1034,A,98,6.1NRT,282.61,71.76,N
25.5375,53.15842,318.68,3.6,1.78,2026-09-19,442,T,70,6.1NRT,302.3,71.59,D
-9.40319,37.83876,349.93,1.2,1.09,2026-09-19,1304,A,95,6.1NRT,301.53,71.52,D
67.54279,83.23381,312.24,3.25,1.7,2026-09-19,610,T,55,6.1NRT,283.3,71.5,D
24.63396,46.77727,330.6,3.0,1.65,2026-09-19,622,T,74,6.1NRT,308.82,71.41,D
-2.57914,112.2181,357.02,1.01,1.01,2026-09-19,811,A,98,6.1NRT,300.83,71.36,D
-12.3534,36.74563,339.83,1.55,1.23,2026-09-19,1304,A,78,6.1NRT,294.65,71.2,D
-18.93537,33.7406,320.54,3.32,1.72,2026-09-19,1301,A,65,6.1NRT,296.81,70.85,D
-3.22838,111.8776,355.69,1.04,1.02,2026-09-19,811,A,98,6.1NRT,300.3,70.83,D
-4.5556,-42.9858,356.0,1.02,1.01,2026-09-19,1125,T,98,6.1NRT,299.51,70.7,D
3.27157,33.62668,344.88,1.5,1.21,2026-09-19,1308,A,92,6.1NRT,307.45,70.44,D
60.43774,96.22868,325.09,1.91,1.35,2026-09-19,1232,T,100,6.1NRT,276.47,70.26,N
-2.85564,102.99502,354.54,1.01,1.01,2026-09-19,1353,T,100,6.1NRT,293.43,70.16,N
-15.49177,47.93697,329.94,2.07,1.4,2026-09-19,1301,A,83,6.1NRT,299.07,70.15,D
-1.68313,112.45319,356.52,1.0,1.0,2026-09-19,811,A,98,6.1NRT,300.58,70.1,D
-21.47828,44.75544,356.46,1.06,1.03,2026-09-19,1301,A,92,6.1NRT,309.5,69.92,D
-15.97823,33.81555,325.07,2.97,1.64,2026-09-19,1304,A,76,6.1NRT,300.01,69.89,D
37.59015,-119.59897,352.53,1.01,1.0,2026-09-19,412,T,100,6.1NRT,287.35,69.85,N
65.5404,83.0064,314.29,2.88,1.62,2026-09-19,1009,A,70,6.1NRT,284.75,69.81,D
-8.79107,30.79694,318.03,4.05,1.87,2026-09-19,1304,A,48,6.1NRT,292.2,69.76,D
28.49206,49.71738,317.75,3.92,1.84,2026-09-19,620,T,68,6.1NRT,302.09,69.72,D
48.02443,37.46408,320.86,3.03,1.66,2026-09-19,1318,A,71,6.1NRT,295.79,69.63,D
-29.82331,151.19237,325.47,1.96,1.37,2026-09-19,1026,T,100,6.1NRT,289.08,69.48,N
-3.18131,111.8891,355.82,1.04,1.02,2026-09-19,811,A,98,6.1NRT,301.85,69.23,D
-8.42738,30.34077,319.14,4.34,1.92,2026-09-19,1304,A,54,6.1NRT,296.35,69.16,D
-17.9811,-62.22612,333.22,1.69,1.28,2026-09-19,39,T,100,6.1NRT,292.32,68.84,N
-15.54377,39.34195,350.84,1.17,1.08,2026-09-19,1304,A,96,6.1NRT,301.15,68.81,D
-20.957,34.66251,322.76,3.0,1.65,2026-09-19,1301,A,76,6.1NRT,297.9,68.56,D
-6.45007,140.25549,350.75,1.11,1.05,2026-09-19,631,A,72,6.1NRT,290.73,68.5,D
-15.96294,26.15821,345.9,1.28,1.12,2026-09-19,631,T,93,6.1NRT,298.54,68.47,D
-3.07519,113.86959,355.01,1.02,1.01,2026-09-19,811,A,97,6.1NRT,298.52,68.33,D
-2.89757,-57.82475,319.79,3.49,1.76,2026-09-19,1304,T,73,6.1NRT,295.35,68.15,D
-20.43464,-59.21684,347.68,1.17,1.08,2026-09-19,37,T,100,6.1NRT,296.22,68.1,N
-3.2297,111.86858,355.06,1.04,1.02,2026-09-19,811,A,97,6.1NRT,300.63,67.89,D
-7.62771,35.24543,338.05,1.69,1.28,2026-09-19,1304,A,88,6.1NRT,303.02,67.84,D
-2.89952,105.13027,346.51,1.22,1.1,2026-09-19,1353,T,100,6.1NRT,294.83,67.8,N
-3.24257,111.84277,355.04,1.04,1.02,2026-09-19,811,A,97,6.1NRT,301.87,67.67,D
34.89844,43.80799,350.9,1.19,1.09,2026-09-19,618,T,95,6.1NRT,308.82,67.65,D
-17.07915,33.85138,322.72,3.06,1.66,2026-09-19,1304,A,73,6.1NRT,301.08,67.46,D
-3.22025,114.63042,352.5,1.08,1.04,2026-09-19,809,A,96,6.1NRT,301.55,67.39,D
-14.26793,25.30393,338.48,1.54,1.22,2026-09-19,631,T,90,6.1NRT,296.89,67.24,D
-3.13346,113.84191,356.52,1.02,1.01,2026-09-19,811,A,98,6.1NRT,304.6,67.16,D
32.24419,51.43343,350.99,1.01,1.0,2026-09-19,39,A,100,6.1NRT,291.4,67.07,N
-1.55146,110.15961,317.52,3.11,1.67,2026-09-19,1353,T,95,6.1NRT,289.7,67.0,N
-7.12506,-44.0387,353.81,1.05,1.02,2026-09-19,1128,T,97,6.1NRT,305.41,66.81,D
-20.95426,34.69043,322.48,2.99,1.64,2026-09-19,1301,A,76,6.1NRT,297.87,66.81,D
-12.31881,136.61186,346.92,1.26,1.11,2026-09-19,629,A,94,6.1NRT,299.17,66.76,D
-18.19959,33.55013,322.03,3.35,1.73,2026-09-19,1301,A,74,6.1NRT,298.99,66.59,D
-24.02694,132.3752,318.63,3.8,1.82,2026-09-19,627,A,60,6.1NRT,300.7,66.53,D
-12.68826,132.97539,328.77,2.36,1.48,2026-09-19,629,A,76,6.1NRT,298.01,66.48,D
-16.99679,135.88017,328.32,1.95,1.36,2026-09-19,1208,T,100,6.1NRT,294.83,66.48,N
-3.39444,114.76525,352.88,1.09,1.04,2026-09-19,809,A,96,6.1NRT,306.77,66.29,D
42.43393,-8.40147,309.87,3.3,1.72,2026-09-19,531,A,79,6.1NRT,287.55,66.24,N
-18.3924,35.38376,324.19,2.43,1.5,2026-09-19,1301,A,78,6.1NRT,298.09,66.09,D
-17.59092,47.56664,335.83,1.76,1.3,2026-09-19,1301,A,87,6.1NRT,302.61,66.04,D
-2.54959,116.04281,345.64,1.3,1.13,2026-09-19,811,A,93,6.1NRT,302.17,66.03,D
-5.79891,35.00407,338.87,1.65,1.26,2026-09-19,1306,A,88,6.1NRT,305.16,65.97,D
46.22761,33.21246,317.64,3.75,1.81,2026-09-19,754,T,72,6.1NRT,297.41,65.89,D
-3.12145,114.29699,352.62,1.05,1.02,2026-09-19,811,A,96,6.1NRT,300.55,65.87,D
-1.60298,115.79227,344.63,1.29,1.13,2026-09-19,811,A,93,6.1NRT,297.79,65.85,D
-3.1075,113.95649,354.43,1.03,1.01,2026-09-19,811,A,97,6.1NRT,302.3,65.84,D
-18.5721,35.16359,325.7,2.54,1.53,2026-09-19,1301,A,78,6.1NRT,298.04,65.81,D
-13.34061,36.12797,334.39,1.78,1.31,2026-09-19,1304,A,86,6.1NRT,300.72,65.78,D
47.94076,36.02879,312.65,4.54,1.96,2026-09-19,752,T,67,6.1NRT,295.04,65.77,D
-18.83263,48.14301,331.55,1.83,1.33,2026-09-19,1301,A,85,6.1NRT,296.96,65.7,D
-1.98905,111.12576,352.18,1.08,1.04,2026-09-19,811,A,96,6.1NRT,299.19,65.64,D
-13.50451,23.78194,328.61,2.07,1.4,2026-09-19,631,T,84,6.1NRT,295.44,65.63,D
-17.39235,35.91771,331.5,2.13,1.42,2026-09-19,1301,A,83,6.1NRT,302.79,65.61,D
-21.30579,135.7701,334.03,1.93,1.36,2026-09-19,627,A,84,6.1NRT,308.29,65.57,D
-11.01208,31.4605,316.95,3.87,1.83,2026-09-19,1304,A,63,6.1NRT,293.43,65.55,D
-11.76477,133.1512,328.83,2.21,1.44,2026-09-19,629,A,82,6.1NRT,292.68,65.38,D
-3.02632,104.02659,350.29,1.08,1.04,2026-09-19,1353,T,100,6.1NRT,296.41,65.36,N
-16.97324,33.72086,322.96,3.13,1.68,2026-09-19,1304,A,73,6.1NRT,301.22,65.23,D
9.65111,-63.62372,351.9,1.01,1.01,2026-09-19,48,T,100,6.1NRT,294.39,64.99,N
-18.16451,36.45201,331.75,1.99,1.38,2026-09-19,1301,A,84,6.1NRT,301.24,64.91,D
-18.01969,-51.07166,312.75,3.02,1.65,2026-09-19,726,A,86,6.1NRT,288.97,64.89,N
-16.27258,34.26303,326.02,2.76,1.59,2026-09-19,1304,A,77,6.1NRT,302.12,64.83,D
-9.32517,37.42903,345.02,1.26,1.12,2026-09-19,1304,A,93,6.1NRT,298.34,64.77,D
-9.39344,37.60254,346.72,1.23,1.1,2026-09-19,1304,A,93,6.1NRT,300.95,64.67,D
-3.56903,-43.49177,351.71,1.07,1.03,2026-09-19,1125,T,96,6.1NRT,299.25,64.51,D
-6.37819,34.07243,331.79,2.0,1.38,2026-09-19,1306,A,82,6.1NRT,301.46,64.35,D
-2.88682,105.15034,343.83,1.23,1.1,2026-09-19,1353,T,100,6.1NRT,293.6,64.27,N
28.36669,49.63601,317.2,3.9,1.84,2026-09-19,620,T,67,6.1NRT,302.21,64.22,D
-0.54086,112.10676,354.12,1.0,1.0,2026-09-19,811,A,97,6.1NRT,299.01,64.13,D
-1.53287,110.18449,317.38,3.13,1.68,2026-09-19,1353,T,95,6.1NRT,289.8,64.0,N
-15.39271,46.76065,335.34,1.69,1.28,2026-09-19,1304,A,87,6.1NRT,292.89,63.97,D
-8.49314,-57.62122,349.05,1.07,1.03,2026-09-19,39,T,100,6.1NRT,296.68,63.83,N
-8.78314,-48.68562,314.02,3.39,1.74,2026-09-19,724,A,88,6.1NRT,294.1,63.7,N
-1.55624,110.84573,312.81,3.53,1.77,2026-09-19,1353,T,80,6.1NRT,288.7,63.65,N
-2.80777,112.91198,353.9,1.0,1.0,2026-09-19,811,A,97,6.1NRT,300.5,63.46,D
-10.69714,-60.73693,347.44,1.11,1.05,2026-09-19,39,T,100,6.1NRT,294.93,63.27,N
-6.80708,33.92455,330.25,2.09,1.41,2026-09-19,1304,A,80,6.1NRT,300.96,63.26,D
-16.51701,35.48745,329.68,2.23,1.45,2026-09-19,1304,A,81,6.1NRT,298.67,63.22,D
-17.22404,35.68538,329.21,2.21,1.44,2026-09-19,1301,A,81,6.1NRT,302.15,63.17,D
-6.38068,34.05451,331.4,2.01,1.38,2026-09-19,1306,A,81,6.1NRT,300.69,63.12,D
9.64087,-63.56255,352.46,1.0,1.0,2026-09-19,1259,T,97,6.1NRT,292.74,63.11,D
-7.75138,30.2141,314.0,4.34,1.92,2026-09-19,1304,A,27,6.1NRT,295.27,63.02,D
-1.93346,112.63251,354.07,1.0,1.0,2026-09-19,811,A,97,6.1NRT,298.19,63.01,D
-1.87315,113.36971,354.01,1.01,1.01,2026-09-19,811,A,97,6.1NRT,302.59,62.98,D
-16.29247,45.74378,343.24,1.38,1.16,2026-09-19,1301,A,91,6.1NRT,300.63,62.93,D
-20.13871,31.95836,315.65,4.71,1.99,2026-09-19,1301,A,67,6.1NRT,300.82,62.87,D
-2.51548,112.33573,306.73,4.47,1.94,2026-09-19,1353,T,48,6.1NRT,278.62,62.8,N
-17.32781,20.85374,322.26,2.07,1.4,2026-09-19,232,A,100,6.1NRT,285.64,62.7,N
-2.76919,112.87073,354.1,1.0,1.0,2026-09-19,811,A,97,6.1NRT,301.75,62.65,D
-18.70494,145.70506,335.47,1.57,1.23,2026-09-19,627,A,88,6.1NRT,295.56,62.57,D
30.36249,47.34271,333.77,2.42,1.5,2026-09-19,618,T,79,6.1NRT,310.43,62.53,D
30.207,47.38935,333.51,2.46,1.51,2026-09-19,618,T,79,6.1NRT,311.31,62.52,D
4.66722,31.76069,332.62,1.98,1.37,2026-09-19,1308,A,84,6.1NRT,299.65,62.35,D
-3.76193,105.54815,342.17,1.26,1.12,2026-09-19,1353,T,100,6.1NRT,294.32,62.23,N
-3.76976,105.493,342.17,1.25,1.11,2026-09-19,1353,T,100,6.1NRT,294.49,62.17,N
-12.83779,34.83519,327.68,2.21,1.44,2026-09-19,1304,A,81,6.1NRT,296.85,62.14,D
-5.89475,-53.5421,324.4,2.19,1.43,2026-09-19,41,T,100,6.1NRT,294.08,62.03,N
-17.43957,36.65661,333.7,1.87,1.34,2026-09-19,1301,A,85,6.1NRT,301.03,62.01,D
-11.4325,32.00509,317.81,3.55,1.77,2026-09-19,1304,A,65,6.1NRT,290.97,61.95,D
-29.8345,151.19337,325.36,2.22,1.44,2026-09-19,625,A,82,6.1NRT,299.48,61.92,D
-16.6277,35.77772,328.83,2.13,1.42,2026-09-19,1304,A,77,6.1NRT,296.66,61.85,D
-18.16453,33.31993,320.94,3.49,1.76,2026-09-19,1301,A,72,6.1NRT,298.01,61.82,D
-3.12765,112.88607,354.29,1.0,1.0,2026-09-19,811,A,97,6.1NRT,299.71,61.8,D
-3.57038,-43.48241,350.84,1.07,1.03,2026-09-19,1125,T,96,6.1NRT,301.07,61.78,D
-33.60176,135.40068,319.48,2.99,1.64,2026-09-19,625,A,76,6.1NRT,303.41,61.63,D
17.90807,-93.18163,317.99,2.61,1.55,2026-09-19,1034,A,96,6.1NRT,288.24,61.54,N
-19.528,33.25596,315.85,3.68,1.8,2026-09-19,1301,A,66,6.1NRT,295.0,61.54,D
-20.50953,44.79618,352.15,1.08,1.04,2026-09-19,1301,A,90,6.1NRT,305.15,61.53,D
-3.17523,113.93589,354.82,1.03,1.01,2026-09-19,811,A,97,6.1NRT,301.02,61.49,D
-1.84156,103.97924,346.72,1.16,1.07,2026-09-19,134,T,94,6.1NRT,295.0,61.48,D
37.61937,-119.60019,347.5,1.01,1.0,2026-09-19,412,T,100,6.1NRT,283.61,61.31,N
-12.77638,130.89653,320.37,3.47,1.75,2026-09-19,629,A,66,6.1NRT,292.2,61.13,D
-3.18805,113.91045,354.04,1.02,1.01,2026-09-19,811,A,97,6.1NRT,303.78,61.05,D
-19.6677,33.96215,319.52,3.26,1.71,2026-09-19,1301,A,73,6.1NRT,298.29,60.98,D
-6.8816,35.31557,338.83,1.63,1.26,2026-09-19,1304,A,88,6.1NRT,308.15,60.91,D
-17.90804,33.7433,321.44,3.21,1.7,2026-09-19,1301,A,72,6.1NRT,299.06,60.9,D
-2.61759,112.01613,351.92,1.02,1.01,2026-09-19,811,A,96,6.1NRT,299.96,60.9,D
29.22924,19.68459,321.64,4.75,1.99,2026-09-19,1316,A,40,6.1NRT,303.7,60.89,D
-2.7767,114.00758,350.51,1.04,1.02,2026-09-19,811,A,95,6.1NRT,299.15,60.77,D
-35.79253,137.02631,319.94,2.47,1.51,2026-09-19,625,A,79,6.1NRT,293.78,60.7,D
-3.08951,112.58089,352.56,1.0,1.0,2026-09-19,811,A,96,6.1NRT,300.06,60.69,D
-10.93259,-53.95033,331.24,1.65,1.26,2026-09-19,39,T,100,6.1NRT,293.77,60.62,N
-19.33745,34.53778,321.47,2.91,1.63,2026-09-19,1301,A,75,6.1NRT,298.34,60.6,D
-11.10634,30.98901,351.33,1.01,1.0,2026-09-19,631,T,96,6.1NRT,298.05,60.57,D
-3.72746,105.50935,340.93,1.26,1.11,2026-09-19,1353,T,100,6.1NRT,294.74,60.53,N
-4.02977,30.21363,348.18,1.08,1.04,2026-09-19,629,T,95,6.1NRT,289.99,60.47,D
2.31023,117.89546,329.68,2.16,1.43,2026-09-19,811,A,69,6.1NRT,293.43,60.42,D
-15.19186,21.55978,316.66,2.86,1.61,2026-09-19,631,T,0,6.1NRT,285.79,60.26,D
-11.08306,-48.28306,336.65,1.64,1.26,2026-09-19,1128,T,87,6.1NRT,303.2,60.22,D
-2.17729,112.43832,352.21,1.0,1.0,2026-09-19,811,A,96,6.1NRT,296.3,60.21,D
-3.11674,113.894,353.98,1.02,1.01,2026-09-19,811,A,97,6.1NRT,302.4,60.21,D
-3.43155,111.93806,351.11,1.04,1.02,2026-09-19,811,A,96,6.1NRT,299.44,60.19,D
-0.96909,110.64852,348.36,1.1,1.05,2026-09-19,811,A,95,6.1NRT,299.79,60.16,D
9.64987,-63.63267,349.67,1.01,1.01,2026-09-19,48,T,100,6.1NRT,293.55,60.14,N
-3.20797,111.89301,351.98,1.04,1.02,2026-09-19,811,A,96,6.1NRT,299.78,60.13,D
-1.92434,114.01343,350.08,1.05,1.02,2026-09-19,811,A,95,6.1NRT,298.3,60.09,D
-3.13767,112.87867,353.45,1.0,1.0,2026-09-19,811,A,97,6.1NRT,303.01,60.05,D
-18.32758,33.4991,334.23,1.59,1.24,2026-09-19,633,T,88,6.1NRT,297.16,60.02,D
-3.00912,114.06209,321.68,3.08,1.67,2026-09-19,134,T,49,6.1NRT,294.45,59.96,D
-22.18554,131.88789,318.79,3.92,1.84,2026-09-19,627,A,56,6.1NRT,303.59,59.92,D
-29.82644,151.16826,325.52,2.21,1.44,2026-09-19,625,A,81,6.1NRT,300.98,59.86,D
-7.51808,31.38659,318.5,3.47,1.75,2026-09-19,1304,A,62,6.1NRT,294.07,59.77,D
-0.9605,36.43076,346.85,1.14,1.06,2026-09-19,1306,A,94,6.1NRT,301.31,59.76,D
-5.73585,35.05347,337.16,1.64,1.26,2026-09-19,1306,A,86,6.1NRT,305.74,59.75,D
-10.72002,-60.72882,322.35,2.69,1.57,2026-09-19,1304,T,58,6.1NRT,294.51,59.69,D
-19.55717,33.55996,316.85,3.49,1.76,2026-09-19,1301,A,49,6.1NRT,291.94,59.69,D
-2.81358,-50.44653,308.87,4.41,1.93,2026-09-19,41,T,75,6.1NRT,291.77,59.63,N
-5.23375,35.74029,340.88,1.43,1.18,2026-09-19,1306,A,89,6.1NRT,304.62,59.53,D
-18.2721,35.03941,324.52,2.57,1.54,2026-09-19,1301,A,63,6.1NRT,299.77,59.4,D
-2.26169,116.18697,341.72,1.34,1.15,2026-09-19,811,A,91,6.1NRT,300.48,59.24,D
-1.52102,110.2663,314.82,3.18,1.69,2026-09-19,1353,T,90,6.1NRT,289.8,59.08,N
-3.09881,104.43454,344.86,1.12,1.05,2026-09-19,1353,T,100,6.1NRT,287.93,58.97,N
-11.33259,32.0546,317.25,3.51,1.76,2026-09-19,1304,A,58,6.1NRT,293.7,58.91,D
-19.89435,44.70381,349.24,1.09,1.04,2026-09-19,1301,A,94,6.1NRT,305.55,58.89,D
-9.82987,31.47359,317.91,3.71,1.8,2026-09-19,1304,A,67,6.1NRT,295.42,58.85,D
-2.92666,105.18118,349.81,1.02,1.01,2026-09-19,134,T,95,6.1NRT,296.82,58.84,D
6.2582,33.83416,344.32,1.31,1.13,2026-09-19,1308,A,92,6.1NRT,304.35,58.84,D
-17.69158,33.20729,316.74,3.51,1.76,2026-09-19,1301,A,48,6.1NRT,297.38,58.81,D
-20.47664,44.64988,350.33,1.07,1.03,2026-09-19,1301,A,95,6.1NRT,307.78,58.7,D
-6.99288,34.59691,334.8,1.86,1.33,2026-09-19,1304,A,84,6.1NRT,305.48,58.67,D
-2.81352,113.05501,351.83,1.0,1.0,2026-09-19,811,A,96,6.1NRT,299.56,58.64,D
-13.02409,-46.93523,344.0,1.24,1.11,2026-09-19,1128,T,92,6.1NRT,302.28,58.61,D
-3.20085,113.88504,353.42,1.02,1.01,2026-09-19,811,A,97,6.1NRT,302.69,58.5,D
-19.19753,-46.84192,347.2,1.06,1.03,2026-09-19,1130,T,94,6.1NRT,295.66,58.49,D
24.63171,46.7716,328.57,3.0,1.65,2026-09-19,622,T,64,6.1NRT,308.98,58.27,D
11.62347,-70.23891,320.25,2.4,1.49,2026-09-19,48,T,100,6.1NRT,292.57,58.14,N
-33.61639,135.40208,318.62,2.99,1.64,2026-09-19,625,A,75,6.1NRT,302.27,58.14,D
-2.74501,110.88628,346.65,1.12,1.05,2026-09-19,811,A,93,6.1NRT,297.99,58.12,D
-5.33463,31.12058,321.43,3.35,1.73,2026-09-19,1306,A,66,6.1NRT,298.08,58.09,D
-11.83946,-47.63803,339.65,1.43,1.18,2026-09-19,1128,T,89,6.1NRT,302.36,57.9,D
-3.13311,113.90556,353.11,1.03,1.01,2026-09-19,811,A,96,6.1NRT,304.13,57.84,D
-3.24125,111.85181,350.36,1.04,1.02,2026-09-19,811,A,95,6.1NRT,300.52,57.74,D
-3.17558,113.73947,351.17,1.02,1.01,2026-09-19,811,A,95,6.1NRT,300.1,57.7,D
-22.18513,131.61391,317.55,4.11,1.88,2026-09-19,627,A,61,6.1NRT,304.92,57.69,D
-29.81733,151.21275,323.99,2.23,1.45,2026-09-19,625,A,80,6.1NRT,297.85,57.56,D
-2.91636,105.10938,349.98,1.03,1.01,2026-09-19,134,T,95,6.1NRT,297.06,57.51,D
-3.12666,112.69341,352.67,1.0,1.0,2026-09-19,811,A,96,6.1NRT,302.98,57.46,D
-17.58956,47.57332,333.61,1.76,1.3,2026-09-19,1301,A,85,6.1NRT,302.49,57.43,D
65.54572,82.96413,341.0,1.15,1.07,2026-09-19,830,A,92,6.1NRT,287.41,57.42,D
-12.83534,34.85519,326.11,2.2,1.44,2026-09-19,1304,A,79,6.1NRT,295.86,57.4,D
-3.17714,111.98027,350.72,1.03,1.01,2026-09-19,811,A,95,6.1NRT,300.86,57.32,D
-2.7495,114.06239,349.96,1.04,1.02,2026-09-19,811,A,95,6.1NRT,298.33,57.28,D
-12.89433,36.65507,335.21,1.6,1.25,2026-09-19,1304,A,81,6.1NRT,296.89,57.18,D
-6.05014,14.95497,317.77,3.14,1.68,2026-09-19,809,T,73,6.1NRT,290.28,56.96,D
-12.1329,136.25813,342.06,1.31,1.14,2026-09-19,629,A,91,6.1NRT,298.35,56.8,D
-3.09744,104.44434,343.83,1.12,1.06,2026-09-19,1353,T,100,6.1NRT,288.95,56.76,N
-18.1675,36.57611,320.09,2.7,1.57,2026-09-19,633,T,75,6.1NRT,293.8,56.73,D
-15.66473,133.60086,325.3,2.34,1.48,2026-09-19,629,A,71,6.1NRT,298.91,56.63,D
-2.79668,112.86592,352.59,1.0,1.0,2026-09-19,811,A,96,6.1NRT,300.52,56.61,D
-2.85168,102.95839,348.41,1.01,1.0,2026-09-19,1353,T,100,6.1NRT,296.87,56.56,N
-2.67081,113.34008,350.45,1.01,1.0,2026-09-19,811,A,0,6.1NRT,299.75,56.54,D
66.95321,75.51832,329.16,1.51,1.21,2026-09-19,833,A,75,6.1NRT,277.22,56.47,D
-10.52508,-46.71384,342.58,1.3,1.13,2026-09-19,1128,T,91,6.1NRT,305.23,56.46,D
-18.5856,35.1651,322.91,2.54,1.53,2026-09-19,1301,A,76,6.1NRT,298.65,56.39,D
-3.12295,113.91315,352.47,1.03,1.01,2026-09-19,811,A,96,6.1NRT,304.18,56.36,D
17.90093,-93.19032,316.14,2.61,1.55,2026-09-19,1034,A,93,6.1NRT,288.26,56.35,N
-3.19557,113.92068,351.86,1.03,1.01,2026-09-19,811,A,96,6.1NRT,302.54,56.32,D
-19.44385,137.18384,340.38,1.44,1.19,2026-09-19,629,A,88,6.1NRT,308.26,56.31,D
-16.92889,135.95415,324.44,1.98,1.37,2026-09-19,1208,T,100,6.1NRT,293.56,56.28,N
-3.09827,112.58218,351.08,1.0,1.0,2026-09-19,811,A,96,6.1NRT,303.18,56.27,D
67.55032,83.21059,322.34,1.7,1.28,2026-09-19,28,A,100,6.1NRT,275.07,56.26,D
-3.1034,-40.22912,347.56,1.08,1.04,2026-09-19,1125,T,94,6.1NRT,301.13,56.2,D
-10.89534,31.67882,316.49,3.71,1.8,2026-09-19,1304,A,53,6.1NRT,293.4,56.05,D
-17.55786,48.38844,324.69,2.03,1.39,2026-09-19,1301,A,64,6.1NRT,290.85,56.0,D
1.25993,-50.95995,306.13,4.71,1.99,2026-09-19,43,T,67,6.1NRT,291.72,55.94,N
25.1716,52.88184,316.53,3.73,1.81,2026-09-19,444,T,59,6.1NRT,303.23,55.87,D
-8.03943,38.48961,348.03,1.08,1.04,2026-09-19,1304,A,94,6.1NRT,301.59,55.82,D
-16.15128,46.09623,338.29,1.47,1.2,2026-09-19,1301,A,58,6.1NRT,302.04,55.77,D
-13.09306,141.92915,347.19,1.13,1.06,2026-09-19,629,A,94,6.1NRT,302.04,55.76,D
67.551,83.20171,344.74,1.01,1.0,2026-09-19,429,T,0,6.1NRT,285.39,55.76,D
-18.90534,35.79585,324.56,2.29,1.47,2026-09-19,1301,A,67,6.1NRT,298.35,55.75,D
-17.22589,33.61742,320.18,3.21,1.7,2026-09-19,1304,A,69,6.1NRT,300.72,55.68,D
34.90463,43.80232,319.32,2.24,1.45,2026-09-19,39,A,98,6.1NRT,292.63,55.66,N
-3.39265,114.78246,318.7,3.57,1.77,2026-09-19,134,T,71,6.1NRT,296.45,55.63,D
-3.07328,111.86108,348.26,1.04,1.02,2026-09-19,811,A,94,6.1NRT,299.96,55.58,D
-3.10302,113.86465,352.65,1.02,1.01,2026-09-19,811,A,96,6.1NRT,302.49,55.55,D
-16.80156,46.37626,338.13,1.49,1.21,2026-09-19,1301,A,87,6.1NRT,303.85,55.55,D
-2.52203,112.8517,349.4,1.0,1.0,2026-09-19,811,A,95,6.1NRT,299.12,55.46,D
-23.44621,-64.34136,325.7,2.13,1.42,2026-09-19,1308,T,73,6.1NRT,298.63,55.44,D
6.92733,34.49002,343.35,1.17,1.08,2026-09-19,1308,A,70,6.1NRT,299.78,55.44,D
-2.6813,110.62975,345.37,1.15,1.07,2026-09-19,811,A,93,6.1NRT,297.99,55.41,D
-5.89403,-53.54762,322.65,2.19,1.43,2026-09-19,41,T,100,6.1NRT,293.95,55.33,N
48.10006,35.95964,322.12,2.51,1.52,2026-09-19,1318,A,77,6.1NRT,297.64,55.22,D
-2.81693,112.78895,349.74,1.0,1.0,2026-09-19,811,A,95,6.1NRT,302.41,55.18,D
-5.48005,34.14997,331.89,1.91,1.35,2026-09-19,1306,A,82,6.1NRT,303.74,55.18,D
-15.45334,14.51676,313.86,3.97,1.85,2026-09-19,811,T,47,6.1NRT,295.88,55.15,D
-10.99995,-48.32071,308.56,3.92,1.84,2026-09-19,724,A,75,6.1NRT,295.04,55.09,N
-3.45575,-58.20461,317.63,3.32,1.72,2026-09-19,1304,T,69,6.1NRT,294.12,55.05,D
-16.28264,36.78297,330.4,1.76,1.3,2026-09-19,1304,A,82,6.1NRT,297.85,55.03,D
-2.62476,112.89922,350.78,1.0,1.0,2026-09-19,811,A,96,6.1NRT,301.9,54.89,D
-17.48859,35.64715,327.66,2.24,1.45,2026-09-19,1301,A,80,6.1NRT,303.02,54.83,D
-18.75344,34.77982,320.46,2.74,1.58,2026-09-19,1301,A,74,6.1NRT,297.24,54.8,D
-23.44281,-64.35604,326.15,2.12,1.42,2026-09-19,1308,T,84,6.1NRT,298.49,54.79,D
-6.63438,35.12303,335.74,1.67,1.27,2026-09-19,1304,A,85,6.1NRT,306.27,54.73,D
-2.52248,112.33768,349.8,1.01,1.0,2026-09-19,811,A,95,6.1NRT,299.95,54.71,D
-23.64318,134.48499,339.55,1.21,1.09,2026-09-19,1206,T,100,6.1NRT,293.97,54.69,N
-14.44381,39.44537,346.65,1.12,1.06,2026-09-19,1304,A,93,6.1NRT,302.97,54.61,D
-14.25492,25.29178,333.85,1.55,1.23,2026-09-19,631,T,87,6.1NRT,298.25,54.49,D
-12.57503,136.24281,339.99,1.34,1.15,2026-09-19,629,A,90,6.1NRT,300.41,54.44,D
-6.14177,31.45214,319.96,3.25,1.7,2026-09-19,1306,A,61,6.1NRT,297.14,54.41,D
-18.01848,-51.06409,309.87,3.02,1.65,2026-09-19,726,A,79,6.1NRT,288.95,54.12,N
30.83006,-93.28044,333.61,1.38,1.16,2026-09-19,1032,A,100,6.1NRT,293.33,54.0,N
-24.93145,-63.66879,313.89,2.7,1.57,2026-09-19,37,T,88,6.1NRT,285.72,54.0,N
-12.3355,-50.71542,314.44,2.64,1.56,2026-09-19,724,A,89,6.1NRT,292.63,53.97,N
-6.00147,-51.79031,314.54,3.02,1.65,2026-09-19,41,T,89,6.1NRT,295.5,53.94,N
-8.27527,123.50344,328.26,1.64,1.26,2026-09-19,1212,T,100,6.1NRT,291.8,53.93,N
-13.06427,23.98519,324.9,2.04,1.39,2026-09-19,631,T,81,6.1NRT,295.58,53.88,D
-4.86256,122.84581,328.37,1.63,1.26,2026-09-19,1212,T,100,6.1NRT,293.95,53.87,N
-14.72003,134.9967,331.1,1.76,1.3,2026-09-19,629,A,83,6.1NRT,298.5,53.84,D
-3.82124,-50.75301,306.12,4.0,1.86,2026-09-19,41,T,40,6.1NRT,291.01,53.68,N
-22.2691,124.25076,325.8,2.26,1.46,2026-09-19,805,A,78,6.1NRT,302.92,53.63,D
-19.43342,137.18236,339.51,1.44,1.19,2026-09-19,629,A,88,6.1NRT,309.59,53.61,D
-2.20602,110.16267,314.69,3.03,1.66,2026-09-19,1353,T,90,6.1NRT,292.24,53.56,N
57.56159,105.91504,300.14,3.87,1.83,2026-09-19,117,T,29,6.1NRT,275.82,53.49,D
-3.45186,-58.23334,317.54,3.3,1.72,2026-09-19,1304,T,70,6.1NRT,294.32,53.4,D
-2.92044,112.89975,351.11,1.0,1.0,2026-09-19,811,A,96,6.1NRT,302.93,53.4,D
-0.52359,112.04198,348.71,1.0,1.0,2026-09-19,811,A,95,6.1NRT,297.81,53.29,D
60.14263,109.07871,305.46,2.93,1.63,2026-09-19,117,T,61,6.1NRT,276.03,53.19,D
-3.17468,114.95722,319.65,3.66,1.79,2026-09-19,134,T,53,6.1NRT,295.67,53.13,D
-8.35001,35.84383,330.6,1.57,1.23,2026-09-19,1304,A,79,6.1NRT,289.08,53.0,D
-13.91573,131.7679,322.78,3.08,1.67,2026-09-19,629,A,53,6.1NRT,301.94,52.98,D
-3.13019,104.41735,346.11,1.08,1.04,2026-09-19,134,T,93,6.1NRT,297.99,52.92,D
-3.0982,112.31587,349.18,1.01,1.01,2026-09-19,811,A,82,6.1NRT,298.68,52.79,D
30.68733,47.32459,332.66,2.37,1.49,2026-09-19,618,T,75,6.1NRT,311.98,52.75,D
-4.56577,-42.97812,348.44,1.02,1.01,2026-09-19,1125,T,94,6.1NRT,299.24,52.72,D
-19.37865,33.69017,315.59,3.39,1.74,2026-09-19,1301,A,47,6.1NRT,296.61,52.58,D
66.95159,75.54469,338.74,1.12,1.06,2026-09-19,432,T,86,6.1NRT,281.73,52.55,D
-2.49891,111.58205,309.99,3.9,1.84,2026-09-19,1353,T,56,6.1NRT,288.38,52.53,N
-22.13847,131.94951,317.99,3.87,1.83,2026-09-19,627,A,59,6.1NRT,299.57,52.52,D
30.82752,-93.26664,332.86,1.38,1.16,2026-09-19,1032,A,100,6.1NRT,293.26,52.52,N
-11.76717,133.13155,325.17,2.22,1.44,2026-09-19,629,A,78,6.1NRT,292.98,52.52,D
-18.27191,34.15117,319.78,3.02,1.65,2026-09-19,1301,A,72,6.1NRT,298.34,52.39,D
-1.58286,115.85842,339.71,1.31,1.13,2026-09-19,811,A,90,6.1NRT,298.19,52.32,D
-3.64744,104.66991,341.18,1.13,1.06,2026-09-19,1353,T,100,6.1NRT,291.96,52.32,N
-3.08093,113.95255,348.87,1.03,1.01,2026-09-19,811,A,94,6.1NRT,299.9,52.32,D
-3.99061,143.04958,328.77,1.84,1.33,2026-09-19,631,A,84,6.1NRT,294.06,52.3,D
-2.90769,105.14236,339.51,1.23,1.1,2026-09-19,1353,T,100,6.1NRT,293.89,52.26,N
-22.18871,131.85106,317.48,3.95,1.85,2026-09-19,627,A,58,6.1NRT,303.47,52.23,D
57.86856,105.87005,312.71,2.41,1.5,2026-09-19,650,A,73,6.1NRT,284.65,52.17,D
1.36509,-56.07569,313.36,4.11,1.88,2026-09-19,1301,T,45,6.1NRT,296.29,52.08,D
-28.51045,152.21089,327.91,1.61,1.25,2026-09-19,1026,T,100,6.1NRT,290.11,52.06,N
-16.94657,35.61106,327.32,2.22,1.44,2026-09-19,1304,A,79,6.1NRT,302.98,51.97,D
-0.81843,110.17196,312.25,3.21,1.7,2026-09-19,1353,T,84,6.1NRT,289.09,51.8,N
-3.39312,114.75754,318.83,3.55,1.77,2026-09-19,134,T,62,6.1NRT,296.74,51.79,D
-3.15666,113.74569,348.68,1.02,1.01,2026-09-19,811,A,94,6.1NRT,299.82,51.79,D
60.9183,112.1244,336.92,1.12,1.06,2026-09-19,1229,T,100,6.1NRT,276.77,51.76,N
-2.64245,112.83966,349.59,1.0,1.0,2026-09-19,811,A,95,6.1NRT,300.94,51.65,D
-2.81565,112.79765,348.52,1.0,1.0,2026-09-19,811,A,95,6.1NRT,301.23,51.52,D
-20.13956,31.96257,314.32,4.71,1.99,2026-09-19,1301,A,64,6.1NRT,300.83,51.51,D
-2.24602,110.38073,343.68,1.17,1.08,2026-09-19,811,A,92,6.1NRT,298.99,51.49,D
-15.62085,134.39305,328.29,2.02,1.39,2026-09-19,629,A,45,6.1NRT,296.31,51.36,D
-6.9941,34.60673,332.81,1.86,1.33,2026-09-19,1304,A,82,6.1NRT,306.04,51.28,D
-3.16331,114.95303,346.22,1.11,1.05,2026-09-19,809,A,93,6.1NRT,302.03,51.27,D
-29.87147,-62.9381,311.55,3.23,1.7,2026-09-19,1310,T,67,6.1NRT,290.04,51.2,D
60.4359,96.25566,337.31,1.11,1.05,2026-09-19,253,T,90,6.1NRT,282.44,51.13,D
-3.17656,113.92696,350.99,1.03,1.01,2026-09-19,811,A,94,6.1NRT,300.11,51.12,D
-2.26154,116.19324,338.78,1.35,1.15,2026-09-19,811,A,89,6.1NRT,300.16,51.03,D
-2.91775,105.1824,346.11,1.02,1.01,2026-09-19,134,T,93,6.1NRT,296.42,50.98,D
-4.10592,144.44897,314.74,2.79,1.6,2026-09-19,1034,T,90,6.1NRT,289.43,50.96,N
-2.81608,113.03761,348.74,1.0,1.0,2026-09-19,811,A,95,6.1NRT,301.99,50.9,D
-9.24834,-45.94614,342.31,1.22,1.1,2026-09-19,1128,T,91,6.1NRT,304.67,50.83,D
-3.08757,113.90789,350.57,1.03,1.01,2026-09-19,811,A,95,6.1NRT,303.56,50.83,D
37.61936,-119.60777,342.91,1.01,1.0,2026-09-19,1206,A,96,6.1NRT,285.0,50.83,N
-16.11015,36.60162,327.72,1.81,1.32,2026-09-19,1304,A,79,6.1NRT,296.02,50.7,D
-11.3096,-51.72855,318.66,3.02,1.65,2026-09-19,1128,T,72,6.1NRT,298.11,50.69,D
-2.85364,112.29456,347.32,1.01,1.01,2026-09-19,811,A,94,6.1NRT,299.44,50.65,D
-2.91354,114.4512,345.19,1.07,1.03,2026-09-19,811,A,87,6.1NRT,299.86,50.56,D
-2.82512,110.40768,342.95,1.19,1.08,2026-09-19,811,A,91,6.1NRT,297.93,50.52,D
-13.49222,23.78409,323.43,2.07,1.4,2026-09-19,631,T,80,6.1NRT,295.18,50.45,D
-15.36475,47.18334,325.91,1.82,1.32,2026-09-19,1301,A,66,6.1NRT,293.2,50.44,D
-10.53378,38.1495,342.88,1.19,1.08,2026-09-19,1304,A,86,6.1NRT,300.1,50.43,D
65.66525,84.34129,339.75,1.08,1.04,2026-09-19,830,A,92,6.1NRT,286.95,50.42,D
-28.51205,152.1955,326.87,1.61,1.25,2026-09-19,1026,T,100,6.1NRT,289.19,50.37,N
17.89654,-93.16682,314.31,2.62,1.55,2026-09-19,1034,A,89,6.1NRT,288.36,50.36,N
66.90516,75.60716,314.03,2.34,1.48,2026-09-19,610,T,70,6.1NRT,283.03,50.31,D
-13.53189,143.12279,336.48,1.29,1.13,2026-09-19,629,A,78,6.1NRT,288.84,50.29,D
-18.70998,145.67659,329.99,1.56,1.23,2026-09-19,627,A,84,6.1NRT,294.27,50.26,D
-7.86158,-45.12206,344.09,1.14,1.07,2026-09-19,1128,T,92,6.1NRT,306.35,50.23,D
-24.01414,132.33635,316.44,3.82,1.83,2026-09-19,627,A,35,6.1NRT,302.38,50.23,D
-2.89499,105.16248,337.61,1.23,1.1,2026-09-19,1353,T,100,6.1NRT,293.72,50.19,N
-2.53304,112.20474,347.28,1.01,1.01,2026-09-19,811,A,89,6.1NRT,298.9,50.12,D
-2.83058,-50.44436,307.22,4.41,1.93,2026-09-19,41,T,70,6.1NRT,291.53,50.05,N
29.00659,47.74874,341.04,1.1,1.05,2026-09-19,39,A,100,6.1NRT,298.66,50.0,N
-14.67074,38.5923,338.99,1.25,1.11,2026-09-19,1304,A,0,6.1NRT,291.0,49.98,D
-18.90601,35.78925,321.92,2.29,1.47,2026-09-19,1301,A,76,6.1NRT,298.27,49.92,D
-19.33476,34.53281,318.86,2.91,1.63,2026-09-19,1301,A,71,6.1NRT,298.14,49.88,D
-17.33165,20.84822,317.71,2.07,1.4,2026-09-19,232,A,96,6.1NRT,287.34,49.86,N
-22.20935,147.55164,329.94,1.81,1.32,2026-09-19,627,A,83,6.1NRT,305.55,49.73,D
-15.98243,34.21754,321.77,2.76,1.59,2026-09-19,1304,A,72,6.1NRT,299.33,49.7,D
-3.01079,113.9813,346.92,1.03,1.01,2026-09-19,811,A,93,6.1NRT,299.97,49.68,D
-10.50987,31.33706,345.55,1.02,1.01,2026-09-19,631,T,93,6.1NRT,298.31,49.49,D
28.91077,19.76698,324.07,1.69,1.28,2026-09-19,219,A,100,6.1NRT,292.11,49.48,N
-2.29101,110.20804,312.89,3.05,1.66,2026-09-19,1353,T,86,6.1NRT,292.26,49.43,N
61.33039,112.7691,300.67,3.3,1.72,2026-09-19,1053,T,32,6.1NRT,273.96,49.43,N
-17.9988,34.45824,322.84,2.83,1.61,2026-09-19,1301,A,75,6.1NRT,303.74,49.4,D
-5.3497,31.12255,319.85,3.35,1.73,2026-09-19,1306,A,60,6.1NRT,297.72,49.38,D
-3.15128,114.40465,346.08,1.06,1.03,2026-09-19,811,A,93,6.1NRT,301.22,49.35,D
-7.01909,-45.76127,339.47,1.27,1.12,2026-09-19,1128,T,89,6.1NRT,302.35,49.3,D
60.77928,97.08144,319.15,1.73,1.29,2026-09-19,1232,T,98,6.1NRT,273.81,49.29,N
-3.21587,111.83884,350.36,1.04,1.02,2026-09-19,811,A,95,6.1NRT,302.32,49.24,D
-1.57444,110.42351,313.04,3.26,1.71,2026-09-19,1353,T,79,6.1NRT,291.14,49.16,N
-19.44056,17.72859,330.9,1.33,1.14,2026-09-19,232,A,100,6.1NRT,280.38,49.14,N
3.27632,33.62043,337.5,1.5,1.21,2026-09-19,1308,A,88,6.1NRT,305.58,49.1,D
60.92749,112.12024,335.5,1.12,1.06,2026-09-19,1229,T,100,6.1NRT,274.71,49.04,N
47.6517,81.33613,331.84,1.53,1.22,2026-09-19,1004,A,60,6.1NRT,291.88,49.04,D
-3.15374,113.82677,349.21,1.02,1.01,2026-09-19,811,A,95,6.1NRT,303.77,49.03,D
-2.78968,110.95883,345.02,1.11,1.05,2026-09-19,811,A,81,6.1NRT,303.46,48.99,D
-3.05654,113.99468,346.12,1.03,1.01,2026-09-19,811,A,93,6.1NRT,303.25,48.97,D
-1.90784,113.63371,346.35,1.02,1.01,2026-09-19,811,A,93,6.1NRT,303.5,48.95,D
-4.03889,30.21235,342.31,1.08,1.04,2026-09-19,629,T,92,6.1NRT,278.38,48.93,D
-16.05523,32.71188,317.62,3.64,1.79,2026-09-19,1304,A,64,6.1NRT,299.05,48.92,D
-15.69297,38.81704,340.34,1.25,1.11,2026-09-19,1304,A,82,6.1NRT,297.94,48.89,D
-12.56657,136.22937,337.16,1.34,1.15,2026-09-19,629,A,88,6.1NRT,298.11,48.87,D
60.44526,96.2595,316.84,1.9,1.35,2026-09-19,1232,T,94,6.1NRT,276.03,48.82,N
-20.95555,34.65773,318.55,3.0,1.65,2026-09-19,1301,A,71,6.1NRT,297.88,48.81,D
-3.02813,114.04817,347.64,1.04,1.02,2026-09-19,811,A,94,6.1NRT,305.34,48.77,D
3.24066,33.56467,335.56,1.52,1.22,2026-09-19,1308,A,86,6.1NRT,303.93,48.76,D
-2.50898,111.51496,309.7,3.85,1.83,2026-09-19,1353,T,45,6.1NRT,288.25,48.73,N
-19.53825,33.26434,313.69,3.68,1.8,2026-09-19,1301,A,61,6.1NRT,295.8,48.68,D
-3.0827,113.87981,347.09,1.02,1.01,2026-09-19,811,A,93,6.1NRT,298.41,48.57,D
-12.37426,136.59222,340.3,1.26,1.12,2026-09-19,629,A,74,6.1NRT,296.72,48.56,D
3.51617,33.76861,334.71,1.45,1.19,2026-09-19,1308,A,86,6.1NRT,302.3,48.55,D
-9.47682,30.05294,346.23,1.01,1.01,2026-09-19,631,T,94,6.1NRT,300.75,48.4,D
-2.90145,112.27463,346.59,1.01,1.01,2026-09-19,811,A,81,6.1NRT,301.4,48.39,D
-5.79691,35.01815,333.52,1.65,1.26,2026-09-19,1306,A,83,6.1NRT,304.8,48.38,D
-18.27339,34.15584,318.84,3.02,1.65,2026-09-19,1301,A,70,6.1NRT,299.32,48.37,D
-3.17963,113.84551,348.29,1.02,1.01,2026-09-19,811,A,94,6.1NRT,301.32,48.31,D
-11.9796,-52.45155,320.17,2.07,1.4,2026-09-19,39,T,100,6.1NRT,294.39,48.3,N
-24.01099,132.37248,316.31,3.8,1.82,2026-09-19,627,A,19,6.1NRT,302.13,48.29,D
-16.35714,46.20759,335.74,1.48,1.2,2026-09-19,1301,A,85,6.1NRT,302.92,48.27,D
47.61971,81.34258,331.99,1.53,1.22,2026-09-19,1004,A,55,6.1NRT,296.12,48.16,D
0.773,33.7984,330.85,1.6,1.25,2026-09-19,1306,A,76,6.1NRT,298.4,48.16,D
-15.98779,34.23622,321.69,2.75,1.59,2026-09-19,1304,A,72,6.1NRT,299.88,48.14,D
-7.47299,36.40137,338.05,1.39,1.17,2026-09-19,1304,A,89,6.1NRT,306.19,47.94,D
-12.71106,-45.95919,343.34,1.12,1.05,2026-09-19,1128,T,92,6.1NRT,300.87,47.85,D
24.90908,53.72048,316.64,3.21,1.7,2026-09-19,444,T,66,6.1NRT,303.94,47.82,D
60.42776,96.49797,336.1,1.1,1.05,2026-09-19,253,T,90,6.1NRT,280.55,47.81,D
60.76162,97.04654,301.86,3.66,1.79,2026-09-19,652,A,49,6.1NRT,282.93,47.76,D
-3.007,104.03673,341.77,1.08,1.04,2026-09-19,1353,T,100,6.1NRT,293.0,47.7,N
-12.35523,36.73186,331.99,1.55,1.23,2026-09-19,1304,A,79,6.1NRT,293.94,47.7,D
-17.22798,33.5932,319.26,3.23,1.7,2026-09-19,1304,A,49,6.1NRT,300.52,47.7,D
-16.59899,35.46024,325.57,2.25,1.45,2026-09-19,1304,A,77,6.1NRT,301.98,47.69,D
-16.35159,46.1996,335.29,1.48,1.2,2026-09-19,1301,A,75,6.1NRT,301.5,47.69,D
-12.50709,31.22881,310.61,4.25,1.91,2026-09-19,1304,A,41,6.1NRT,293.97,47.61,D
-22.19382,131.88126,317.05,3.92,1.84,2026-09-19,627,A,35,6.1NRT,303.16,47.6,D
34.90593,43.80755,317.16,2.24,1.45,2026-09-19,39,A,95,6.1NRT,293.04,47.58,N
-3.06722,113.9231,348.9,1.03,1.01,2026-09-19,811,A,94,6.1NRT,302.49,47.52,D
-18.68842,33.50768,316.49,3.43,1.74,2026-09-19,1301,A,63,6.1NRT,297.81,47.48,D
46.68537,35.56279,323.44,2.29,1.47,2026-09-19,1318,A,76,6.1NRT,302.18,47.48,D
-3.2424,113.90945,346.72,1.02,1.01,2026-09-19,811,A,84,6.1NRT,298.94,47.48,D
-19.15492,34.95143,318.46,2.69,1.57,2026-09-19,1301,A,71,6.1NRT,297.65,47.47,D
46.63323,34.78449,313.69,4.38,1.93,2026-09-19,754,T,61,6.1NRT,298.13,47.47,D
-3.05253,114.02161,346.65,1.03,1.02,2026-09-19,811,A,93,6.1NRT,302.63,47.46,D
-15.51013,33.39006,319.66,3.16,1.68,2026-09-19,1304,A,71,6.1NRT,297.1,47.41,D
-3.19385,111.9277,345.81,1.03,1.02,2026-09-19,811,A,93,6.1NRT,301.54,47.33,D
-12.27043,-49.16532,308.28,3.51,1.76,2026-09-19,724,A,74,6.1NRT,293.64,47.3,N
-18.39581,-49.16485,313.14,2.76,1.59,2026-09-19,37,T,86,6.1NRT,292.45,47.27,N
2.10641,117.23508,308.74,3.55,1.77,2026-09-19,1214,T,56,6.1NRT,289.6,47.27,N
-16.22304,36.80105,328.9,1.75,1.3,2026-09-19,1304,A,81,6.1NRT,297.33,47.23,D
-7.55517,-61.33103,340.37,1.1,1.05,2026-09-19,41,T,100,6.1NRT,297.57,47.14,N
-5.64738,34.38033,328.55,1.84,1.33,2026-09-19,1306,A,79,6.1NRT,302.68,47.13,D
-2.76791,112.87943,346.79,1.0,1.0,2026-09-19,811,A,94,6.1NRT,300.96,47.12,D
-1.47681,132.20093,319.94,1.91,1.35,2026-09-19,1212,T,99,6.1NRT,286.0,47.07,N
-15.5133,33.36188,319.11,3.18,1.69,2026-09-19,1304,A,70,6.1NRT,297.23,47.06,D
-17.0148,37.60877,331.3,1.57,1.23,2026-09-19,1301,A,84,6.1NRT,297.9,47.05,D
-3.12882,104.40793,343.34,1.08,1.04,2026-09-19,134,T,92,6.1NRT,297.86,47.02,D
-3.02795,104.02634,342.41,1.12,1.05,2026-09-19,134,T,91,6.1NRT,297.66,47.0,D
-2.94383,113.12215,346.89,1.0,1.0,2026-09-19,811,A,94,6.1NRT,303.01,46.99,D
-1.87445,113.36092,346.59,1.01,1.01,2026-09-19,811,A,93,6.1NRT,301.07,46.99,D
46.75488,35.46011,324.08,2.27,1.46,2026-09-19,1318,A,77,6.1NRT,300.85,46.96,D
-19.53503,44.63544,344.07,1.09,1.04,2026-09-19,1301,A,91,6.1NRT,304.0,46.94,D
-3.23206,112.3568,345.74,1.01,1.01,2026-09-19,811,A,93,6.1NRT,299.97,46.93,D
-22.19726,131.84433,316.93,3.95,1.85,2026-09-19,627,A,37,6.1NRT,303.9,46.89,D
-3.02667,115.05566,343.93,1.13,1.06,2026-09-19,811,A,92,6.1NRT,304.05,46.88,D
-15.97935,33.78275,320.25,2.99,1.64,2026-09-19,1304,A,69,6.1NRT,299.95,46.88,D
60.7662,97.04272,301.58,3.66,1.79,2026-09-19,652,A,48,6.1NRT,283.16,46.85,D
-2.63137,112.7936,345.67,1.0,1.0,2026-09-19,811,A,93,6.1NRT,299.43,46.82,D
-20.11683,29.09931,303.16,3.64,1.79,2026-09-19,54,A,54,6.1NRT,285.3,46.8,N
-2.0721,115.88272,337.84,1.29,1.13,2026-09-19,811,A,88,6.1NRT,299.04,46.78,D
-2.89861,110.97038,342.36,1.11,1.05,2026-09-19,811,A,91,6.1NRT,298.59,46.77,D
5.91887,36.1636,343.7,1.14,1.07,2026-09-19,627,T,92,6.1NRT,301.82,46.72,D
-12.91615,141.81573,341.8,1.12,1.05,2026-09-19,629,A,92,6.1NRT,300.6,46.7,D
-16.99736,135.65007,330.35,1.7,1.28,2026-09-19,629,A,71,6.1NRT,291.48,46.62,D
-12.39567,134.49193,322.79,1.86,1.33,2026-09-19,1210,T,100,6.1NRT,294.86,46.52,N
-12.79175,130.89836,318.16,3.47,1.75,2026-09-19,629,A,37,6.1NRT,292.87,46.49,D
61.35673,112.79633,300.18,3.28,1.71,2026-09-19,1053,T,13,6.1NRT,271.16,46.44,N
-3.24371,113.90054,346.72,1.02,1.01,2026-09-19,811,A,69,6.1NRT,304.11,46.41,D
-12.50036,31.19676,310.93,4.28,1.91,2026-09-19,1304,A,44,6.1NRT,293.15,46.37,D
-9.24612,-45.9393,340.37,1.22,1.1,2026-09-19,1128,T,90,6.1NRT,305.28,46.37,D
-3.23488,113.89922,346.65,1.02,1.01,2026-09-19,811,A,76,6.1NRT,302.43,46.33,D
-12.28625,-49.19358,328.23,1.83,1.32,2026-09-19,1128,T,81,6.1NRT,301.37,46.24,D
-3.186,111.98158,345.02,1.03,1.01,2026-09-19,811,A,92,6.1NRT,299.29,46.16,D
-11.01663,-54.12909,326.76,1.6,1.25,2026-09-19,39,T,100,6.1NRT,294.68,46.16,N
-16.52749,35.50824,326.04,2.23,1.45,2026-09-19,1304,A,49,6.1NRT,299.47,46.15,D
-24.03017,132.3387,315.13,3.82,1.83,2026-09-19,627,A,36,6.1NRT,299.96,46.1,D
-8.12247,35.49144,328.33,1.65,1.26,2026-09-19,1304,A,83,6.1NRT,297.89,46.07,D
-3.09509,113.91813,348.64,1.03,1.01,2026-09-19,811,A,94,6.1NRT,303.44,46.07,D
-16.32722,34.44924,323.07,2.68,1.57,2026-09-19,1304,A,74,6.1NRT,302.6,46.05,D
35.25272,44.4328,318.59,2.06,1.4,2026-09-19,39,A,97,6.1NRT,294.93,46.02,N
-8.96582,36.48247,330.09,1.44,1.19,2026-09-19,1304,A,84,6.1NRT,289.31,45.99,D
-4.77631,35.92656,335.78,1.37,1.16,2026-09-19,1306,A,81,6.1NRT,300.32,45.98,D
-2.77631,110.9864,342.55,1.11,1.05,2026-09-19,811,A,91,6.1NRT,299.74,45.95,D
-2.89197,114.97295,341.15,1.12,1.06,2026-09-19,811,A,90,6.1NRT,297.66,45.95,D
-2.59772,112.64072,344.6,1.0,1.0,2026-09-19,811,A,92,6.1NRT,299.33,45.88,D
6.72182,33.57228,336.99,1.34,1.15,2026-09-19,1308,A,88,6.1NRT,300.81,45.84,D
-3.21455,111.84789,348.68,1.04,1.02,2026-09-19,811,A,94,6.1NRT,300.66,45.83,D
-16.6104,36.24362,326.48,1.96,1.37,2026-09-19,1304,A,78,6.1NRT,299.44,45.8,D
-20.12815,29.09188,302.03,3.64,1.79,2026-09-19,54,A,46,6.1NRT,285.17,45.77,N
-12.27462,-49.19161,328.22,1.83,1.32,2026-09-19,1128,T,81,6.1NRT,301.93,45.76,D
-2.95312,112.49499,344.6,1.01,1.0,2026-09-19,811,A,92,6.1NRT,299.34,45.65,D
-13.60371,35.87658,325.66,1.88,1.34,2026-09-19,1304,A,79,6.1NRT,297.15,45.64,D
-3.14513,112.88866,345.74,1.0,1.0,2026-09-19,811,A,93,6.1NRT,301.16,45.62,D
-4.56448,-42.98705,344.35,1.02,1.01,2026-09-19,1125,T,92,6.1NRT,297.26,45.55,D
-2.74127,112.86091,345.47,1.0,1.0,2026-09-19,811,A,93,6.1NRT,300.17,45.51,D
-3.16339,111.90733,309.16,4.03,1.86,2026-09-19,1353,T,11,6.1NRT,290.26,45.5,N
-12.80773,33.03884,315.27,3.08,1.67,2026-09-19,1304,A,61,6.1NRT,290.65,45.46,D
-7.92168,-61.3435,323.34,2.17,1.43,2026-09-19,1304,T,79,6.1NRT,296.75,45.39,D
6.24021,33.8486,339.83,1.3,1.13,2026-09-19,1308,A,89,6.1NRT,304.5,45.39,D
-16.14909,46.10938,334.62,1.47,1.2,2026-09-19,1301,A,61,6.1NRT,301.62,45.38,D
-2.51457,112.84171,344.18,1.0,1.0,2026-09-19,811,A,92,6.1NRT,299.29,45.36,D
-6.80418,33.91903,324.77,2.09,1.41,2026-09-19,1304,A,73,6.1NRT,301.15,45.35,D
-5.88343,32.03083,321.48,2.88,1.62,2026-09-19,1306,A,69,6.1NRT,297.85,45.32,D
-15.35929,39.2313,341.23,1.18,1.08,2026-09-19,1304,A,90,6.1NRT,302.48,45.31,D
-2.79434,112.82114,346.49,1.0,1.0,2026-09-19,811,A,94,6.1NRT,301.27,45.31,D
-16.94574,35.60411,325.68,2.22,1.44,2026-09-19,1304,A,77,6.1NRT,303.05,45.26,D
7.9076,76.66532,310.73,3.87,1.83,2026-09-19,952,A,0,6.1NRT,286.62,45.22,D
-3.09806,112.64462,346.65,1.0,1.0,2026-09-19,811,A,93,6.1NRT,303.16,45.22,D
-2.70809,106.42147,344.48,1.0,1.0,2026-09-19,134,T,92,6.1NRT,298.12,45.2,D
-8.04078,38.48013,342.73,1.08,1.04,2026-09-19,1304,A,91,6.1NRT,300.98,45.06,D
-3.27249,112.59335,346.05,1.01,1.0,2026-09-19,811,A,93,6.1NRT,300.57,45.0,D
-3.08785,112.38623,344.07,1.01,1.0,2026-09-19,811,A,92,6.1NRT,298.95,44.95,D
-1.13205,109.49376,313.24,2.79,1.6,2026-09-19,1353,T,87,6.1NRT,291.25,44.95,N
-7.89676,36.02184,328.68,1.5,1.21,2026-09-19,1304,A,84,6.1NRT,292.48,44.78,D
-2.82775,111.08212,340.65,1.1,1.05,2026-09-19,811,A,90,6.1NRT,297.29,44.75,D
-14.66585,39.23901,340.5,1.16,1.07,2026-09-19,1304,A,90,6.1NRT,299.27,44.71,D
-7.21255,32.76304,323.1,2.64,1.56,2026-09-19,1304,A,40,6.1NRT,295.99,44.71,D
66.24876,76.82152,336.45,1.05,1.02,2026-09-19,432,T,90,6.1NRT,281.27,44.69,D
42.44303,-8.43612,304.34,3.28,1.71,2026-09-19,531,A,60,6.1NRT,287.41,44.69,N
-17.81663,35.51874,324.66,2.32,1.47,2026-09-19,1301,A,77,6.1NRT,303.25,44.65,D
-2.97136,112.30947,344.53,1.01,1.01,2026-09-19,811,A,87,6.1NRT,300.31,44.57,D
-3.77131,105.48203,334.15,1.25,1.11,2026-09-19,1353,T,100,6.1NRT,293.91,44.55,N
27.81571,48.86524,341.0,1.01,1.0,2026-09-19,39,A,100,6.1NRT,300.34,44.54,N
60.43692,97.53817,300.66,3.66,1.79,2026-09-19,652,A,40,6.1NRT,282.82,44.49,D
-15.09669,38.62685,337.46,1.26,1.12,2026-09-19,1304,A,88,6.1NRT,298.16,44.46,D
-6.43395,32.01306,321.55,2.96,1.64,2026-09-19,1306,A,69,6.1NRT,296.66,44.45,D
5.81699,36.16356,341.39,1.15,1.07,2026-09-19,627,T,90,6.1NRT,301.99,44.41,D
-3.20187,114.25949,343.21,1.05,1.02,2026-09-19,811,A,91,6.1NRT,300.99,44.36,D
-14.56548,-63.51124,319.78,1.89,1.34,2026-09-19,39,T,99,6.1NRT,282.68,44.33,N
-15.07219,-49.60348,309.47,3.0,1.65,2026-09-19,39,T,77,6.1NRT,290.81,44.25,N
-3.17037,113.90781,346.25,1.02,1.01,2026-09-19,811,A,93,6.1NRT,300.62,44.23,D
-3.14263,113.77978,346.95,1.02,1.01,2026-09-19,811,A,93,6.1NRT,305.11,44.2,D
-16.62603,35.77236,322.88,2.13,1.42,2026-09-19,1304,A,73,6.1NRT,296.36,44.18,D
-13.0224,-46.94621,338.03,1.24,1.11,2026-09-19,1128,T,88,6.1NRT,301.3,44.14,D
-17.55655,33.21424,314.52,3.49,1.76,2026-09-19,1301,A,48,6.1NRT,298.39,44.11,D
-16.65169,46.49066,333.61,1.53,1.22,2026-09-19,1301,A,84,6.1NRT,305.8,44.11,D
-17.09737,33.68295,318.07,3.16,1.68,2026-09-19,1304,A,64,6.1NRT,301.52,44.09,D
1.17866,117.76803,309.52,3.34,1.72,2026-09-19,1214,T,78,6.1NRT,289.92,43.93,N
-2.82748,113.04596,345.57,1.0,1.0,2026-09-19,811,A,93,6.1NRT,300.72,43.9,D
-18.4791,-62.59547,322.27,1.83,1.33,2026-09-19,39,T,100,6.1NRT,292.88,43.89,N
-2.79466,110.9891,342.66,1.11,1.05,2026-09-19,811,A,77,6.1NRT,300.03,43.86,D
-18.71193,33.85377,315.24,3.23,1.7,2026-09-19,1301,A,55,6.1NRT,294.19,43.84,D
-1.85674,112.78983,344.28,1.0,1.0,2026-09-19,811,A,92,6.1NRT,298.09,43.76,D
-12.05633,37.59398,317.44,2.66,1.57,2026-09-19,631,T,42,6.1NRT,293.45,43.68,D
25.55616,29.25747,340.1,1.27,1.12,2026-09-19,1314,A,87,6.1NRT,312.87,43.64,D
1.25881,-50.95466,304.14,4.71,1.99,2026-09-19,43,T,59,6.1NRT,291.67,43.62,N
-0.54214,112.09805,344.56,1.0,1.0,2026-09-19,811,A,93,6.1NRT,298.24,43.59,D
-3.10038,113.88246,347.42,1.02,1.01,2026-09-19,811,A,81,6.1NRT,300.54,43.53,D
-10.9349,-53.96505,324.55,1.65,1.26,2026-09-19,39,T,100,6.1NRT,294.22,43.51,N
36.78425,34.93578,332.14,1.57,1.23,2026-09-19,1316,A,85,6.1NRT,302.62,43.49,D
-4.65666,36.98164,339.27,1.17,1.08,2026-09-19,1306,A,89,6.1NRT,301.99,43.47,D
60.78002,97.07368,334.19,1.08,1.04,2026-09-19,253,T,89,6.1NRT,280.04,43.47,D
-8.45233,-45.84827,337.92,1.23,1.1,2026-09-19,1128,T,88,6.1NRT,304.08,43.43,D
66.95565,75.56492,328.68,1.21,1.09,2026-09-19,28,A,100,6.1NRT,273.57,43.42,N
9.61979,-63.71956,341.18,1.01,1.01,2026-09-19,48,T,100,6.1NRT,293.93,43.36,N
-2.98177,113.6172,343.71,1.01,1.01,2026-09-19,811,A,92,6.1NRT,299.89,43.35,D
-3.17831,113.8544,345.74,1.02,1.01,2026-09-19,811,A,93,6.1NRT,300.98,43.33,D
-6.05066,14.94943,314.76,3.14,1.68,2026-09-19,809,T,68,6.1NRT,290.31,43.2,D
-2.81509,111.16772,340.88,1.09,1.04,2026-09-19,811,A,90,6.1NRT,300.59,43.19,D
-2.52377,112.32893,343.96,1.01,1.0,2026-09-19,811,A,92,6.1NRT,299.79,43.17,D
48.10384,35.9673,318.8,2.51,1.52,2026-09-19,1318,A,73,6.1NRT,297.35,43.16,D
-4.06228,-56.25277,328.96,1.45,1.19,2026-09-19,41,T,100,6.1NRT,293.9,43.08,N
6.26807,33.83261,338.05,1.31,1.13,2026-09-19,1308,A,87,6.1NRT,302.03,43.01,D
-5.47355,34.14407,327.67,1.91,1.35,2026-09-19,1306,A,78,6.1NRT,301.94,42.99,D
-25.45227,147.54782,305.82,3.18,1.69,2026-09-19,1028,T,66,6.1NRT,289.38,42.95,N
-8.41822,31.49287,317.11,3.51,1.76,2026-09-19,1304,A,64,6.1NRT,298.12,42.95,D
-17.60197,33.35194,316.2,3.41,1.74,2026-09-19,1301,A,60,6.1NRT,299.06,42.93,D
-19.52591,44.63377,342.21,1.09,1.04,2026-09-19,1301,A,90,6.1NRT,304.02,42.93,D
-13.9054,136.76178,334.07,1.29,1.13,2026-09-19,629,A,86,6.1NRT,293.71,42.93,D
-14.70585,48.66175,316.62,2.45,1.51,2026-09-19,1304,A,57,6.1NRT,293.56,42.93,D
-14.5635,-63.4942,319.25,1.89,1.34,2026-09-19,39,T,98,6.1NRT,284.12,42.91,N
-1.92327,113.59058,342.99,1.02,1.01,2026-09-19,811,A,91,6.1NRT,301.38,42.91,D
-12.51149,31.19091,310.27,4.28,1.91,2026-09-19,1304,A,35,6.1NRT,293.55,42.9,D
-17.64724,36.0851,322.93,2.09,1.41,2026-09-19,1301,A,75,6.1NRT,298.44,42.88,D
-18.53654,33.94166,316.02,3.16,1.68,2026-09-19,1301,A,66,6.1NRT,299.73,42.86,D
-3.09865,113.95518,343.78,1.03,1.01,2026-09-19,811,A,92,6.1NRT,301.52,42.85,D
-3.23632,111.82337,346.59,1.04,1.02,2026-09-19,811,A,90,6.1NRT,301.25,42.83,D
-17.1452,35.90887,325.24,2.12,1.41,2026-09-19,1301,A,77,6.1NRT,302.24,42.77,D
-2.82459,114.30942,341.38,1.06,1.03,2026-09-19,811,A,91,6.1NRT,299.11,42.77,D
-16.52277,35.86543,325.38,2.09,1.41,2026-09-19,1304,A,77,6.1NRT,299.6,42.71,D
60.42362,96.50115,334.85,1.08,1.04,2026-09-19,828,A,89,6.1NRT,289.02,42.65,D
-29.86961,-62.94338,309.57,3.23,1.7,2026-09-19,1310,T,64,6.1NRT,290.07,42.58,D
-29.16664,152.14256,321.39,1.66,1.27,2026-09-19,1026,T,100,6.1NRT,289.93,42.56,N
-15.22307,39.48369,338.83,1.14,1.06,2026-09-19,1304,A,89,6.1NRT,299.03,42.56,D
-14.43594,39.43378,340.96,1.13,1.06,2026-09-19,1304,A,90,6.1NRT,301.33,42.53,D
30.75153,48.2617,325.65,2.74,1.58,2026-09-19,618,T,56,6.1NRT,309.37,42.51,D
46.23525,33.22399,312.96,3.75,1.81,2026-09-19,754,T,63,6.1NRT,297.43,42.47,D
-2.52916,113.36602,343.53,1.01,1.0,2026-09-19,811,A,92,6.1NRT,298.47,42.41,D
-3.09699,112.59093,344.18,1.0,1.0,2026-09-19,811,A,92,6.1NRT,299.28,42.41,D
-7.52128,31.38222,315.21,3.47,1.75,2026-09-19,1304,A,43,6.1NRT,293.86,42.39,D
-11.98541,-52.46383,318.28,2.06,1.4,2026-09-19,39,T,97,6.1NRT,295.04,42.38,N
-29.17648,152.14815,314.56,2.68,1.57,2026-09-19,625,A,70,6.1NRT,296.99,42.31,D
1.25307,-50.99537,304.02,4.68,1.98,2026-09-19,43,T,58,6.1NRT,291.67,42.28,N
-2.25322,116.18009,334.57,1.34,1.15,2026-09-19,811,A,86,6.1NRT,299.31,42.25,D
-6.44222,-59.98057,319.23,2.65,1.56,2026-09-19,1304,T,60,6.1NRT,294.88,42.21,D
-19.79847,34.0101,316.35,3.25,1.7,2026-09-19,1301,A,61,6.1NRT,300.54,42.13,D
-17.06283,33.58667,317.29,3.21,1.7,2026-09-19,1304,A,62,6.1NRT,301.34,42.12,D
-12.2773,-49.17524,326.99,1.82,1.32,2026-09-19,1128,T,79,6.1NRT,302.68,42.08,D
66.24389,76.82111,323.86,1.5,1.21,2026-09-19,830,A,83,6.1NRT,283.03,42.08,D
-18.74844,34.77408,317.68,2.74,1.58,2026-09-19,1301,A,70,6.1NRT,296.9,42.03,D
0.71502,111.16489,339.67,1.03,1.01,2026-09-19,811,A,91,6.1NRT,283.9,42.02,D
-20.3584,34.43323,317.73,3.06,1.66,2026-09-19,1301,A,70,6.1NRT,299.58,42.01,D
-9.74825,31.52193,312.88,3.66,1.79,2026-09-19,1304,A,39,6.1NRT,290.92,41.97,D
-11.39879,30.84628,341.9,1.01,1.0,2026-09-19,631,T,92,6.1NRT,298.36,41.93,D
-2.13516,110.22702,312.19,3.08,1.67,2026-09-19,1353,T,84,6.1NRT,291.94,41.85,N
-2.16547,110.23772,339.63,1.19,1.09,2026-09-19,811,A,89,6.1NRT,298.31,41.83,D
-13.67646,35.84161,323.5,1.9,1.35,2026-09-19,1304,A,72,6.1NRT,296.63,41.78,D
-11.54305,31.80459,312.89,3.71,1.8,2026-09-19,1304,A,0,6.1NRT,292.09,41.76,D
-12.5944,-49.12512,307.91,3.66,1.79,2026-09-19,39,T,73,6.1NRT,294.86,41.74,N
-2.90016,112.28343,342.84,1.01,1.01,2026-09-19,811,A,91,6.1NRT,299.71,41.73,D
-19.52749,44.62374,341.65,1.09,1.04,2026-09-19,1301,A,90,6.1NRT,305.4,41.72,D
-3.65634,104.67221,341.77,1.05,1.02,2026-09-19,134,T,91,6.1NRT,296.41,41.7,D
-19.66856,33.95475,315.74,3.26,1.71,2026-09-19,1301,A,56,6.1NRT,297.39,41.69,D
-16.07077,36.55607,325.65,1.82,1.32,2026-09-19,1304,A,77,6.1NRT,296.78,41.66,D
-2.54399,111.55968,307.75,3.87,1.83,2026-09-19,1353,T,37,6.1NRT,288.08,41.65,N
-17.49106,35.62674,324.67,2.25,1.45,2026-09-19,1301,A,63,6.1NRT,304.83,41.65,D
31.26666,48.13663,327.45,2.61,1.55,2026-09-19,618,T,72,6.1NRT,309.28,41.57,D
58.08401,106.55515,310.84,2.22,1.44,2026-09-19,650,A,71,6.1NRT,284.77,41.55,D
-16.04953,32.71532,316.7,3.64,1.79,2026-09-19,1304,A,61,6.1NRT,298.88,41.52,D
-11.33578,32.04712,313.91,3.51,1.76,2026-09-19,1304,A,32,6.1NRT,294.21,41.45,D
-5.64145,34.40106,326.95,1.83,1.33,2026-09-19,1306,A,77,6.1NRT,299.44,41.44,D
-9.04045,-48.74437,304.57,4.61,1.97,2026-09-19,39,T,61,6.1NRT,293.13,41.43,N
28.04467,96.95777,310.15,2.99,1.64,2026-09-19,820,A,49,6.1NRT,288.84,41.41,D
-18.71241,145.69987,326.66,1.57,1.23,2026-09-19,627,A,82,6.1NRT,296.23,41.33,D
-15.65075,33.7534,318.74,2.97,1.64,2026-09-19,1304,A,68,6.1NRT,297.78,41.31,D
-29.17016,152.1384,313.52,2.68,1.57,2026-09-19,625,A,68,6.1NRT,296.57,41.31,D
-3.19609,112.60235,342.73,1.0,1.0,2026-09-19,811,A,91,6.1NRT,298.12,41.28,D
60.77943,97.09755,300.2,3.64,1.79,2026-09-19,652,A,32,6.1NRT,282.78,41.27,D
6.57664,36.52394,343.78,1.01,1.0,2026-09-19,1308,A,92,6.1NRT,302.42,41.22,D
-18.914,35.83298,319.92,2.28,1.46,2026-09-19,1301,A,73,6.1NRT,298.2,41.2,D
-3.08679,104.45285,336.18,1.12,1.06,2026-09-19,1353,T,100,6.1NRT,288.2,41.17,N
-13.07026,141.77209,339.39,1.11,1.05,2026-09-19,629,A,90,6.1NRT,297.9,41.13,D
-16.74231,33.46927,317.9,3.25,1.7,2026-09-19,1304,A,64,6.1NRT,301.67,41.12,D
-12.89247,36.66938,329.63,1.6,1.24,2026-09-19,1304,A,81,6.1NRT,294.79,41.11,D
48.42807,42.41289,338.7,1.09,1.04,2026-09-19,614,T,90,6.1NRT,297.17,41.09,D
-11.13981,-54.02367,323.78,1.62,1.25,2026-09-19,39,T,100,6.1NRT,293.87,41.05,N
-2.94822,110.94469,341.19,1.12,1.05,2026-09-19,811,A,82,6.1NRT,298.0,41.04,D
-2.18604,112.43961,342.43,1.0,1.0,2026-09-19,811,A,91,6.1NRT,297.62,40.99,D
-23.85142,135.23798,324.0,2.3,1.47,2026-09-19,627,A,73,6.1NRT,307.97,40.93,D
37.60601,-119.61408,337.31,1.01,1.0,2026-09-19,412,T,100,6.1NRT,285.84,40.91,N
-6.00728,-51.8107,311.28,3.0,1.65,2026-09-19,41,T,82,6.1NRT,295.36,40.9,N
-9.89024,29.97155,342.58,1.01,1.01,2026-09-19,631,T,92,6.1NRT,297.3,40.9,D
-10.92348,-53.97254,324.08,1.65,1.26,2026-09-19,39,T,100,6.1NRT,293.97,40.85,N
-8.1854,37.79926,338.13,1.16,1.07,2026-09-19,1304,A,88,6.1NRT,300.46,40.76,D
-18.48539,145.55582,328.79,1.55,1.23,2026-09-19,627,A,44,6.1NRT,294.66,40.7,D
-3.19675,111.84527,344.91,1.04,1.02,2026-09-19,811,A,90,6.1NRT,300.69,40.67,D
28.37486,49.63204,313.06,3.9,1.84,2026-09-19,620,T,57,6.1NRT,302.12,40.67,D
6.69183,33.58346,335.52,1.34,1.15,2026-09-19,1308,A,87,6.1NRT,301.04,40.63,D
-3.13068,104.40913,335.38,1.12,1.05,2026-09-19,1353,T,100,6.1NRT,285.6,40.6,N
-2.91916,112.90845,344.39,1.0,1.0,2026-09-19,811,A,92,6.1NRT,303.77,40.59,D
-3.02936,104.03615,339.62,1.12,1.05,2026-09-19,134,T,90,6.1NRT,298.0,40.58,D
-7.60236,-45.42978,337.31,1.2,1.09,2026-09-19,1128,T,87,6.1NRT,303.82,40.57,D
-8.01557,30.15086,311.45,4.44,1.94,2026-09-19,1304,A,38,6.1NRT,293.24,40.55,D
-16.88231,35.59577,324.29,2.22,1.44,2026-09-19,1304,A,76,6.1NRT,303.87,40.55,D
-17.06193,33.59151,317.14,3.21,1.7,2026-09-19,1304,A,62,6.1NRT,301.45,40.54,D
-3.34037,-59.81303,337.92,1.01,1.0,2026-09-19,41,T,100,6.1NRT,287.31,40.51,N
-3.11302,111.84487,341.84,1.04,1.02,2026-09-19,811,A,91,6.1NRT,297.54,40.36,D
-1.53777,104.3942,335.17,1.16,1.07,2026-09-19,1353,T,100,6.1NRT,294.28,40.34,N
-3.17833,114.78837,341.11,1.1,1.04,2026-09-19,811,A,90,6.1NRT,302.01,40.33,D
-16.59879,35.45319,323.4,2.25,1.45,2026-09-19,1304,A,74,6.1NRT,302.03,40.32,D
-17.67436,30.69832,302.51,3.13,1.68,2026-09-19,54,A,50,6.1NRT,285.42,40.27,N
-3.17918,112.39719,341.87,1.01,1.0,2026-09-19,811,A,91,6.1NRT,299.59,40.24,D
-3.17974,114.77885,340.81,1.09,1.04,2026-09-19,811,A,90,6.1NRT,303.16,40.19,D
-8.20616,35.71409,325.82,1.6,1.24,2026-09-19,1304,A,80,6.1NRT,295.79,40.18,D
-2.94034,10.9376,332.74,1.36,1.15,2026-09-19,807,T,66,6.1NRT,294.79,40.18,D
-3.43489,104.87414,334.02,1.17,1.08,2026-09-19,1353,T,100,6.1NRT,295.12,40.18,N
-23.46125,32.82542,308.56,4.44,1.94,2026-09-19,1301,A,55,6.1NRT,293.72,40.15,D
-1.69944,110.26409,339.03,1.17,1.08,2026-09-19,811,A,89,6.1NRT,297.6,40.15,D
-16.96487,135.7422,318.96,1.9,1.35,2026-09-19,1208,T,98,6.1NRT,292.4,40.1,N
-17.22504,33.62197,318.19,3.21,1.7,2026-09-19,1304,A,46,6.1NRT,300.58,40.07,D
-2.8928,114.28207,342.62,1.05,1.03,2026-09-19,811,A,91,6.1NRT,302.81,40.05,D
43.26338,21.69187,328.95,1.51,1.21,2026-09-19,1318,A,84,6.1NRT,295.08,40.04,D
-2.89548,-57.80267,337.63,1.1,1.04,2026-09-19,724,A,100,6.1NRT,290.08,40.03,N
-16.52604,35.8727,324.56,2.09,1.41,2026-09-19,1304,A,76,6.1NRT,300.15,40.02,D
2.31811,117.95198,322.73,2.19,1.43,2026-09-19,811,A,55,6.1NRT,293.97,39.99,D
-0.70119,116.94559,328.6,1.61,1.25,2026-09-19,811,A,82,6.1NRT,297.98,39.97,D
-35.79466,136.99944,313.54,2.48,1.52,2026-09-19,625,A,72,6.1NRT,294.76,39.97,D
18.07828,-71.55,322.66,1.54,1.22,2026-09-19,854,A,100,6.1NRT,280.98,39.93,N
-3.19281,113.75687,345.98,1.02,1.01,2026-09-19,811,A,93,6.1NRT,301.26,39.93,D
32.11303,47.40728,330.23,2.22,1.44,2026-09-19,618,T,78,6.1NRT,311.62,39.88,D
-11.06011,-49.78474,306.17,3.49,1.76,2026-09-19,39,T,67,6.1NRT,293.09,39.84,N
-20.48373,34.54516,315.69,3.02,1.65,2026-09-19,1301,A,66,6.1NRT,297.47,39.83,D
-15.99172,32.3989,315.18,3.85,1.83,2026-09-19,1304,A,55,6.1NRT,298.6,39.82,D
9.64217,-63.5587,339.22,1.01,1.0,2026-09-19,48,T,100,6.1NRT,293.46,39.77,N
-9.97285,29.84292,341.14,1.02,1.01,2026-09-19,631,T,91,6.1NRT,299.55,39.76,D
-12.37743,136.78503,333.0,1.23,1.1,2026-09-19,629,A,85,6.1NRT,293.28,39.67,D
-10.79543,38.43317,339.99,1.15,1.07,2026-09-19,1304,A,89,6.1NRT,302.74,39.66,D
-16.03175,37.69901,330.25,1.5,1.21,2026-09-19,1304,A,82,6.1NRT,296.62,39.62,D
-15.99919,-61.61833,326.93,1.44,1.19,2026-09-19,39,T,100,6.1NRT,292.78,39.59,N
-17.14287,35.92827,324.68,2.11,1.41,2026-09-19,1301,A,76,6.1NRT,301.74,39.59,D
-18.55915,45.84583,334.39,1.29,1.13,2026-09-19,1301,A,85,6.1NRT,301.98,39.58,D
-3.16358,112.01575,305.99,4.11,1.88,2026-09-19,1353,T,22,6.1NRT,290.14,39.57,N
-3.35968,-50.44333,304.96,4.31,1.92,2026-09-19,41,T,62,6.1NRT,291.31,39.51,N
-3.19333,113.87482,344.39,1.02,1.01,2026-09-19,811,A,92,6.1NRT,304.9,39.5,D
-17.33476,36.06052,324.7,2.07,1.4,2026-09-19,1301,A,76,6.1NRT,303.43,39.5,D
-2.7856,112.81985,344.18,1.0,1.0,2026-09-19,811,A,88,6.1NRT,299.8,39.47,D
-22.61354,133.44164,334.56,1.11,1.05,2026-09-19,1206,T,100,6.1NRT,292.6,39.45,N
60.42384,96.47841,312.13,1.87,1.34,2026-09-19,1229,T,84,6.1NRT,277.01,39.45,N
45.2389,20.85899,331.2,1.49,1.21,2026-09-19,1318,A,86,6.1NRT,300.93,39.38,D
-3.17762,112.46872,341.8,1.01,1.0,2026-09-19,811,A,91,6.1NRT,302.2,39.37,D
-6.63416,35.11774,330.14,1.67,1.27,2026-09-19,1304,A,80,6.1NRT,305.9,39.37,D
-2.79582,110.27614,336.87,1.21,1.09,2026-09-19,811,A,66,6.1NRT,299.35,39.36,D
-6.324,-45.60862,334.89,1.27,1.12,2026-09-19,1128,T,86,6.1NRT,302.4,39.35,D
-18.14263,45.36489,336.48,1.23,1.1,2026-09-19,1301,A,87,6.1NRT,302.07,39.32,D
-2.75278,112.78264,341.91,1.0,1.0,2026-09-19,811,A,91,6.1NRT,301.0,39.27,D
-9.85749,30.44692,341.39,1.0,1.0,2026-09-19,631,T,91,6.1NRT,299.11,39.22,D
66.95129,75.5657,310.64,2.32,1.47,2026-09-19,610,T,61,6.1NRT,282.61,39.22,D
-1.56082,110.81532,307.74,3.51,1.76,2026-09-19,1353,T,56,6.1NRT,289.49,39.19,N
-24.92922,-63.6427,309.5,2.69,1.57,2026-09-19,37,T,78,6.1NRT,284.21,39.16,N
48.25531,38.35782,311.54,3.41,1.74,2026-09-19,1318,A,58,6.1NRT,295.22,39.13,D
-0.37294,116.45905,330.25,1.5,1.21,2026-09-19,811,A,83,6.1NRT,295.83,39.12,D
-16.80457,-46.98959,300.99,4.38,1.93,2026-09-19,39,T,36,6.1NRT,289.7,39.12,N
-3.15243,113.83566,344.88,1.02,1.01,2026-09-19,811,A,92,6.1NRT,302.28,39.1,D
-3.2004,111.88271,343.35,1.04,1.02,2026-09-19,811,A,91,6.1NRT,300.64,39.03,D
-3.20697,111.83753,344.74,1.04,1.02,2026-09-19,811,A,89,6.1NRT,300.18,38.97,D
-5.25571,36.73191,335.83,1.23,1.1,2026-09-19,1306,A,86,6.1NRT,303.92,38.95,D
-13.03212,38.92207,338.78,1.15,1.07,2026-09-19,1304,A,88,6.1NRT,302.23,38.94,D
-0.91502,110.13622,310.49,3.18,1.69,2026-09-19,1353,T,59,6.1NRT,290.8,38.93,N
-1.96684,111.18896,306.71,3.71,1.8,2026-09-19,1353,T,37,6.1NRT,282.82,38.89,N
-18.88404,33.94259,315.46,3.19,1.69,2026-09-19,1301,A,48,6.1NRT,295.77,38.85,D
-18.38796,33.91423,316.99,3.16,1.68,2026-09-19,1301,A,68,6.1NRT,299.08,38.82,D
-14.34487,24.07319,321.51,1.9,1.35,2026-09-19,631,T,78,6.1NRT,295.8,38.79,D
-21.69612,44.89583,342.55,1.07,1.03,2026-09-19,1301,A,82,6.1NRT,309.67,38.78,D
-2.80691,112.79635,342.06,1.0,1.0,2026-09-19,811,A,91,6.1NRT,299.56,38.77,D
-5.87881,32.0232,320.06,2.88,1.62,2026-09-19,1306,A,66,6.1NRT,298.24,38.74,D
-0.46696,111.60472,304.21,4.25,1.91,2026-09-19,1353,T,59,6.1NRT,288.38,38.74,N
-3.01925,114.04684,342.84,1.04,1.02,2026-09-19,811,A,91,6.1NRT,301.63,38.73,D
-5.75562,-57.57716,310.8,4.05,1.87,2026-09-19,1304,T,55,6.1NRT,295.84,38.71,D
-19.67694,44.96835,338.29,1.12,1.06,2026-09-19,1301,A,82,6.1NRT,304.87,38.67,D
-2.91271,113.09086,343.1,1.0,1.0,2026-09-19,811,A,92,6.1NRT,300.76,38.63,D
-7.51791,31.40725,314.56,3.45,1.75,2026-09-19,1304,A,32,6.1NRT,294.45,38.63,D
-2.24112,116.26218,332.42,1.36,1.16,2026-09-19,811,A,84,6.1NRT,300.16,38.62,D
-14.50523,40.5202,340.26,1.03,1.01,2026-09-19,1304,A,90,6.1NRT,301.89,38.6,D
-8.77367,-48.68712,303.57,4.71,1.99,2026-09-19,39,T,56,6.1NRT,293.56,38.57,N
-12.44252,32.53263,316.61,3.34,1.72,2026-09-19,1304,A,23,6.1NRT,293.86,38.56,D
-3.09691,112.32468,341.23,1.01,1.01,2026-09-19,811,A,90,6.1NRT,289.44,38.55,D
66.70579,80.45078,302.91,3.14,1.68,2026-09-19,610,T,54,6.1NRT,281.79,38.53,D
-2.90254,105.10887,332.83,1.22,1.1,2026-09-19,1353,T,100,6.1NRT,293.84,38.48,N
-19.02854,-46.92259,335.94,1.07,1.03,2026-09-19,1130,T,89,6.1NRT,293.55,38.44,D
-15.00018,37.07972,318.15,2.68,1.57,2026-09-19,631,T,70,6.1NRT,296.79,38.4,D
-29.8334,151.1982,318.64,2.22,1.44,2026-09-19,625,A,46,6.1NRT,299.5,38.37,D
-14.79169,24.4747,323.8,1.74,1.29,2026-09-19,631,T,79,6.1NRT,296.82,38.34,D
-3.21174,113.75065,343.57,1.02,1.01,2026-09-19,811,A,90,6.1NRT,303.67,38.31,D
-12.43002,141.96332,337.04,1.15,1.07,2026-09-19,629,A,89,6.1NRT,297.18,38.27,D
-13.20894,36.26402,326.23,1.73,1.29,2026-09-19,1304,A,64,6.1NRT,298.88,38.25,D
-17.55334,33.22077,313.36,3.49,1.76,2026-09-19,1301,A,39,6.1NRT,298.62,38.25,D
-28.00154,145.02827,340.54,1.06,1.03,2026-09-19,625,A,89,6.1NRT,308.6,38.23,D
-12.70955,-45.96924,338.4,1.12,1.05,2026-09-19,1128,T,89,6.1NRT,299.43,38.19,D
-2.79102,110.95723,307.06,3.43,1.74,2026-09-19,1353,T,70,6.1NRT,289.79,38.16,N
-2.40789,112.93475,341.23,1.0,1.0,2026-09-19,811,A,85,6.1NRT,298.34,38.1,D
-23.44494,-64.3356,320.68,2.13,1.42,2026-09-19,1308,T,69,6.1NRT,298.24,38.09,D
60.78153,97.0858,313.77,1.73,1.29,2026-09-19,1232,T,88,6.1NRT,273.82,38.01,N
60.43962,97.54578,329.94,1.14,1.06,2026-09-19,828,A,87,6.1NRT,285.89,37.94,D
0.23482,111.10088,338.46,1.04,1.02,2026-09-19,811,A,89,6.1NRT,297.04,37.93,D
-17.61596,33.50827,315.76,3.32,1.72,2026-09-19,1301,A,56,6.1NRT,299.85,37.91,D
-9.04452,-48.71147,323.78,1.92,1.35,2026-09-19,1128,T,75,6.1NRT,300.68,37.88,D
12.95799,124.57913,311.09,3.92,1.84,2026-09-19,637,A,0,6.1NRT,290.06,37.86,D
-9.90665,29.96005,341.25,1.01,1.01,2026-09-19,631,T,91,6.1NRT,298.25,37.86,D
-2.82233,111.17431,338.38,1.09,1.04,2026-09-19,811,A,89,6.1NRT,299.05,37.8,D
-3.10553,112.65464,342.32,1.0,1.0,2026-09-19,811,A,91,6.1NRT,302.84,37.76,D
-3.03411,104.03732,336.29,1.08,1.04,2026-09-19,1353,T,100,6.1NRT,295.22,37.75,N
-11.54691,130.53856,313.04,3.55,1.77,2026-09-19,629,A,53,6.1NRT,295.04,37.75,D
-7.46463,36.39366,333.7,1.39,1.17,2026-09-19,1304,A,86,6.1NRT,306.33,37.74,D
-22.40635,136.20744,327.04,1.86,1.33,2026-09-19,627,A,76,6.1NRT,307.35,37.74,D
-2.75129,112.85351,341.38,1.0,1.0,2026-09-19,811,A,91,6.1NRT,301.08,37.73,D
6.67663,34.53644,335.12,1.17,1.08,2026-09-19,1308,A,87,6.1NRT,298.8,37.7,D
-28.92594,151.80539,319.49,1.74,1.29,2026-09-19,1026,T,58,6.1NRT,289.83,37.66,N
-16.6442,36.2661,325.01,1.95,1.36,2026-09-19,1304,A,76,6.1NRT,299.67,37.65,D
-11.88054,-47.62448,331.95,1.43,1.18,2026-09-19,1128,T,84,6.1NRT,301.7,37.65,D
-16.4032,45.62894,334.26,1.35,1.15,2026-09-19,1301,A,85,6.1NRT,302.96,37.64,D
-12.56341,136.25327,333.0,1.33,1.14,2026-09-19,629,A,85,6.1NRT,299.85,37.64,D
-2.73579,110.88495,337.08,1.12,1.05,2026-09-19,811,A,88,6.1NRT,298.02,37.63,D
29.07961,19.06756,315.63,1.9,1.35,2026-09-19,219,A,92,6.1NRT,292.2,37.62,N
66.90509,75.60133,319.93,1.51,1.21,2026-09-19,833,A,80,6.1NRT,281.09,37.55,D
41.17413,1.24196,319.85,2.08,1.4,2026-09-19,934,T,76,6.1NRT,295.9,37.54,D
-2.99394,114.03387,340.61,1.03,1.02,2026-09-19,811,A,90,6.1NRT,302.58,37.54,D
-16.9409,135.9565,317.91,1.98,1.37,2026-09-19,1208,T,90,6.1NRT,293.91,37.54,N
66.24847,76.81922,320.37,1.35,1.15,2026-09-19,28,A,100,6.1NRT,271.53,37.53,N
3.37124,33.75065,333.09,1.46,1.2,2026-09-19,1308,A,81,6.1NRT,306.76,37.52,D
-16.2334,45.72647,332.62,1.38,1.16,2026-09-19,1301,A,84,6.1NRT,301.45,37.45,D
3.31624,34.33528,335.03,1.34,1.15,2026-09-19,1308,A,85,6.1NRT,300.75,37.39,D
6.93671,34.48858,334.26,1.17,1.08,2026-09-19,1308,A,82,6.1NRT,299.16,37.36,D
-10.70344,-60.72788,328.16,1.26,1.12,2026-09-19,724,A,100,6.1NRT,288.32,37.36,N
-17.16669,36.07089,323.49,2.06,1.4,2026-09-19,1301,A,75,6.1NRT,301.99,37.35,D
-18.36968,35.02789,318.55,2.58,1.54,2026-09-19,1301,A,55,6.1NRT,299.17,37.3,D
-3.15974,111.89782,339.75,1.03,1.02,2026-09-19,811,A,89,6.1NRT,298.68,37.29,D
-24.83728,30.57214,330.09,1.25,1.11,2026-09-19,635,T,86,6.1NRT,291.64,37.29,D
47.95829,35.98304,309.42,4.5,1.95,2026-09-19,752,T,23,6.1NRT,295.17,37.27,D
-17.27361,35.48166,321.65,2.29,1.47,2026-09-19,1301,A,72,6.1NRT,301.69,37.21,D
-14.203,36.46423,325.03,1.73,1.29,2026-09-19,1304,A,76,6.1NRT,299.5,37.2,D
-19.87284,33.87212,315.51,3.34,1.72,2026-09-19,1301,A,47,6.1NRT,299.52,37.18,D
-3.0079,114.06768,316.47,3.08,1.67,2026-09-19,134,T,30,6.1NRT,294.11,37.17,D
-3.00959,104.01785,335.94,1.08,1.04,2026-09-19,1353,T,100,6.1NRT,295.19,37.11,N
-19.87461,33.86479,315.87,3.34,1.72,2026-09-19,1301,A,43,6.1NRT,298.98,37.1,D
-7.46287,36.40592,333.33,1.39,1.17,2026-09-19,1304,A,85,6.1NRT,305.82,37.1,D
-17.12465,33.56977,317.01,3.23,1.7,2026-09-19,1304,A,62,6.1NRT,299.97,37.08,D
-2.55219,111.55568,306.19,3.87,1.83,2026-09-19,1353,T,48,6.1NRT,288.3,37.07,N
-16.07145,36.72738,327.41,1.77,1.3,2026-09-19,1304,A,57,6.1NRT,297.34,37.07,D
-2.89257,-57.82175,335.29,1.1,1.05,2026-09-19,724,A,100,6.1NRT,285.74,37.06,N
8.16527,33.86887,332.95,1.22,1.1,2026-09-19,1308,A,86,6.1NRT,293.64,37.03,D
-4.0679,-56.24609,326.02,1.45,1.19,2026-09-19,41,T,100,6.1NRT,294.09,37.0,N
-8.11143,112.91959,336.52,1.04,1.02,2026-09-19,809,A,88,6.1NRT,298.45,36.97,D
-2.57748,111.59059,340.26,1.05,1.02,2026-09-19,811,A,90,6.1NRT,297.77,36.88,D
-3.15657,114.06133,340.92,1.03,1.02,2026-09-19,811,A,90,6.1NRT,301.49,36.85,D
-2.85046,102.96723,337.88,1.01,1.01,2026-09-19,1353,T,100,6.1NRT,294.43,36.8,N
-2.0111,111.07201,306.93,3.62,1.78,2026-09-19,1353,T,68,6.1NRT,288.24,36.8,N
-6.44884,-59.9871,317.04,2.65,1.56,2026-09-19,1304,T,55,6.1NRT,294.9,36.79,D
9.64093,-63.56762,337.19,1.01,1.0,2026-09-19,48,T,100,6.1NRT,293.46,36.78,N
-3.1845,113.8735,343.24,1.02,1.01,2026-09-19,811,A,91,6.1NRT,304.3,36.77,D
-2.8593,102.96848,337.92,1.01,1.01,2026-09-19,1353,T,100,6.1NRT,295.82,36.76,N
-3.43645,111.96638,340.73,1.03,1.02,2026-09-19,811,A,68,6.1NRT,299.78,36.75,D
-6.99069,34.6132,328.02,1.86,1.33,2026-09-19,1304,A,76,6.1NRT,305.44,36.73,D
66.9604,75.54703,319.53,1.51,1.21,2026-09-19,833,A,75,6.1NRT,280.14,36.7,D
-15.9549,26.17143,332.87,1.27,1.12,2026-09-19,631,T,86,6.1NRT,299.81,36.69,D
-6.88364,35.32266,330.65,1.63,1.26,2026-09-19,1304,A,81,6.1NRT,307.39,36.64,D
-13.17574,36.25277,325.81,1.73,1.29,2026-09-19,1304,A,78,6.1NRT,290.58,36.62,D
-10.70125,-60.72186,327.33,1.26,1.12,2026-09-19,724,A,100,6.1NRT,285.78,36.59,N
-3.14394,113.77092,342.66,1.02,1.01,2026-09-19,811,A,72,6.1NRT,304.16,36.57,D
-16.27743,34.26853,320.01,2.76,1.59,2026-09-19,1304,A,69,6.1NRT,302.19,36.54,D
2.64945,114.39501,315.29,2.63,1.56,2026-09-19,132,T,56,6.1NRT,290.62,36.53,D
-3.61213,105.66881,328.62,1.29,1.13,2026-09-19,1353,T,100,6.1NRT,293.44,36.51,N
-5.22029,33.72249,326.13,2.04,1.39,2026-09-19,1306,A,75,6.1NRT,304.0,36.49,D
-10.83378,-50.17589,307.93,3.28,1.71,2026-09-19,39,T,41,6.1NRT,293.77,36.46,N
-3.20441,113.922,342.02,1.03,1.01,2026-09-19,811,A,75,6.1NRT,302.17,36.44,D
-3.5188,-50.78334,304.85,4.03,1.86,2026-09-19,41,T,61,6.1NRT,291.5,36.44,N
-2.99919,104.02599,335.66,1.08,1.04,2026-09-19,1353,T,100,6.1NRT,293.33,36.43,N
-15.0738,-49.59658,307.3,3.0,1.65,2026-09-19,39,T,71,6.1NRT,290.97,36.36,N
-3.18758,111.90842,340.92,1.03,1.02,2026-09-19,811,A,90,6.1NRT,299.71,36.35,D
65.67118,84.34937,301.26,3.21,1.7,2026-09-19,1009,A,46,6.1NRT,283.92,36.33,D
-20.14308,47.35697,324.79,1.52,1.22,2026-09-19,1301,A,78,6.1NRT,296.14,36.32,D
-11.98247,-52.4699,315.87,2.06,1.4,2026-09-19,39,T,92,6.1NRT,294.52,36.31,N
-2.8262,113.05466,341.11,1.0,1.0,2026-09-19,811,A,83,6.1NRT,298.33,36.27,D
-2.89645,115.37747,334.44,1.18,1.08,2026-09-19,811,A,86,6.1NRT,299.19,36.26,D
-22.22151,44.00601,339.23,1.01,1.0,2026-09-19,1301,A,83,6.1NRT,296.39,36.25,D
-2.87624,114.27024,339.43,1.05,1.02,2026-09-19,811,A,89,6.1NRT,301.05,36.22,D
-3.12816,111.86556,339.07,1.04,1.02,2026-09-19,811,A,89,6.1NRT,298.12,36.21,D
-11.94599,-50.13705,308.05,3.14,1.68,2026-09-19,39,T,73,6.1NRT,293.16,36.21,N
-3.72611,105.50296,329.15,1.26,1.11,2026-09-19,1353,T,100,6.1NRT,294.22,36.15,N
-0.05047,116.76365,328.25,1.6,1.25,2026-09-19,811,A,82,6.1NRT,296.56,36.15,D
-32.75788,151.85484,313.41,1.93,1.36,2026-09-19,1026,T,87,6.1NRT,287.31,36.14,N
-2.82917,111.07257,335.78,1.1,1.05,2026-09-19,811,A,87,6.1NRT,297.26,36.11,D
-7.92282,-61.34942,319.36,2.17,1.43,2026-09-19,1304,T,76,6.1NRT,296.92,36.09,D
-3.1017,113.87355,344.78,1.02,1.01,2026-09-19,811,A,81,6.1NRT,301.84,36.06,D
-3.11239,114.04182,314.4,3.08,1.67,2026-09-19,134,T,55,6.1NRT,294.75,36.06,D
-17.96629,-62.19636,318.87,1.68,1.28,2026-09-19,39,T,98,6.1NRT,291.03,36.05,N
-18.91364,35.83965,319.06,2.28,1.46,2026-09-19,1301,A,20,6.1NRT,297.8,36.05,D
-1.47921,132.18428,315.19,1.91,1.35,2026-09-19,1212,T,91,6.1NRT,284.9,36.05,N
45.14787,20.8263,328.68,1.5,1.21,2026-09-19,1318,A,84,6.1NRT,298.29,36.04,D
-19.72809,45.86254,334.44,1.24,1.11,2026-09-19,1301,A,85,6.1NRT,303.19,36.02,D
-11.05492,-49.75376,304.96,3.51,1.76,2026-09-19,39,T,62,6.1NRT,293.03,36.0,N
-3.22823,114.69515,338.42,1.08,1.04,2026-09-19,809,A,88,6.1NRT,303.37,35.98,D
-13.06732,23.97773,318.82,2.04,1.39,2026-09-19,631,T,75,6.1NRT,294.91,35.95,D
66.89906,75.60719,319.0,1.51,1.21,2026-09-19,833,A,79,6.1NRT,281.48,35.93,D
-2.91019,112.90813,319.75,2.47,1.51,2026-09-19,134,T,63,6.1NRT,295.05,35.92,D
-3.39742,114.78837,315.83,3.57,1.77,2026-09-19,134,T,36,6.1NRT,296.02,35.91,D
-2.80819,112.78765,339.71,1.0,1.0,2026-09-19,811,A,90,6.1NRT,300.47,35.85,D
-5.74552,-57.583,309.87,4.05,1.87,2026-09-19,1304,T,54,6.1NRT,295.78,35.84,D
18.50405,-96.14951,313.21,2.2,1.44,2026-09-19,226,T,87,6.1NRT,285.42,35.83,N
-12.36298,136.60184,335.56,1.26,1.12,2026-09-19,629,A,73,6.1NRT,298.63,35.77,D
-13.49808,23.79615,317.91,2.07,1.4,2026-09-19,631,T,74,6.1NRT,294.59,35.71,D
-17.22904,33.58866,315.91,3.23,1.7,2026-09-19,1304,A,58,6.1NRT,300.5,35.68,D
-8.7935,36.62507,326.54,1.4,1.17,2026-09-19,1304,A,81,6.1NRT,291.32,35.67,D
-10.86402,-54.10117,321.88,1.62,1.25,2026-09-19,39,T,100,6.1NRT,294.32,35.66,N
-17.81969,48.34669,322.07,1.99,1.38,2026-09-19,1301,A,52,6.1NRT,297.66,35.61,D
-18.19648,33.58014,316.34,3.34,1.72,2026-09-19,1301,A,53,6.1NRT,300.23,35.59,D
-16.21389,32.77378,316.25,3.62,1.78,2026-09-19,1304,A,60,6.1NRT,300.76,35.56,D
-1.57563,110.4173,309.44,3.26,1.71,2026-09-19,1353,T,56,6.1NRT,291.12,35.56,N
-4.86806,36.28512,335.29,1.3,1.13,2026-09-19,1306,A,86,6.1NRT,307.94,35.52,D
-11.1076,30.998,338.29,1.01,1.0,2026-09-19,631,T,90,6.1NRT,298.23,35.49,D
-3.11636,113.95781,339.67,1.03,1.01,2026-09-19,811,A,88,6.1NRT,300.95,35.44,D
-16.17377,36.73022,322.85,1.77,1.3,2026-09-19,1304,A,74,6.1NRT,296.82,35.44,D
59.8044,109.42043,315.69,1.6,1.25,2026-09-19,253,T,76,6.1NRT,278.81,35.44,D
-10.56255,39.11058,336.95,1.07,1.03,2026-09-19,1304,A,88,6.1NRT,298.45,35.44,D
48.29049,37.75041,311.34,3.16,1.68,2026-09-19,1318,A,61,6.1NRT,296.12,35.43,D
-29.83895,151.17155,317.08,2.21,1.44,2026-09-19,625,A,72,6.1NRT,298.84,35.43,D
-3.16157,113.77354,341.53,1.02,1.01,2026-09-19,811,A,83,6.1NRT,307.36,35.42,D
-2.74169,110.71528,336.22,1.14,1.06,2026-09-19,811,A,87,6.1NRT,297.82,35.41,D
-2.85493,112.28574,338.83,1.01,1.01,2026-09-19,811,A,84,6.1NRT,299.46,35.4,D
-3.27163,112.59428,318.37,2.36,1.48,2026-09-19,134,T,71,6.1NRT,294.23,35.39,D
9.73458,-63.45438,300.9,4.57,1.96,2026-09-19,720,A,35,6.1NRT,288.37,35.35,N
2.44551,-158.71892,310.85,3.75,1.81,2026-09-19,139,A,0,6.1NRT,291.55,35.32,D
-2.01207,111.09734,306.89,3.64,1.79,2026-09-19,1353,T,52,6.1NRT,287.17,35.3,N
65.4332,82.90893,304.92,2.86,1.61,2026-09-19,1009,A,60,6.1NRT,285.76,35.3,D
-17.61385,33.51246,315.22,3.32,1.72,2026-09-19,1301,A,36,6.1NRT,300.18,35.25,D
-2.05929,113.98075,338.46,1.04,1.02,2026-09-19,811,A,89,6.1NRT,299.2,35.24,D
-5.45136,34.85941,326.73,1.68,1.27,2026-09-19,1306,A,76,6.1NRT,303.01,35.21,D
-6.40745,33.95084,322.47,2.05,1.39,2026-09-19,1306,A,69,6.1NRT,301.13,35.21,D
-3.12059,111.85522,339.79,1.04,1.02,2026-09-19,811,A,71,6.1NRT,297.97,35.2,D
66.70685,80.44516,301.55,3.14,1.68,2026-09-19,610,T,48,6.1NRT,281.87,35.19,D
-16.02346,36.74634,324.46,1.76,1.3,2026-09-19,1304,A,75,6.1NRT,297.31,35.18,D
-14.5273,39.32247,334.94,1.14,1.06,2026-09-19,1304,A,81,6.1NRT,296.83,35.17,D
-3.13179,113.91447,342.62,1.03,1.01,2026-09-19,811,A,91,6.1NRT,302.97,35.15,D
-2.81376,110.35325,336.39,1.19,1.09,2026-09-19,811,A,87,6.1NRT,300.46,35.15,D
6.56017,34.60843,335.47,1.17,1.07,2026-09-19,1308,A,87,6.1NRT,299.68,35.12,D
-5.62485,35.01247,328.46,1.64,1.26,2026-09-19,1306,A,79,6.1NRT,304.6,35.09,D
-15.45495,46.73154,323.82,1.68,1.27,2026-09-19,1301,A,78,6.1NRT,292.61,35.09,D
37.59887,-119.60097,333.77,1.01,1.0,2026-09-19,412,T,83,6.1NRT,283.81,35.07,N
-27.93405,152.38516,320.85,1.54,1.22,2026-09-19,1026,T,100,6.1NRT,294.35,35.07,N
-5.94968,-44.81755,335.13,1.16,1.07,2026-09-19,1128,T,86,6.1NRT,300.61,35.04,D
-7.73717,23.98286,313.97,2.56,1.54,2026-09-19,629,T,67,6.1NRT,290.75,35.03,D
-4.08115,138.92075,335.16,1.04,1.02,2026-09-19,631,A,78,6.1NRT,284.04,35.03,D
-1.94978,113.03233,339.79,1.0,1.0,2026-09-19,811,A,90,6.1NRT,300.11,35.03,D
37.59866,-119.59027,333.19,1.01,1.0,2026-09-19,1206,A,93,6.1NRT,282.12,35.01,N
-8.01932,30.15498,310.56,4.44,1.94,2026-09-19,1304,A,27,6.1NRT,293.25,35.0,D
-6.43513,-59.98509,317.05,2.65,1.56,2026-09-19,1304,T,43,6.1NRT,294.91,34.96,D
-17.4448,36.6522,325.11,1.87,1.34,2026-09-19,1301,A,77,6.1NRT,300.29,34.93,D
-3.17788,113.91805,342.1,1.03,1.01,2026-09-19,811,A,86,6.1NRT,300.32,34.9,D
-35.7791,137.02451,312.23,2.47,1.51,2026-09-19,625,A,47,6.1NRT,294.38,34.9,D
-13.68025,-48.57573,304.95,3.85,1.83,2026-09-19,39,T,61,6.1NRT,293.46,34.87,N
-1.53678,110.15746,310.34,3.11,1.67,2026-09-19,1353,T,71,6.1NRT,289.56,34.86,N
-2.1361,110.23381,310.13,3.08,1.67,2026-09-19,1353,T,79,6.1NRT,291.87,34.82,N
-25.41529,149.07436,320.18,1.99,1.38,2026-09-19,627,A,74,6.1NRT,301.5,34.82,D
42.44312,-8.44046,301.31,3.28,1.71,2026-09-19,531,A,40,6.1NRT,287.15,34.8,N
-3.09038,114.69115,336.39,1.09,1.04,2026-09-19,811,A,87,6.1NRT,300.38,34.8,D
-35.7812,136.99774,312.04,2.48,1.52,2026-09-19,625,A,46,6.1NRT,294.39,34.77,D
44.39076,23.07373,333.75,1.23,1.1,2026-09-19,1318,A,87,6.1NRT,299.03,34.77,D
-17.08672,37.76895,326.11,1.53,1.22,2026-09-19,1301,A,79,6.1NRT,296.6,34.76,D
0.23361,-78.18965,327.7,1.09,1.04,2026-09-19,902,A,100,6.1NRT,277.44,34.72,N
-6.43027,32.00545,319.54,2.96,1.64,2026-09-19,1306,A,60,6.1NRT,296.05,34.68,D
-3.10681,112.64591,340.3,1.0,1.0,2026-09-19,811,A,90,6.1NRT,301.38,34.61,D
60.13752,109.08125,318.51,1.51,1.21,2026-09-19,650,A,79,6.1NRT,283.68,34.57,D
-13.09461,141.91913,336.44,1.12,1.06,2026-09-19,629,A,88,6.1NRT,301.07,34.54,D
-5.64494,34.54593,325.8,1.79,1.31,2026-09-19,1306,A,75,6.1NRT,303.92,34.5,D
65.53645,83.01601,304.72,2.88,1.62,2026-09-19,1009,A,41,6.1NRT,284.59,34.49,D
-3.19738,112.59361,339.15,1.0,1.0,2026-09-19,811,A,89,6.1NRT,299.5,34.49,D
-3.40151,114.77209,338.99,1.09,1.04,2026-09-19,809,A,89,6.1NRT,301.91,34.41,D
-7.18736,37.34735,333.56,1.2,1.09,2026-09-19,1304,A,86,6.1NRT,299.86,34.4,D
-9.42606,34.14828,306.61,2.49,1.52,2026-09-19,52,A,60,6.1NRT,284.25,34.35,N
-25.45543,147.58871,325.76,1.57,1.23,2026-09-19,627,A,79,6.1NRT,303.37,34.34,D
-3.15145,113.78109,341.46,1.02,1.01,2026-09-19,811,A,90,6.1NRT,305.81,34.27,D
-3.12009,114.30614,336.78,1.05,1.02,2026-09-19,811,A,87,6.1NRT,298.87,34.26,D
-1.57167,110.44583,309.08,3.28,1.71,2026-09-19,1353,T,51,6.1NRT,290.98,34.17,N
-17.34944,35.7279,322.25,2.2,1.44,2026-09-19,1301,A,73,6.1NRT,304.08,34.14,D
-8.20415,35.72834,323.09,1.59,1.24,2026-09-19,1304,A,77,6.1NRT,295.37,34.1,D
-13.37559,39.17374,335.87,1.13,1.06,2026-09-19,1304,A,75,6.1NRT,294.13,34.1,D
-2.74895,112.80873,338.25,1.0,1.0,2026-09-19,811,A,89,6.1NRT,297.95,34.08,D
-0.73155,111.66512,300.99,4.25,1.91,2026-09-19,1353,T,23,6.1NRT,281.32,34.04,N
-17.27478,34.29815,319.75,2.84,1.61,2026-09-19,1301,A,68,6.1NRT,304.16,34.02,D
60.42886,96.24136,330.95,1.07,1.03,2026-09-19,828,A,87,6.1NRT,289.31,34.02,D
-3.34179,104.21497,332.61,1.09,1.04,2026-09-19,1353,T,100,6.1NRT,286.54,34.0,N
-1.73416,116.21494,328.68,1.37,1.16,2026-09-19,811,A,77,6.1NRT,297.15,33.98,D
-16.28023,34.24325,319.21,2.78,1.59,2026-09-19,1304,A,68,6.1NRT,301.73,33.94,D
-12.57921,-49.10139,305.36,3.68,1.8,2026-09-19,39,T,64,6.1NRT,294.59,33.91,N
-17.63069,48.12259,318.89,1.93,1.36,2026-09-19,1301,A,70,6.1NRT,295.33,33.9,D
-3.18235,113.63227,339.15,1.01,1.01,2026-09-19,811,A,85,6.1NRT,301.29,33.9,D
-18.03059,35.81703,320.29,2.22,1.44,2026-09-19,1301,A,44,6.1NRT,299.78,33.89,D
-4.09189,144.47264,310.7,2.39,1.49,2026-09-19,631,A,65,6.1NRT,275.35,33.87,D
-10.0927,31.51901,337.23,1.02,1.01,2026-09-19,631,T,89,6.1NRT,295.86,33.84,D
-13.42909,35.77934,321.82,1.9,1.35,2026-09-19,1304,A,74,6.1NRT,298.62,33.84,D
-3.97941,143.05711,322.07,1.85,1.33,2026-09-19,631,A,70,6.1NRT,290.45,33.81,D
-15.7001,37.47299,327.88,1.54,1.22,2026-09-19,1304,A,49,6.1NRT,298.36,33.79,D
-8.2745,123.49616,319.19,1.64,1.26,2026-09-19,1212,T,98,6.1NRT,291.14,33.78,N
-15.76881,-61.82635,315.09,2.61,1.55,2026-09-19,1306,T,62,6.1NRT,291.6,33.78,D
6.73359,33.58231,331.75,1.33,1.14,2026-09-19,1308,A,84,6.1NRT,299.48,33.77,D
-13.66144,38.42698,334.76,1.25,1.11,2026-09-19,1304,A,85,6.1NRT,301.79,33.75,D
-15.75918,133.68159,321.26,2.31,1.47,2026-09-19,629,A,48,6.1NRT,301.14,33.73,D
-2.53793,113.36732,339.35,1.01,1.0,2026-09-19,811,A,90,6.1NRT,298.9,33.64,D
-11.74105,39.90301,336.69,1.03,1.01,2026-09-19,1304,A,87,6.1NRT,299.07,33.62,D
57.86586,105.86482,306.69,2.41,1.5,2026-09-19,650,A,63,6.1NRT,284.68,33.57,D
60.43524,97.67397,326.74,1.15,1.07,2026-09-19,828,A,85,6.1NRT,284.16,33.57,D
-2.05794,113.98982,336.82,1.05,1.02,2026-09-19,811,A,88,6.1NRT,298.9,33.56,D
-16.3203,34.45549,320.62,2.68,1.57,2026-09-19,1304,A,70,6.1NRT,302.41,33.55,D
-16.83631,34.23647,319.9,2.83,1.61,2026-09-19,1304,A,68,6.1NRT,303.66,33.47,D
60.143,109.10522,317.98,1.5,1.21,2026-09-19,650,A,78,6.1NRT,284.78,33.47,D
-1.9685,115.95293,331.2,1.31,1.14,2026-09-19,811,A,79,6.1NRT,298.16,33.44,D
-16.27551,34.23805,318.92,2.78,1.59,2026-09-19,1304,A,67,6.1NRT,301.72,33.42,D
-12.38111,29.64595,336.88,1.01,1.0,2026-09-19,631,T,89,6.1NRT,297.44,33.42,D
-3.08887,104.44845,337.0,1.07,1.03,2026-09-19,134,T,77,6.1NRT,298.08,33.36,D
-8.41212,36.26035,328.61,1.46,1.2,2026-09-19,1304,A,80,6.1NRT,296.68,33.34,D
-1.27261,110.50713,307.35,3.35,1.73,2026-09-19,1353,T,71,6.1NRT,290.9,33.34,N
-17.44766,35.98323,322.43,2.11,1.41,2026-09-19,1301,A,58,6.1NRT,302.51,33.31,D
-2.17394,112.70456,337.8,1.0,1.0,2026-09-19,811,A,88,6.1NRT,298.26,33.31,D
-3.23103,111.85954,338.5,1.04,1.02,2026-09-19,811,A,87,6.1NRT,300.39,33.3,D
61.34746,112.79699,323.06,1.18,1.08,2026-09-19,1229,T,100,6.1NRT,273.73,33.28,N
-6.00537,-51.81647,308.94,3.0,1.65,2026-09-19,41,T,76,6.1NRT,295.17,33.27,N
-2.8148,113.04631,338.95,1.0,1.0,2026-09-19,811,A,88,6.1NRT,300.9,33.27,D
63.19642,88.14745,331.35,1.04,1.02,2026-09-19,828,A,87,6.1NRT,289.08,33.27,D
-15.77574,-61.82044,314.38,2.61,1.55,2026-09-19,1306,T,61,6.1NRT,291.62,33.26,D
66.96152,75.52695,307.21,2.31,1.47,2026-09-19,610,T,65,6.1NRT,282.03,33.26,D
-12.96288,132.07292,328.63,1.24,1.11,2026-09-19,1210,T,100,6.1NRT,296.49,33.24,N
-10.64112,38.62519,335.03,1.12,1.06,2026-09-19,1304,A,86,6.1NRT,297.87,33.17,D
-18.6144,33.7788,313.1,3.26,1.71,2026-09-19,1301,A,51,6.1NRT,297.44,33.15,D
-16.18539,36.37714,320.02,1.89,1.34,2026-09-19,1304,A,67,6.1NRT,295.19,33.12,D
-11.44646,39.44706,336.39,1.06,1.03,2026-09-19,1304,A,87,6.1NRT,300.68,33.12,D
-10.70873,-50.25612,306.04,2.71,1.58,2026-09-19,724,A,67,6.1NRT,289.48,33.07,N
-15.99067,34.21162,317.54,2.76,1.59,2026-09-19,1304,A,64,6.1NRT,299.95,33.02,D
-16.79323,37.27859,325.17,1.65,1.26,2026-09-19,1304,A,77,6.1NRT,299.15,32.98,D
-3.4446,104.86938,339.22,1.04,1.02,2026-09-19,134,T,90,6.1NRT,300.36,32.97,D
-18.76237,34.77585,315.49,2.74,1.58,2026-09-19,1301,A,57,6.1NRT,298.04,32.88,D
-0.45504,111.61011,303.68,4.25,1.91,2026-09-19,1353,T,56,6.1NRT,288.37,32.81,N
-5.95055,-38.10829,327.2,1.57,1.23,2026-09-19,1125,T,79,6.1NRT,302.59,32.81,D
-2.20773,110.16859,308.68,3.03,1.66,2026-09-19,1353,T,75,6.1NRT,292.21,32.8,N
-18.3601,35.31244,316.12,2.46,1.51,2026-09-19,1301,A,57,6.1NRT,295.73,32.76,D
-5.00113,34.31013,327.39,1.82,1.32,2026-09-19,1306,A,76,6.1NRT,304.3,32.74,D
-3.22327,112.35551,338.13,1.01,1.01,2026-09-19,811,A,88,6.1NRT,299.46,32.69,D
-7.4731,36.40713,330.85,1.39,1.17,2026-09-19,1304,A,83,6.1NRT,305.56,32.65,D
-14.00008,36.35614,322.63,1.75,1.3,2026-09-19,1304,A,75,6.1NRT,298.77,32.59,D
49.47401,37.20651,303.66,4.54,1.96,2026-09-19,752,T,0,6.1NRT,286.21,32.58,D
67.54438,83.19015,329.21,1.04,1.02,2026-09-19,830,A,0,6.1NRT,286.64,32.57,D
-5.22665,35.41326,328.84,1.51,1.21,2026-09-19,1306,A,79,6.1NRT,304.16,32.55,D
-3.0215,104.04723,334.48,1.12,1.05,2026-09-19,134,T,87,6.1NRT,297.47,32.55,D
-29.81982,152.52684,311.14,2.74,1.58,2026-09-19,625,A,67,6.1NRT,298.13,32.54,D
-2.40917,112.92605,337.5,1.0,1.0,2026-09-19,811,A,88,6.1NRT,299.32,32.5,D
-10.83543,-50.18113,306.29,3.28,1.71,2026-09-19,39,T,59,6.1NRT,293.65,32.49,N
-23.48991,46.07841,334.85,1.14,1.06,2026-09-19,1301,A,86,6.1NRT,307.39,32.45,D
-14.79008,38.92676,331.15,1.21,1.09,2026-09-19,1304,A,73,6.1NRT,298.8,32.42,D
2.64604,114.41775,313.86,2.64,1.56,2026-09-19,132,T,44,6.1NRT,290.55,32.41,D
-3.20217,113.87614,341.11,1.02,1.01,2026-09-19,811,A,90,6.1NRT,305.98,32.4,D
-3.16412,114.07164,338.21,1.03,1.02,2026-09-19,811,A,88,6.1NRT,303.95,32.37,D
-19.4455,137.17047,331.05,1.44,1.19,2026-09-19,629,A,80,6.1NRT,308.26,32.34,D
-11.94621,-50.14246,306.91,3.14,1.68,2026-09-19,39,T,58,6.1NRT,293.02,32.34,N
-11.54231,130.54259,312.12,3.55,1.77,2026-09-19,629,A,50,6.1NRT,295.05,32.33,D
30.88428,47.34156,328.49,2.35,1.48,2026-09-19,618,T,53,6.1NRT,313.58,32.31,D
-17.1094,35.76009,321.7,2.17,1.43,2026-09-19,1301,A,62,6.1NRT,300.69,32.29,D
-12.90108,39.9299,337.5,1.05,1.02,2026-09-19,1304,A,87,6.1NRT,301.53,32.28,D
37.61767,-119.59692,331.5,1.01,1.0,2026-09-19,1206,A,44,6.1NRT,280.74,32.28,N
-12.92825,37.94192,330.95,1.31,1.13,2026-09-19,1304,A,82,6.1NRT,300.95,32.24,D
60.14817,109.10709,315.86,1.53,1.22,2026-09-19,253,T,76,6.1NRT,281.23,32.23,D
-17.27021,34.29071,319.03,2.84,1.61,2026-09-19,1301,A,67,6.1NRT,304.55,32.22,D
-10.53527,38.13899,333.79,1.19,1.08,2026-09-19,1304,A,81,6.1NRT,302.31,32.21,D
-21.66186,46.01532,334.71,1.19,1.09,2026-09-19,1301,A,86,6.1NRT,305.7,32.19,D
-2.15878,110.23228,326.31,1.48,1.2,2026-09-19,132,T,79,6.1NRT,294.69,32.17,D
-13.42703,35.79611,321.22,1.9,1.35,2026-09-19,1304,A,69,6.1NRT,297.65,32.11,D
57.9463,60.05646,328.83,1.0,1.0,2026-09-19,33,A,100,6.1NRT,278.64,32.11,N
-3.11289,111.85714,305.04,4.0,1.86,2026-09-19,1353,T,14,6.1NRT,290.38,32.11,N
-13.06872,141.78194,334.8,1.11,1.05,2026-09-19,629,A,82,6.1NRT,296.68,32.1,D
-3.15218,111.88751,336.09,1.04,1.02,2026-09-19,811,A,87,6.1NRT,299.06,32.08,D
-2.93302,112.24327,335.69,1.01,1.01,2026-09-19,811,A,71,6.1NRT,298.66,32.06,D
66.24742,76.80824,318.58,1.5,1.21,2026-09-19,830,A,76,6.1NRT,282.79,32.04,D
-12.90848,141.80424,333.79,1.12,1.05,2026-09-19,629,A,87,6.1NRT,299.36,32.02,D
-3.10882,113.94755,338.83,1.03,1.01,2026-09-19,811,A,88,6.1NRT,303.83,32.0,D
-2.28719,110.23456,308.05,3.06,1.66,2026-09-19,1353,T,73,6.1NRT,292.02,32.0,N
60.77513,97.05823,310.03,1.74,1.29,2026-09-19,1232,T,79,6.1NRT,273.51,31.99,N
-3.24438,114.64948,335.87,1.08,1.04,2026-09-19,809,A,87,6.1NRT,301.47,31.95,D
-17.44531,36.00241,321.95,2.1,1.41,2026-09-19,1301,A,68,6.1NRT,298.59,31.94,D
-2.77941,112.80116,339.43,1.0,1.0,2026-09-19,811,A,46,6.1NRT,301.93,31.93,D
17.8474,-93.12828,307.11,2.64,1.56,2026-09-19,1034,A,70,6.1NRT,285.47,31.93,N
-28.9283,151.80006,316.18,1.74,1.29,2026-09-19,1026,T,56,6.1NRT,288.96,31.93,N
-2.66974,114.29286,338.21,1.06,1.03,2026-09-19,811,A,63,6.1NRT,301.15,31.92,D
-7.54052,138.39209,336.0,1.0,1.0,2026-09-19,631,A,87,6.1NRT,283.17,31.9,D
-0.91893,110.10871,308.71,3.16,1.68,2026-09-19,1353,T,36,6.1NRT,290.92,31.86,N
-2.60065,107.9584,315.42,1.98,1.37,2026-09-19,1353,T,90,6.1NRT,292.07,31.86,N
-8.82654,33.52508,300.75,2.87,1.62,2026-09-19,52,A,33,6.1NRT,281.53,31.85,N
47.05552,81.60217,313.59,3.16,1.68,2026-09-19,436,T,68,6.1NRT,300.41,31.84,D
-2.92402,113.07475,338.21,1.0,1.0,2026-09-19,811,A,89,6.1NRT,301.97,31.83,D
-4.38208,-55.25914,319.26,1.7,1.28,2026-09-19,41,T,98,6.1NRT,291.97,31.82,N
-3.11154,114.04871,314.12,3.08,1.67,2026-09-19,134,T,31,6.1NRT,295.03,31.81,D
-2.95188,113.31042,338.21,1.0,1.0,2026-09-19,811,A,75,6.1NRT,301.32,31.79,D
-3.43778,111.95739,338.33,1.03,1.02,2026-09-19,811,A,67,6.1NRT,299.96,31.76,D
-3.16026,113.7824,339.75,1.02,1.01,2026-09-19,811,A,89,6.1NRT,305.34,31.76,D
-20.16781,34.54899,313.79,2.99,1.64,2026-09-19,1301,A,57,6.1NRT,297.93,31.74,D
2.31295,117.9407,319.9,2.18,1.43,2026-09-19,811,A,70,6.1NRT,293.78,31.74,D
-17.23754,-60.50066,325.97,1.27,1.12,2026-09-19,39,T,100,6.1NRT,293.69,31.74,N
-7.52559,138.3719,337.8,1.0,1.0,2026-09-19,631,A,59,6.1NRT,284.83,31.74,D
-3.51456,-50.81266,304.15,4.0,1.86,2026-09-19,41,T,58,6.1NRT,291.53,31.73,N
66.96394,75.52436,306.27,2.31,1.47,2026-09-19,610,T,60,6.1NRT,282.04,31.72,D
66.24139,76.8468,301.82,2.73,1.58,2026-09-19,610,T,49,6.1NRT,281.38,31.71,D
-12.38863,29.63566,335.01,1.01,1.0,2026-09-19,631,T,88,6.1NRT,297.1,31.69,D
-0.85608,111.67049,336.09,1.02,1.01,2026-09-19,811,A,88,6.1NRT,298.16,31.68,D
-6.44257,140.24777,332.62,1.11,1.05,2026-09-19,631,A,0,6.1NRT,290.09,31.67,D
-14.06756,37.06802,327.5,1.55,1.23,2026-09-19,1304,A,71,6.1NRT,300.72,31.65,D
-13.77308,35.70337,321.06,1.95,1.36,2026-09-19,1304,A,69,6.1NRT,297.59,31.63,D
-14.44243,39.45542,335.21,1.12,1.06,2026-09-19,1304,A,86,6.1NRT,303.02,31.62,D
-12.39869,136.33813,330.85,1.31,1.14,2026-09-19,629,A,78,6.1NRT,301.63,31.61,D
-10.9238,-53.96678,319.57,1.65,1.26,2026-09-19,39,T,99,6.1NRT,293.43,31.56,N
-6.13316,-59.94563,334.15,1.0,1.0,2026-09-19,41,T,100,6.1NRT,297.08,31.55,N
-17.44673,24.54071,324.07,1.54,1.22,2026-09-19,633,T,79,6.1NRT,297.82,31.53,D
-4.05995,119.79132,308.91,2.79,1.6,2026-09-19,1212,T,76,6.1NRT,293.14,31.5,N
-13.02969,39.07801,335.96,1.13,1.06,2026-09-19,1304,A,86,6.1NRT,304.15,31.49,D
-16.15524,37.70832,327.19,1.5,1.21,2026-09-19,1304,A,80,6.1NRT,298.24,31.49,D
-2.01871,110.67162,332.81,1.13,1.06,2026-09-19,811,A,85,6.1NRT,297.96,31.46,D
46.99344,34.62522,320.44,2.05,1.39,2026-09-19,1318,A,72,6.1NRT,301.38,31.46,D
-3.08217,111.8624,335.47,1.04,1.02,2026-09-19,811,A,87,6.1NRT,300.91,31.45,D
-3.64602,104.66431,335.66,1.05,1.02,2026-09-19,134,T,88,6.1NRT,297.71,31.44,D
-6.88557,35.30839,328.41,1.63,1.26,2026-09-19,1304,A,79,6.1NRT,306.81,31.42,D
30.21656,47.39331,328.73,1.17,1.08,2026-09-19,39,A,100,6.1NRT,299.65,31.41,N
-3.20968,113.88636,340.85,1.02,1.01,2026-09-19,811,A,90,6.1NRT,302.86,31.37,D
-2.6569,113.37379,337.16,1.01,1.0,2026-09-19,811,A,88,6.1NRT,298.77,31.33,D
-22.40241,136.24252,325.0,1.85,1.33,2026-09-19,627,A,73,6.1NRT,308.66,31.33,D
-13.77636,25.18578,322.95,1.6,1.25,2026-09-19,631,T,79,6.1NRT,296.85,31.32,D
-12.92984,37.93023,330.55,1.31,1.13,2026-09-19,1304,A,82,6.1NRT,299.22,31.32,D
-13.07041,23.99589,316.89,2.03,1.39,2026-09-19,631,T,73,6.1NRT,294.54,31.28,D
3.44061,33.48959,327.31,1.53,1.22,2026-09-19,1308,A,79,6.1NRT,301.94,31.26,D
35.62772,44.01259,332.7,1.19,1.08,2026-09-19,618,T,82,6.1NRT,305.41,31.22,D
-5.47443,32.19284,319.9,2.75,1.59,2026-09-19,1306,A,63,6.1NRT,300.99,31.21,D
-3.43212,-59.2,316.47,2.75,1.59,2026-09-19,1304,T,70,6.1NRT,297.2,31.15,D
-0.85206,110.1485,306.83,3.19,1.69,2026-09-19,1353,T,69,6.1NRT,290.16,31.14,N
-15.48862,47.95516,317.85,2.07,1.4,2026-09-19,1301,A,71,6.1NRT,297.13,31.13,D
-3.07712,104.52187,328.86,1.13,1.06,2026-09-19,1353,T,100,6.1NRT,287.64,31.12,N
-10.97276,-49.74015,319.66,2.13,1.42,2026-09-19,1128,T,72,6.1NRT,301.69,31.1,D
-3.25025,113.85605,338.13,1.02,1.01,2026-09-19,811,A,82,6.1NRT,303.26,31.09,D
-7.0266,-44.65425,333.94,1.11,1.05,2026-09-19,1128,T,85,6.1NRT,303.06,31.07,D
-16.62366,35.79185,317.89,2.12,1.42,2026-09-19,1304,A,61,6.1NRT,296.23,31.05,D
-12.95315,132.07138,327.14,1.24,1.11,2026-09-19,1210,T,100,6.1NRT,296.67,31.04,N
-2.52331,112.843,335.56,1.0,1.0,2026-09-19,811,A,87,6.1NRT,299.43,31.02,D
-6.82879,36.11213,331.0,1.42,1.18,2026-09-19,1304,A,82,6.1NRT,308.12,31.0,D
-17.87156,35.25781,319.41,2.12,1.41,2026-09-19,633,T,74,6.1NRT,295.5,31.0,D
-2.14602,110.25603,308.6,3.09,1.67,2026-09-19,1353,T,67,6.1NRT,291.92,31.0,N
-3.03734,110.96331,334.44,1.12,1.05,2026-09-19,811,A,86,6.1NRT,299.4,30.99,D
-5.56938,-43.50634,337.19,1.04,1.02,2026-09-19,1125,T,87,6.1NRT,304.18,30.99,D
-11.32641,132.46153,323.56,1.38,1.16,2026-09-19,1210,T,100,6.1NRT,294.02,30.97,N
-3.21947,113.94249,338.33,1.03,1.01,2026-09-19,811,A,88,6.1NRT,300.82,30.96,D
-10.87054,-56.18773,328.6,1.18,1.08,2026-09-19,39,T,100,6.1NRT,296.58,30.96,N
68.52261,79.96664,304.24,2.42,1.5,2026-09-19,610,T,58,6.1NRT,281.41,30.92,D
-17.51402,24.94926,326.94,1.44,1.19,2026-09-19,633,T,71,6.1NRT,298.23,30.91,D
-2.64398,116.30495,327.57,1.35,1.15,2026-09-19,811,A,80,6.1NRT,298.62,30.89,D
35.24596,44.43832,333.13,1.26,1.12,2026-09-19,618,T,83,6.1NRT,306.73,30.86,D
-7.11471,-44.04669,336.06,1.05,1.02,2026-09-19,1128,T,86,6.1NRT,303.87,30.82,D
-14.711,24.34185,319.58,1.78,1.31,2026-09-19,631,T,75,6.1NRT,296.54,30.8,D
-12.46005,135.80124,327.71,1.42,1.18,2026-09-19,629,A,81,6.1NRT,301.25,30.79,D
6.23035,33.85015,332.33,1.3,1.13,2026-09-19,1308,A,83,6.1NRT,305.08,30.76,D
57.87784,105.88653,323.47,1.11,1.05,2026-09-19,1229,T,100,6.1NRT,277.75,30.75,N
-11.08526,-48.26895,326.14,1.64,1.26,2026-09-19,1128,T,78,6.1NRT,302.84,30.75,D
-7.53923,138.40086,334.98,1.0,1.0,2026-09-19,631,A,87,6.1NRT,283.7,30.73,D
11.62587,-70.20811,307.29,2.61,1.55,2026-09-19,856,A,71,6.1NRT,284.6,30.72,N
30.35884,47.34504,328.1,1.18,1.08,2026-09-19,39,A,100,6.1NRT,300.41,30.7,N
-16.95747,33.71209,316.11,3.13,1.68,2026-09-19,1304,A,34,6.1NRT,300.81,30.69,D
-17.99239,-62.22471,317.67,1.69,1.28,2026-09-19,39,T,95,6.1NRT,292.17,30.69,N
-10.3422,31.3913,334.77,1.02,1.01,2026-09-19,631,T,87,6.1NRT,297.89,30.68,D
-19.44891,33.2477,311.62,3.68,1.8,2026-09-19,1301,A,27,6.1NRT,296.23,30.67,D
-0.94849,110.11291,307.73,3.16,1.68,2026-09-19,1353,T,41,6.1NRT,290.83,30.64,N
-16.8359,36.39193,323.7,1.92,1.35,2026-09-19,1304,A,48,6.1NRT,301.82,30.62,D
-2.17601,112.44704,336.48,1.0,1.0,2026-09-19,811,A,88,6.1NRT,296.4,30.61,D
-11.00705,-48.33131,325.15,1.66,1.27,2026-09-19,1128,T,77,6.1NRT,302.8,30.6,D
-13.21383,37.26573,327.01,1.46,1.19,2026-09-19,1304,A,79,6.1NRT,297.83,30.59,D
-12.40477,134.51048,316.09,1.87,1.34,2026-09-19,1210,T,92,6.1NRT,294.52,30.59,N
-32.76994,151.85631,310.29,1.93,1.36,2026-09-19,1026,T,80,6.1NRT,287.95,30.56,N
-16.29453,45.73129,330.6,1.38,1.16,2026-09-19,1301,A,70,6.1NRT,303.12,30.55,D
-1.85131,111.37341,335.61,1.05,1.02,2026-09-19,811,A,87,6.1NRT,298.24,30.54,D
-35.78834,137.01353,325.38,1.11,1.05,2026-09-19,1204,T,100,6.1NRT,284.34,30.54,N
-3.52399,-50.81812,303.46,4.0,1.86,2026-09-19,41,T,54,6.1NRT,291.57,30.53,N
-16.94057,35.77342,320.67,2.15,1.43,2026-09-19,1304,A,71,6.1NRT,302.78,30.5,D
-11.07112,-49.77594,304.0,3.49,1.76,2026-09-19,39,T,58,6.1NRT,293.07,30.49,N
-3.42665,-59.19363,316.3,2.75,1.59,2026-09-19,1304,T,69,6.1NRT,297.14,30.48,D
-16.23542,45.71407,329.16,1.38,1.16,2026-09-19,1301,A,80,6.1NRT,302.49,30.48,D
-14.99401,37.08601,316.59,2.68,1.57,2026-09-19,631,T,67,6.1NRT,296.88,30.43,D
-12.22764,31.96892,334.48,1.09,1.04,2026-09-19,631,T,86,6.1NRT,300.3,30.42,D
4.65204,32.38674,326.02,1.77,1.3,2026-09-19,1308,A,45,6.1NRT,297.79,30.41,D
29.9428,30.87149,338.78,1.01,1.0,2026-09-19,1314,A,86,6.1NRT,306.47,30.41,D
60.43543,97.68521,326.15,1.05,1.02,2026-09-19,253,T,84,6.1NRT,278.12,30.38,D
-2.49531,110.50832,333.79,1.16,1.07,2026-09-19,811,A,86,6.1NRT,299.65,30.38,D
-3.612,105.66283,325.33,1.29,1.13,2026-09-19,1353,T,100,6.1NRT,293.42,30.37,N
-13.31209,39.16806,334.94,1.13,1.06,2026-09-19,1304,A,66,6.1NRT,296.57,30.36,D
-1.45524,113.49339,334.3,1.02,1.01,2026-09-19,811,A,87,6.1NRT,298.51,30.35,D
-26.38012,150.43506,315.5,2.37,1.49,2026-09-19,625,A,66,6.1NRT,301.66,30.29,D
-16.84526,37.13647,324.15,1.69,1.28,2026-09-19,1301,A,66,6.1NRT,295.24,30.29,D
-3.08084,111.87139,335.21,1.04,1.02,2026-09-19,811,A,86,6.1NRT,299.05,30.28,D
-23.63173,134.49464,325.83,1.21,1.1,2026-09-19,1206,T,100,6.1NRT,292.96,30.28,N
-13.94851,136.51546,328.05,1.34,1.15,2026-09-19,629,A,82,6.1NRT,297.34,30.27,D
-5.25037,37.27576,330.65,1.15,1.07,2026-09-19,1306,A,83,6.1NRT,298.96,30.26,D
-2.8059,110.78181,332.71,1.13,1.06,2026-09-19,811,A,85,6.1NRT,298.4,30.25,D
32.11731,47.4104,326.34,1.23,1.1,2026-09-19,39,A,100,6.1NRT,297.93,30.18,N
-5.81893,32.04023,318.92,2.87,1.62,2026-09-19,1306,A,59,6.1NRT,298.97,30.18,D
-16.72845,136.80588,330.35,1.4,1.17,2026-09-19,629,A,82,6.1NRT,305.35,30.18,D
-10.88153,-54.06874,319.18,1.62,1.25,2026-09-19,39,T,98,6.1NRT,294.19,30.16,N
-9.32673,37.41794,329.05,1.26,1.12,2026-09-19,1304,A,82,6.1NRT,299.97,30.13,D
-23.44423,-64.36181,317.52,2.12,1.42,2026-09-19,1308,T,78,6.1NRT,298.26,30.13,D
-12.90537,141.82426,333.09,1.12,1.05,2026-09-19,629,A,86,6.1NRT,299.97,30.12,D
-16.96145,33.69096,315.99,3.14,1.68,2026-09-19,1304,A,38,6.1NRT,300.17,30.1,D
-3.22963,113.93488,335.87,1.03,1.01,2026-09-19,811,A,86,6.1NRT,297.85,30.09,D
-15.76164,133.6606,319.23,2.32,1.47,2026-09-19,629,A,61,6.1NRT,300.52,30.07,D
-21.36298,45.87667,333.61,1.18,1.08,2026-09-19,1301,A,85,6.1NRT,306.2,30.07,D
30.27859,47.36346,326.5,2.44,1.51,2026-09-19,618,T,66,6.1NRT,310.82,30.06,D
-3.10658,113.9016,339.43,1.03,1.01,2026-09-19,811,A,89,6.1NRT,300.75,30.05,D
-13.64819,39.99502,336.57,1.05,1.03,2026-09-19,1304,A,86,6.1NRT,304.85,30.04,D
-11.14401,-54.01781,320.14,1.41,1.18,2026-09-19,724,A,100,6.1NRT,291.74,30.04,N
30.49244,-109.63529,309.66,2.29,1.47,2026-09-19,408,T,78,6.1NRT,292.86,30.0,N
-3.76852,116.19953,325.73,1.28,1.12,2026-09-19,809,A,79,6.1NRT,281.72,29.96,D
48.48571,82.90691,306.62,4.79,2.0,2026-09-19,826,A,57,6.1NRT,288.39,29.94,D
29.07368,19.07406,311.87,1.9,1.35,2026-09-19,219,A,84,6.1NRT,292.17,29.93,N
-3.19597,113.85703,339.79,1.02,1.01,2026-09-19,811,A,89,6.1NRT,301.52,29.93,D
-14.53786,39.05198,311.06,3.78,1.82,2026-09-19,631,T,45,6.1NRT,295.6,29.92,D
-3.27397,112.60076,317.63,2.36,1.48,2026-09-19,134,T,64,6.1NRT,294.04,29.92,D
-18.89879,45.47814,332.23,1.22,1.1,2026-09-19,1301,A,84,6.1NRT,303.79,29.92,D
-4.23267,143.21555,319.07,1.88,1.34,2026-09-19,631,A,19,6.1NRT,286.81,29.92,D
-9.02985,-48.72699,321.12,1.93,1.36,2026-09-19,1128,T,51,6.1NRT,301.15,29.91,D
-3.17633,112.47749,336.0,1.01,1.0,2026-09-19,811,A,82,6.1NRT,299.98,29.9,D
-2.90311,114.27425,335.29,1.05,1.02,2026-09-19,811,A,87,6.1NRT,300.53,29.88,D
-16.79513,37.26354,323.79,1.65,1.26,2026-09-19,1304,A,76,6.1NRT,298.84,29.87,D
66.89973,75.60782,324.28,1.12,1.05,2026-09-19,432,T,83,6.1NRT,280.54,29.87,D
-3.09663,104.43777,333.98,1.07,1.03,2026-09-19,134,T,86,6.1NRT,297.22,29.85,D
-3.18275,113.94614,338.54,1.03,1.01,2026-09-19,811,A,88,6.1NRT,301.13,29.79,D
-2.48302,112.93477,337.54,1.0,1.0,2026-09-19,811,A,88,6.1NRT,299.2,29.79,D
-6.49993,37.43592,332.52,1.17,1.07,2026-09-19,1304,A,84,6.1NRT,301.99,29.77,D
30.82945,47.33327,325.34,1.2,1.09,2026-09-19,39,A,100,6.1NRT,298.24,29.76,N
29.23767,19.6939,313.91,1.73,1.29,2026-09-19,219,A,88,6.1NRT,289.97,29.7,N
-16.2136,36.78394,321.51,1.76,1.3,2026-09-19,1304,A,72,6.1NRT,295.79,29.7,D
0.23499,-78.19874,323.96,1.09,1.04,2026-09-19,902,A,100,6.1NRT,277.63,29.7,N
-4.0779,144.44536,308.16,2.79,1.6,2026-09-19,1034,T,74,6.1NRT,289.4,29.68,N
-7.22566,-49.63472,300.47,4.25,1.91,2026-09-19,41,T,28,6.1NRT,288.09,29.68,N
-28.90362,151.81471,313.59,1.73,1.29,2026-09-19,1026,T,87,6.1NRT,289.42,29.68,N
-16.99478,135.8559,315.82,1.94,1.36,2026-09-19,1208,T,61,6.1NRT,293.76,29.66,N
-17.28869,35.91977,321.29,2.12,1.42,2026-09-19,1301,A,72,6.1NRT,301.06,29.64,D
-3.14454,103.35389,329.25,1.21,1.09,2026-09-19,134,T,83,6.1NRT,294.8,29.62,D
-3.17921,113.90913,338.42,1.02,1.01,2026-09-19,811,A,80,6.1NRT,301.47,29.61,D
-17.26726,34.31644,318.77,2.83,1.61,2026-09-19,1301,A,66,6.1NRT,303.29,29.6,D
-2.77538,114.02936,311.39,3.03,1.66,2026-09-19,132,T,60,6.1NRT,293.19,29.59,D
18.51075,-96.1368,318.15,1.52,1.22,2026-09-19,1034,A,96,6.1NRT,288.82,29.57,N
-2.79924,112.84853,338.46,1.0,1.0,2026-09-19,811,A,89,6.1NRT,302.51,29.56,D
-17.94978,31.80543,327.34,1.22,1.1,2026-09-19,633,T,83,6.1NRT,296.68,29.54,D
60.78148,97.07752,324.95,1.12,1.06,2026-09-19,828,A,83,6.1NRT,284.15,29.54,D
-3.07461,111.85208,333.89,1.04,1.02,2026-09-19,811,A,86,6.1NRT,299.04,29.54,D
-3.3751,115.32497,331.4,1.16,1.07,2026-09-19,809,A,84,6.1NRT,300.11,29.54,D
-2.89706,112.42649,334.85,1.01,1.0,2026-09-19,811,A,87,6.1NRT,299.2,29.54,D
17.8947,-93.18445,307.64,2.61,1.55,2026-09-19,1034,A,72,6.1NRT,288.21,29.53,N
67.54754,83.22342,327.64,1.01,1.0,2026-09-19,429,T,0,6.1NRT,282.89,29.53,D
-16.90943,135.96259,314.96,1.98,1.37,2026-09-19,1208,T,14,6.1NRT,293.16,29.51,N
-1.86619,110.20255,308.05,3.09,1.67,2026-09-19,1353,T,73,6.1NRT,290.9,29.51,N
-4.77561,35.93201,327.11,1.37,1.16,2026-09-19,1306,A,78,6.1NRT,301.09,29.5,D
-2.78687,112.81116,338.21,1.0,1.0,2026-09-19,811,A,66,6.1NRT,300.13,29.48,D
61.34458,112.80372,320.5,1.18,1.08,2026-09-19,1229,T,100,6.1NRT,274.85,29.47,N
-11.02481,28.27577,331.24,1.13,1.06,2026-09-19,631,T,85,6.1NRT,297.75,29.46,D
-1.90651,113.64261,335.38,1.03,1.01,2026-09-19,811,A,87,6.1NRT,301.65,29.46,D
-6.23531,34.51969,322.83,1.83,1.33,2026-09-19,1306,A,70,6.1NRT,303.16,29.45,D
4.07633,33.41445,331.7,1.51,1.21,2026-09-19,1308,A,36,6.1NRT,308.39,29.44,D
-16.02147,36.76217,321.63,1.75,1.3,2026-09-19,1304,A,72,6.1NRT,296.92,29.38,D
-17.98882,-62.19355,315.89,1.68,1.28,2026-09-19,39,T,92,6.1NRT,291.26,29.36,N
61.75567,88.36846,326.19,1.08,1.04,2026-09-19,828,A,84,6.1NRT,288.61,29.33,D
-7.76606,39.1067,333.79,1.03,1.01,2026-09-19,1304,A,85,6.1NRT,297.47,29.3,D
35.24827,44.42504,332.22,1.26,1.11,2026-09-19,618,T,82,6.1NRT,307.06,29.24,D
-7.42456,112.60411,303.06,3.82,1.83,2026-09-19,1348,T,51,6.1NRT,289.91,29.22,N
-2.75001,112.86221,336.09,1.0,1.0,2026-09-19,811,A,88,6.1NRT,301.05,29.21,D
-2.87217,114.29774,335.47,1.06,1.03,2026-09-19,811,A,87,6.1NRT,300.98,29.17,D
-3.4363,104.86391,327.34,1.17,1.08,2026-09-19,1353,T,100,6.1NRT,295.12,29.15,N
-2.93437,113.30782,338.0,1.0,1.0,2026-09-19,811,A,65,6.1NRT,301.63,29.13,D
-12.52503,135.84175,328.68,1.42,1.18,2026-09-19,629,A,79,6.1NRT,301.22,29.12,D
-13.09151,141.93919,334.03,1.13,1.06,2026-09-19,629,A,82,6.1NRT,301.34,29.1,D
-15.22871,49.04101,311.36,2.55,1.54,2026-09-19,1301,A,58,6.1NRT,294.5,29.08,D
-17.59251,47.5569,323.53,1.76,1.3,2026-09-19,1301,A,76,6.1NRT,302.52,29.08,D
-18.57506,33.669,319.42,1.65,1.26,2026-09-19,633,T,77,6.1NRT,292.98,29.07,D
31.27079,48.11642,327.83,1.12,1.05,2026-09-19,39,A,100,6.1NRT,297.07,29.05,N
-3.10776,111.88096,336.48,1.04,1.02,2026-09-19,811,A,57,6.1NRT,301.58,29.05,D
-13.6961,37.36556,313.04,2.7,1.57,2026-09-19,631,T,62,6.1NRT,294.86,29.03,D
-1.8655,110.19698,307.89,3.09,1.67,2026-09-19,1353,T,73,6.1NRT,290.68,29.01,N
60.44442,97.15278,323.97,1.07,1.03,2026-09-19,253,T,83,6.1NRT,277.77,29.0,D
8.16361,33.85819,328.63,1.22,1.1,2026-09-19,1308,A,82,6.1NRT,293.94,28.97,D
6.27005,33.83844,331.25,1.3,1.13,2026-09-19,1308,A,82,6.1NRT,302.19,28.96,D
-10.66681,38.17028,331.6,1.19,1.08,2026-09-19,1304,A,84,6.1NRT,302.05,28.96,D
66.90453,75.61723,324.79,1.12,1.05,2026-09-19,432,T,83,6.1NRT,280.63,28.95,D
-13.71938,135.20529,323.58,1.64,1.26,2026-09-19,629,A,76,6.1NRT,297.72,28.95,D
-17.403,47.84579,321.44,1.86,1.33,2026-09-19,1301,A,72,6.1NRT,301.61,28.93,D
-13.44747,28.17895,331.87,1.08,1.04,2026-09-19,631,T,85,6.1NRT,298.63,28.92,D
-0.04544,116.77009,324.19,1.6,1.25,2026-09-19,811,A,78,6.1NRT,296.33,28.91,D
-13.2109,36.2485,322.41,1.74,1.29,2026-09-19,1304,A,47,6.1NRT,297.57,28.88,D
66.70529,80.45225,309.62,1.59,1.24,2026-09-19,28,A,78,6.1NRT,271.33,28.88,D
-2.94255,113.13086,335.87,1.0,1.0,2026-09-19,811,A,87,6.1NRT,300.79,28.88,D
22.52681,30.89834,337.84,1.15,1.07,2026-09-19,1314,A,82,6.1NRT,313.74,28.87,D
68.52966,79.9521,300.55,2.32,1.47,2026-09-19,1234,T,30,6.1NRT,277.34,28.83,D
-12.06481,36.00013,317.47,1.99,1.38,2026-09-19,631,T,71,6.1NRT,291.41,28.81,D
6.09558,36.48043,330.28,1.18,1.08,2026-09-19,627,T,83,6.1NRT,298.24,28.79,D
-12.58349,136.25615,327.6,1.33,1.14,2026-09-19,629,A,81,6.1NRT,299.89,28.78,D
-3.20434,111.85561,338.83,1.04,1.02,2026-09-19,811,A,71,6.1NRT,300.22,28.78,D
57.87761,105.88789,316.07,1.39,1.17,2026-09-19,253,T,76,6.1NRT,281.32,28.78,D
-3.03543,104.02788,330.51,1.08,1.04,2026-09-19,1353,T,100,6.1NRT,294.77,28.77,N
-14.85748,40.44587,334.07,1.04,1.02,2026-09-19,1304,A,86,6.1NRT,300.61,28.72,D
-4.8615,122.83982,316.51,1.63,1.26,2026-09-19,1212,T,91,6.1NRT,293.97,28.72,N
-16.86752,35.93383,320.74,2.09,1.41,2026-09-19,1304,A,64,6.1NRT,302.18,28.72,D
-17.61744,35.90467,318.58,2.15,1.43,2026-09-19,1301,A,57,6.1NRT,295.15,28.69,D
-16.34937,46.2131,326.62,1.48,1.2,2026-09-19,1301,A,48,6.1NRT,300.69,28.68,D
-16.05321,144.18826,328.57,1.38,1.16,2026-09-19,629,A,82,6.1NRT,303.38,28.67,D
-6.1308,-59.94576,315.08,2.64,1.56,2026-09-19,1304,T,39,6.1NRT,294.81,28.65,D
-4.03114,30.22309,331.19,1.08,1.04,2026-09-19,629,T,84,6.1NRT,286.6,28.65,D
-18.32928,33.51376,321.13,1.59,1.24,2026-09-19,633,T,78,6.1NRT,295.47,28.65,D
-16.56449,37.19022,321.7,1.66,1.27,2026-09-19,1304,A,69,6.1NRT,294.57,28.63,D
-14.43642,22.66525,314.02,2.43,1.5,2026-09-19,631,T,69,6.1NRT,295.22,28.6,D
-2.64813,113.3725,335.83,1.01,1.0,2026-09-19,811,A,87,6.1NRT,299.32,28.56,D
60.91431,112.13465,313.71,1.82,1.32,2026-09-19,253,T,55,6.1NRT,273.84,28.51,D
65.35438,83.20675,324.76,1.15,1.07,2026-09-19,830,A,83,6.1NRT,287.92,28.51,D
-16.5908,46.98713,327.66,1.67,1.27,2026-09-19,1301,A,78,6.1NRT,306.84,28.51,D
-22.18725,44.955,334.53,1.06,1.03,2026-09-19,1301,A,74,6.1NRT,300.51,28.48,D
-3.36401,-50.43734,303.22,4.31,1.92,2026-09-19,41,T,42,6.1NRT,291.3,28.48,N
-16.03825,37.69432,325.26,1.5,1.21,2026-09-19,1304,A,77,6.1NRT,298.71,28.48,D
30.56325,47.10779,324.9,1.22,1.1,2026-09-19,39,A,100,6.1NRT,299.07,28.45,N
-3.73229,-54.65337,314.7,1.95,1.36,2026-09-19,41,T,90,6.1NRT,296.66,28.44,N
-2.01837,114.3798,332.23,1.08,1.04,2026-09-19,811,A,85,6.1NRT,299.21,28.43,D
-20.48589,34.55225,313.02,3.02,1.65,2026-09-19,1301,A,59,6.1NRT,297.42,28.41,D
25.53034,53.15339,325.24,1.42,1.18,2026-09-19,41,A,100,6.1NRT,305.11,28.41,N
-1.12712,109.48643,308.17,2.79,1.6,2026-09-19,1353,T,74,6.1NRT,291.0,28.41,N
43.2598,21.67422,323.14,1.51,1.21,2026-09-19,1318,A,79,6.1NRT,293.36,28.4,D
-3.18663,113.73787,337.75,1.02,1.01,2026-09-19,811,A,63,6.1NRT,300.42,28.38,D
32.35609,47.7112,326.56,1.2,1.09,2026-09-19,39,A,100,6.1NRT,300.18,28.37,N
-27.94484,152.38712,317.11,1.54,1.22,2026-09-19,1026,T,94,6.1NRT,294.23,28.33,N
-3.08816,104.44303,328.24,1.12,1.06,2026-09-19,1353,T,98,6.1NRT,286.47,28.33,N
-3.01915,35.81902,325.53,1.31,1.14,2026-09-19,1306,A,68,6.1NRT,298.43,28.33,D
-19.53661,44.62541,334.16,1.09,1.04,2026-09-19,1301,A,84,6.1NRT,304.69,28.23,D
-11.44638,32.38272,331.69,1.12,1.05,2026-09-19,631,T,85,6.1NRT,300.54,28.2,D
-0.52954,112.1229,335.69,1.0,1.0,2026-09-19,811,A,88,6.1NRT,297.46,28.2,D
-6.00317,-51.78448,307.6,3.02,1.65,2026-09-19,41,T,68,6.1NRT,295.24,28.19,N
-2.19887,110.16821,325.84,1.46,1.2,2026-09-19,132,T,79,6.1NRT,296.66,28.17,D
-1.60949,110.68631,331.4,1.11,1.05,2026-09-19,811,A,84,6.1NRT,297.41,28.16,D
-1.8208,113.33745,335.65,1.01,1.01,2026-09-19,811,A,82,6.1NRT,301.82,28.15,D
-5.63219,36.09971,329.68,1.37,1.16,2026-09-19,1306,A,81,6.1NRT,306.24,28.14,D
48.37755,42.67752,331.51,1.07,1.03,2026-09-19,614,T,86,6.1NRT,297.28,28.1,D
-14.71088,39.4402,331.79,1.13,1.06,2026-09-19,1304,A,63,6.1NRT,295.3,28.09,D
37.61617,-119.62239,326.51,1.01,1.0,2026-09-19,412,T,100,6.1NRT,283.18,28.07,N
-12.59875,38.85892,332.71,1.15,1.07,2026-09-19,1304,A,73,6.1NRT,299.9,28.04,D
-16.95851,33.71906,315.34,3.13,1.68,2026-09-19,1304,A,27,6.1NRT,300.82,28.02,D
-9.25003,-45.93516,331.01,1.22,1.1,2026-09-19,1128,T,83,6.1NRT,304.43,28.01,D
-20.46759,44.64825,334.98,1.07,1.03,2026-09-19,1301,A,85,6.1NRT,306.46,28.01,D
-7.12638,-44.02955,334.39,1.05,1.02,2026-09-19,1128,T,85,6.1NRT,303.06,27.99,D
-22.87922,46.2974,328.84,1.19,1.08,2026-09-19,1301,A,82,6.1NRT,299.67,27.99,D
-16.59978,36.0205,320.72,2.04,1.39,2026-09-19,1304,A,70,6.1NRT,299.08,27.96,D
48.27673,14.33625,318.13,1.47,1.2,2026-09-19,754,T,59,6.1NRT,286.05,27.95,D
-12.68456,34.90529,316.05,2.17,1.43,2026-09-19,1304,A,63,6.1NRT,293.64,27.92,D
-16.86983,35.9147,320.47,2.09,1.41,2026-09-19,1304,A,64,6.1NRT,301.84,27.92,D
59.80184,109.41191,314.9,1.51,1.21,2026-09-19,650,A,64,6.1NRT,282.18,27.9,D
-16.34988,33.60392,316.18,3.13,1.68,2026-09-19,1304,A,60,6.1NRT,300.86,27.89,D
-2.84199,114.50134,333.0,1.07,1.03,2026-09-19,811,A,80,6.1NRT,300.58,27.89,D
-11.1159,-49.4313,319.38,2.0,1.38,2026-09-19,1128,T,71,6.1NRT,301.92,27.89,D
-23.60679,134.94797,317.21,2.41,1.5,2026-09-19,627,A,59,6.1NRT,305.07,27.88,D
-3.0117,114.03651,336.0,1.03,1.02,2026-09-19,811,A,87,6.1NRT,303.8,27.87,D
-5.47781,34.1665,323.26,1.9,1.35,2026-09-19,1306,A,72,6.1NRT,304.26,27.81,D
-4.4962,-55.49541,317.7,1.62,1.25,2026-09-19,41,T,96,6.1NRT,293.94,27.75,N
26.04757,-98.22053,312.87,2.18,1.43,2026-09-19,228,T,86,6.1NRT,291.88,27.73,N
-18.57568,45.07029,332.23,1.17,1.08,2026-09-19,1301,A,79,6.1NRT,305.12,27.72,D
-2.15449,110.24664,332.04,1.19,1.08,2026-09-19,811,A,84,6.1NRT,296.96,27.7,D
48.03897,37.46223,311.39,3.03,1.66,2026-09-19,1318,A,40,6.1NRT,296.46,27.69,D
-13.11709,38.22058,330.3,1.26,1.12,2026-09-19,1304,A,76,6.1NRT,302.14,27.69,D
-3.30061,105.17934,324.31,1.22,1.1,2026-09-19,1353,T,100,6.1NRT,290.77,27.69,N
-17.10971,33.5681,315.04,3.23,1.7,2026-09-19,1304,A,52,6.1NRT,299.83,27.68,D
-16.76093,46.46131,326.38,1.52,1.22,2026-09-19,1301,A,76,6.1NRT,305.16,27.65,D
60.77913,97.05758,323.58,1.12,1.05,2026-09-19,828,A,82,6.1NRT,284.57,27.65,D
-2.94184,113.31785,336.44,1.0,1.0,2026-09-19,811,A,44,6.1NRT,299.98,27.62,D
-15.87229,-60.67016,323.18,1.25,1.11,2026-09-19,39,T,100,6.1NRT,293.72,27.62,N
-12.33802,-50.7128,318.44,2.4,1.49,2026-09-19,1128,T,57,6.1NRT,301.2,27.61,D
46.89932,34.58701,314.05,2.42,1.5,2026-09-19,614,T,69,6.1NRT,296.17,27.61,D
-4.8595,122.85456,315.87,1.63,1.26,2026-09-19,1212,T,89,6.1NRT,293.08,27.59,N
-2.2972,110.21451,324.32,1.48,1.2,2026-09-19,132,T,79,6.1NRT,296.36,27.57,D
-12.5273,135.84927,327.93,1.42,1.18,2026-09-19,629,A,72,6.1NRT,301.68,27.57,D
25.53308,53.14857,324.87,1.42,1.18,2026-09-19,41,A,100,6.1NRT,305.21,27.55,N
-18.12976,34.73254,317.99,2.7,1.57,2026-09-19,1301,A,38,6.1NRT,303.19,27.5,D
66.94874,75.56805,304.24,2.32,1.47,2026-09-19,610,T,51,6.1NRT,282.33,27.47,D
-17.06457,33.84939,314.84,3.06,1.66,2026-09-19,1304,A,35,6.1NRT,300.42,27.46,D
-11.05575,-49.77871,303.45,3.49,1.76,2026-09-19,39,T,53,6.1NRT,292.99,27.41,N
-12.13512,-46.97683,331.46,1.29,1.13,2026-09-19,1128,T,67,6.1NRT,303.67,27.41,D
-29.82507,151.17255,307.95,1.97,1.37,2026-09-19,1026,T,73,6.1NRT,286.64,27.4,N
5.64793,35.86532,335.66,1.11,1.05,2026-09-19,627,T,86,6.1NRT,302.5,27.4,D
48.20277,36.21051,313.29,2.6,1.55,2026-09-19,1318,A,66,6.1NRT,297.3,27.39,D
-5.22145,35.40598,327.1,1.51,1.21,2026-09-19,1306,A,77,6.1NRT,304.51,27.36,D
24.34927,109.90607,329.48,1.1,1.05,2026-09-19,126,T,84,6.1NRT,296.5,27.36,D
-18.38643,33.64381,313.66,3.32,1.72,2026-09-19,1301,A,60,6.1NRT,299.77,27.35,D
-13.01712,38.91343,331.7,1.15,1.07,2026-09-19,1304,A,83,6.1NRT,302.12,27.34,D
-16.30335,36.16139,320.46,1.96,1.37,2026-09-19,1304,A,70,6.1NRT,299.96,27.34,D
-3.17688,113.73063,334.21,1.02,1.01,2026-09-19,811,A,85,6.1NRT,303.2,27.33,D
-2.6256,112.65054,334.07,1.0,1.0,2026-09-19,811,A,86,6.1NRT,300.2,27.3,D
-28.98286,152.50159,315.67,1.56,1.23,2026-09-19,1026,T,92,6.1NRT,291.8,27.26,N
-3.2738,115.5852,326.32,1.2,1.09,2026-09-19,809,A,78,6.1NRT,283.48,27.25,D
-7.01743,-45.77242,328.32,1.27,1.12,2026-09-19,1128,T,80,6.1NRT,301.86,27.21,D
28.36881,49.62836,333.37,1.0,1.0,2026-09-19,39,A,100,6.1NRT,304.93,27.18,N
-19.03004,-46.9127,328.38,1.07,1.03,2026-09-19,1130,T,84,6.1NRT,293.61,27.14,D
-21.55837,45.99406,332.62,1.19,1.09,2026-09-19,1301,A,71,6.1NRT,305.3,27.14,D
-3.19465,113.86593,337.25,1.02,1.01,2026-09-19,811,A,87,6.1NRT,303.99,27.14,D
-3.18667,112.40728,334.44,1.01,1.0,2026-09-19,811,A,86,6.1NRT,300.2,27.12,D
-1.60031,110.45631,307.12,3.28,1.71,2026-09-19,1353,T,30,6.1NRT,290.94,27.06,N
-5.42528,35.69008,326.09,1.45,1.19,2026-09-19,1306,A,76,6.1NRT,304.39,27.06,D
3.82538,33.51667,321.86,1.5,1.21,2026-09-19,1308,A,63,6.1NRT,295.39,27.02,D
-3.09722,113.33537,334.48,1.0,1.0,2026-09-19,811,A,83,6.1NRT,298.47,27.02,D
-3.14064,113.91579,336.91,1.03,1.01,2026-09-19,811,A,80,6.1NRT,302.36,27.01,D
-3.03736,114.30666,331.75,1.05,1.02,2026-09-19,811,A,83,6.1NRT,298.27,26.98,D
-3.47705,114.76411,334.21,1.09,1.04,2026-09-19,809,A,86,6.1NRT,303.46,26.97,D
-20.11895,34.59923,312.81,2.96,1.64,2026-09-19,1301,A,38,6.1NRT,299.15,26.96,D
-14.60654,40.38897,333.09,1.04,1.02,2026-09-19,1304,A,85,6.1NRT,300.5,26.95,D
-2.73527,110.69405,330.4,1.14,1.07,2026-09-19,811,A,83,6.1NRT,297.71,26.91,D
0.24276,-78.18892,321.17,1.09,1.04,2026-09-19,902,A,100,6.1NRT,276.69,26.88,N
35.72536,44.04322,332.0,1.19,1.08,2026-09-19,618,T,81,6.1NRT,307.48,26.88,D
-17.48897,35.65402,318.84,2.24,1.45,2026-09-19,1301,A,68,6.1NRT,302.26,26.87,D
-3.11542,113.90292,338.83,1.03,1.01,2026-09-19,811,A,76,6.1NRT,301.64,26.85,D
-11.76695,133.12645,316.55,2.22,1.44,2026-09-19,629,A,66,6.1NRT,292.9,26.85,D
-16.48819,36.50331,322.28,1.86,1.33,2026-09-19,1304,A,34,6.1NRT,299.77,26.82,D
-10.61906,-50.26141,304.25,3.26,1.71,2026-09-19,39,T,59,6.1NRT,293.68,26.81,N
-3.18714,113.85572,336.78,1.02,1.01,2026-09-19,811,A,87,6.1NRT,301.38,26.81,D
-16.85883,35.79546,320.76,2.14,1.42,2026-09-19,1304,A,71,6.1NRT,300.04,26.79,D
46.22032,33.21553,310.3,3.75,1.81,2026-09-19,754,T,45,6.1NRT,297.02,26.78,D
-7.74324,23.98897,311.82,2.56,1.54,2026-09-19,629,T,63,6.1NRT,290.59,26.78,D
-3.3937,114.70724,334.21,1.08,1.04,2026-09-19,809,A,85,6.1NRT,301.14,26.78,D
-3.0614,114.02293,334.16,1.03,1.02,2026-09-19,811,A,85,6.1NRT,301.42,26.77,D
-23.07092,45.68224,333.52,1.11,1.05,2026-09-19,1301,A,85,6.1NRT,308.71,26.77,D
44.4218,22.73825,327.26,1.27,1.12,2026-09-19,1318,A,83,6.1NRT,292.55,26.75,D
-2.2599,116.19864,327.68,1.35,1.15,2026-09-19,811,A,80,6.1NRT,299.24,26.73,D
-24.5393,-63.75275,314.9,2.44,1.51,2026-09-19,1308,T,75,6.1NRT,296.01,26.72,D
-2.81368,111.17719,331.35,1.09,1.04,2026-09-19,811,A,84,6.1NRT,297.63,26.7,D
-3.33806,-59.80997,319.56,1.41,1.18,2026-09-19,724,A,99,6.1NRT,294.08,26.67,N
29.0756,19.0552,310.03,1.9,1.35,2026-09-19,219,A,79,6.1NRT,291.85,26.65,N
41.30384,69.04543,319.75,2.17,1.43,2026-09-19,1002,A,60,6.1NRT,305.2,26.64,D
-7.50021,29.96995,328.86,1.04,1.02,2026-09-19,629,T,85,6.1NRT,288.79,26.59,D
-17.9698,-62.22753,315.17,1.69,1.28,2026-09-19,39,T,91,6.1NRT,290.97,26.58,N
-19.19602,34.75822,313.53,2.79,1.6,2026-09-19,1301,A,61,6.1NRT,296.54,26.56,D
60.44393,97.54634,322.19,1.05,1.02,2026-09-19,253,T,81,6.1NRT,279.62,26.54,D
-4.92677,35.00207,325.37,1.6,1.25,2026-09-19,1306,A,74,6.1NRT,304.07,26.54,D
-18.38851,33.92144,314.17,3.16,1.68,2026-09-19,1301,A,58,6.1NRT,298.01,26.51,D
35.62669,44.02064,307.05,2.22,1.44,2026-09-19,39,A,70,6.1NRT,290.6,26.5,N
-17.24327,35.84812,318.6,2.15,1.42,2026-09-19,1301,A,43,6.1NRT,301.75,26.5,D
-0.35818,116.45125,325.11,1.5,1.21,2026-09-19,811,A,64,6.1NRT,296.22,26.49,D
-9.96365,-46.55956,327.96,1.3,1.13,2026-09-19,1128,T,80,6.1NRT,302.37,26.46,D
-18.33499,45.19733,331.4,1.2,1.09,2026-09-19,1301,A,83,6.1NRT,304.87,26.45,D
-15.54232,37.38722,320.97,1.55,1.23,2026-09-19,1304,A,63,6.1NRT,294.35,26.45,D
-2.92575,110.35506,329.37,1.2,1.09,2026-09-19,811,A,62,6.1NRT,298.14,26.39,D
-10.86624,-54.11536,316.93,1.61,1.25,2026-09-19,39,T,94,6.1NRT,293.68,26.37,N
-16.31617,36.25317,316.91,1.93,1.36,2026-09-19,1304,A,58,6.1NRT,298.56,26.37,D
-2.90914,112.91585,334.8,1.0,1.0,2026-09-19,811,A,87,6.1NRT,302.53,26.37,D
-10.86253,-56.19954,325.92,1.18,1.08,2026-09-19,39,T,100,6.1NRT,297.53,26.35,N
-2.96022,112.26284,333.7,1.01,1.01,2026-09-19,811,A,72,6.1NRT,298.43,26.35,D
-17.9436,23.7156,318.82,1.73,1.29,2026-09-19,633,T,74,6.1NRT,298.11,26.33,D
-10.17605,39.99826,333.42,1.01,1.01,2026-09-19,1304,A,0,6.1NRT,302.4,26.33,D
-23.65099,134.49832,323.21,1.21,1.1,2026-09-19,1206,T,100,6.1NRT,293.14,26.32,N
35.63765,44.01652,307.31,2.22,1.44,2026-09-19,39,A,71,6.1NRT,290.35,26.29,N
-17.08712,36.84224,321.19,1.79,1.31,2026-09-19,1301,A,72,6.1NRT,300.21,26.28,D
-5.18563,35.7079,326.68,1.44,1.19,2026-09-19,1306,A,77,6.1NRT,303.87,26.28,D
63.18802,88.15475,325.9,1.04,1.02,2026-09-19,828,A,84,6.1NRT,288.41,26.27,D
-17.11112,35.76714,318.97,2.17,1.43,2026-09-19,1301,A,64,6.1NRT,301.36,26.22,D
-1.51063,110.12036,307.17,3.09,1.67,2026-09-19,1353,T,59,6.1NRT,290.13,26.19,N
-2.64684,113.38126,333.75,1.01,1.0,2026-09-19,811,A,86,6.1NRT,298.11,26.19,D
45.2339,20.86788,325.04,1.49,1.21,2026-09-19,1318,A,82,6.1NRT,300.83,26.18,D
-18.16472,-62.03491,315.61,1.65,1.26,2026-09-19,39,T,92,6.1NRT,291.5,26.17,N
3.40675,33.69215,333.22,1.0,1.0,2026-09-19,627,T,86,6.1NRT,299.87,26.16,D
-28.46613,152.20544,312.58,1.61,1.25,2026-09-19,1026,T,85,6.1NRT,287.97,26.14,N
49.37648,38.01369,305.95,3.34,1.72,2026-09-19,1318,A,44,6.1NRT,292.6,26.14,D
-10.13192,-45.56173,330.74,1.14,1.06,2026-09-19,1128,T,83,6.1NRT,301.95,26.13,D
-16.44852,46.04759,326.85,1.44,1.19,2026-09-19,1301,A,78,6.1NRT,304.26,26.13,D
-13.75671,36.10916,320.02,1.81,1.32,2026-09-19,1304,A,67,6.1NRT,298.37,26.13,D
-10.98836,38.26694,330.3,1.18,1.08,2026-09-19,1304,A,82,6.1NRT,295.95,26.13,D
-2.20062,110.181,324.57,1.47,1.2,2026-09-19,132,T,78,6.1NRT,296.72,26.13,D
-16.5941,36.03352,319.36,2.03,1.39,2026-09-19,1304,A,68,6.1NRT,299.81,26.11,D
-15.27521,38.57542,328.41,1.28,1.12,2026-09-19,1304,A,81,6.1NRT,300.37,26.09,D
-3.02588,114.00189,333.65,1.03,1.02,2026-09-19,811,A,85,6.1NRT,300.18,26.08,D
-16.83054,36.33758,321.32,1.94,1.36,2026-09-19,1304,A,57,6.1NRT,300.64,26.07,D
-5.50236,34.41808,319.91,1.82,1.32,2026-09-19,1306,A,65,6.1NRT,299.68,26.06,D
-2.42825,115.35036,330.04,1.19,1.08,2026-09-19,811,A,82,6.1NRT,302.06,26.06,D
60.4312,96.25986,325.01,1.07,1.03,2026-09-19,828,A,83,6.1NRT,286.84,26.04,D
-16.88162,30.12123,331.1,1.03,1.01,2026-09-19,631,T,85,6.1NRT,297.59,26.04,D
-1.90127,116.40063,323.43,1.41,1.17,2026-09-19,811,A,76,6.1NRT,297.63,26.03,D
-17.55041,35.68179,319.44,2.23,1.45,2026-09-19,1301,A,65,6.1NRT,303.14,26.03,D
-12.08096,26.40235,322.28,1.4,1.17,2026-09-19,631,T,79,6.1NRT,295.04,26.01,D
18.076,-71.53685,314.2,1.54,1.22,2026-09-19,854,A,84,6.1NRT,279.35,26.01,N
-3.10526,113.91052,337.54,1.03,1.01,2026-09-19,811,A,83,6.1NRT,301.52,25.99,D
-18.03436,-50.9308,300.88,3.09,1.67,2026-09-19,726,A,35,6.1NRT,288.94,25.98,N
-17.47538,36.55593,319.92,1.91,1.35,2026-09-19,1301,A,65,6.1NRT,299.25,25.97,D
37.60732,-119.58823,325.92,1.01,1.0,2026-09-19,1206,A,52,6.1NRT,280.98,25.97,N
-3.16308,112.01476,332.86,1.03,1.01,2026-09-19,811,A,84,6.1NRT,300.18,25.97,D
-2.86592,114.27806,333.37,1.05,1.03,2026-09-19,811,A,85,6.1NRT,299.26,25.96,D
-2.90103,105.11956,325.81,1.22,1.1,2026-09-19,1353,T,100,6.1NRT,293.32,25.96,N
-29.16511,152.15759,312.76,1.65,1.26,2026-09-19,1026,T,86,6.1NRT,289.28,25.94,N
-3.16474,114.94335,333.75,1.11,1.05,2026-09-19,809,A,83,6.1NRT,303.61,25.93,D
-11.00705,-48.32477,323.37,1.66,1.27,2026-09-19,1128,T,75,6.1NRT,302.2,25.91,D
-2.72037,106.40887,316.48,2.32,1.47,2026-09-19,811,A,67,6.1NRT,295.25,25.88,D
-6.44113,140.25746,328.73,1.11,1.05,2026-09-19,631,A,62,6.1NRT,290.41,25.88,D
-2.5682,112.20993,333.75,1.01,1.01,2026-09-19,811,A,86,6.1NRT,299.18,25.88,D
-1.10413,110.09202,305.37,3.13,1.68,2026-09-19,1353,T,64,6.1NRT,290.65,25.87,N
-10.7132,-60.72948,320.63,1.26,1.12,2026-09-19,724,A,100,6.1NRT,289.43,25.84,N
5.91739,36.17362,333.6,1.14,1.07,2026-09-19,627,T,85,6.1NRT,300.93,25.84,D
-9.96017,-46.58262,327.33,1.3,1.13,2026-09-19,1128,T,79,6.1NRT,302.44,25.84,D
-16.52386,35.89161,319.96,2.08,1.4,2026-09-19,1304,A,69,6.1NRT,300.27,25.83,D
-6.20485,145.56204,301.54,2.46,1.51,2026-09-19,1034,T,42,6.1NRT,282.55,25.82,N
-3.17527,111.85406,332.66,1.04,1.02,2026-09-19,811,A,84,6.1NRT,299.88,25.81,D
-1.59665,110.46896,330.65,1.14,1.06,2026-09-19,811,A,65,6.1NRT,290.31,25.81,D
-2.00916,105.49281,321.55,1.32,1.14,2026-09-19,1353,T,100,6.1NRT,292.66,25.81,N
37.60035,-119.60114,327.18,1.01,1.0,2026-09-19,1206,A,48,6.1NRT,282.89,25.8,N
51.87632,54.74623,321.11,1.09,1.04,2026-09-19,35,A,100,6.1NRT,280.67,25.78,N
-3.64882,104.65997,325.12,1.13,1.06,2026-09-19,1353,T,100,6.1NRT,288.98,25.77,N
-5.81446,34.81384,323.39,1.71,1.28,2026-09-19,1306,A,71,6.1NRT,302.86,25.76,D
-28.98957,152.49939,310.46,2.86,1.61,2026-09-19,625,A,18,6.1NRT,299.55,25.74,D
7.37902,115.86257,310.17,2.84,1.61,2026-09-19,130,T,30,6.1NRT,278.69,25.68,D
-7.51813,138.36182,333.04,1.0,1.0,2026-09-19,631,A,56,6.1NRT,284.09,25.66,D
4.63218,31.69544,320.57,2.0,1.38,2026-09-19,1308,A,40,6.1NRT,299.52,25.65,D
-2.94768,113.09605,334.16,1.0,1.0,2026-09-19,811,A,86,6.1NRT,300.1,25.65,D
-8.29818,-46.85491,324.06,1.44,1.19,2026-09-19,1128,T,75,6.1NRT,302.37,25.65,D
-2.94006,10.94387,326.01,1.36,1.16,2026-09-19,807,T,83,6.1NRT,295.0,25.64,D
-17.14889,35.77133,319.24,2.17,1.43,2026-09-19,1301,A,69,6.1NRT,301.71,25.64,D
-20.16523,34.54181,312.6,2.99,1.64,2026-09-19,1301,A,27,6.1NRT,298.04,25.59,D
-17.5501,35.68659,319.94,2.23,1.45,2026-09-19,1301,A,49,6.1NRT,302.89,25.58,D
0.36253,111.15914,331.05,1.03,1.02,2026-09-19,811,A,84,6.1NRT,297.68,25.57,D
-2.63937,112.23597,332.18,1.01,1.01,2026-09-19,811,A,85,6.1NRT,298.9,25.56,D
-20.6022,33.47589,309.71,3.66,1.79,2026-09-19,1301,A,34,6.1NRT,293.94,25.53,D
-16.18323,36.39437,316.83,1.88,1.34,2026-09-19,1304,A,54,6.1NRT,294.09,25.52,D
-12.68561,132.99637,317.25,2.35,1.48,2026-09-19,629,A,32,6.1NRT,297.73,25.5,D
-15.70395,38.8241,328.33,1.25,1.11,2026-09-19,1304,A,61,6.1NRT,299.31,25.5,D
-5.59132,34.34575,325.4,1.23,1.1,2026-09-19,629,T,80,6.1NRT,297.07,25.5,D
-16.50743,36.24276,321.38,1.95,1.36,2026-09-19,1304,A,71,6.1NRT,300.84,25.48,D
5.86928,-61.5075,323.71,1.3,1.13,2026-09-19,1301,T,81,6.1NRT,296.57,25.47,D
-16.07287,36.53944,319.64,1.82,1.32,2026-09-19,1304,A,62,6.1NRT,296.49,25.46,D
-16.91379,135.96985,312.55,1.98,1.37,2026-09-19,1208,T,49,6.1NRT,293.69,25.44,N
-17.05539,35.89156,319.48,2.12,1.41,2026-09-19,1301,A,69,6.1NRT,298.86,25.44,D
65.40765,82.81026,321.25,1.16,1.07,2026-09-19,830,A,81,6.1NRT,287.05,25.43,D
-6.36872,34.2278,320.97,1.95,1.36,2026-09-19,1306,A,66,6.1NRT,302.14,25.43,D
65.66127,84.3202,322.93,1.08,1.04,2026-09-19,830,A,82,6.1NRT,285.73,25.42,D
-16.92603,135.89839,313.34,1.96,1.37,2026-09-19,1208,T,38,6.1NRT,293.43,25.42,N
-12.60391,-50.91792,316.95,2.46,1.51,2026-09-19,1128,T,0,6.1NRT,300.52,25.41,D
-7.19152,31.67416,332.91,1.01,1.0,2026-09-19,629,T,85,6.1NRT,292.96,25.41,D
26.94604,49.59188,328.31,1.0,1.0,2026-09-19,41,A,100,6.1NRT,297.41,25.4,N
-2.64418,110.31635,328.8,1.19,1.09,2026-09-19,811,A,82,6.1NRT,298.68,25.37,D
-12.33864,-50.72276,306.03,2.78,1.59,2026-09-19,39,T,67,6.1NRT,293.73,25.34,N
-11.04494,39.60858,331.79,1.04,1.02,2026-09-19,1304,A,72,6.1NRT,299.09,25.34,D
6.69191,33.57699,328.01,1.34,1.15,2026-09-19,1308,A,60,6.1NRT,301.62,25.33,D
59.80202,109.42725,322.28,1.01,1.0,2026-09-19,1229,T,100,6.1NRT,272.29,25.31,N
0.64508,111.00662,326.33,1.04,1.02,2026-09-19,811,A,61,6.1NRT,271.09,25.3,D
-17.21029,33.76572,314.54,3.13,1.68,2026-09-19,1304,A,53,6.1NRT,299.26,25.3,D
-3.56226,-58.54362,311.28,3.13,1.68,2026-09-19,1304,T,46,6.1NRT,295.22,25.29,D
60.42682,96.23877,302.82,1.91,1.35,2026-09-19,1232,T,52,6.1NRT,274.49,25.28,N
-16.51058,35.33897,317.5,2.05,1.39,2026-09-19,631,T,71,6.1NRT,296.35,25.26,D
-20.1304,34.59374,312.49,2.96,1.64,2026-09-19,1301,A,26,6.1NRT,299.39,25.26,D
-12.9177,141.80573,329.78,1.12,1.05,2026-09-19,629,A,84,6.1NRT,299.44,25.26,D
-16.38642,46.2264,325.07,1.48,1.2,2026-09-19,1301,A,76,6.1NRT,303.22,25.24,D
-3.48553,127.05324,326.26,1.0,1.0,2026-09-19,1212,T,100,6.1NRT,279.61,25.2,N
-19.15762,34.92659,312.08,2.7,1.57,2026-09-19,1301,A,57,6.1NRT,297.43,25.2,D
-2.57104,111.59818,303.19,3.9,1.84,2026-09-19,1353,T,10,6.1NRT,286.8,25.18,N
-15.85861,46.19096,325.38,1.51,1.21,2026-09-19,1301,A,78,6.1NRT,304.28,25.18,D
-16.03925,45.71771,323.46,1.39,1.17,2026-09-19,1301,A,74,6.1NRT,298.63,25.16,D
-19.70388,46.39,327.57,1.34,1.15,2026-09-19,1301,A,62,6.1NRT,305.07,25.15,D
-10.80272,-50.89254,305.02,2.88,1.62,2026-09-19,39,T,63,6.1NRT,292.77,25.14,N
-2.9544,112.48624,332.14,1.01,1.0,2026-09-19,811,A,85,6.1NRT,299.8,25.13,D
-12.97596,38.86546,329.94,1.16,1.07,2026-09-19,1304,A,68,6.1NRT,294.97,25.13,D
-3.39305,114.77473,332.47,1.09,1.04,2026-09-19,809,A,84,6.1NRT,301.02,25.09,D
66.459,75.52597,310.57,1.58,1.24,2026-09-19,833,A,70,6.1NRT,282.63,25.09,D
-3.02058,114.03784,335.03,1.03,1.02,2026-09-19,811,A,74,6.1NRT,302.8,25.08,D
-1.25574,116.12467,326.29,1.38,1.16,2026-09-19,811,A,66,6.1NRT,297.8,25.08,D
-2.2515,116.19175,326.01,1.35,1.15,2026-09-19,811,A,78,6.1NRT,299.19,25.06,D
-17.8678,35.24427,317.37,2.11,1.41,2026-09-19,633,T,72,6.1NRT,298.07,25.04,D
-3.09615,113.5859,332.33,1.01,1.01,2026-09-19,811,A,84,6.1NRT,299.51,25.04,D
8.63866,67.16315,310.56,3.02,1.65,2026-09-19,446,T,0,6.1NRT,290.54,25.03,D
34.90249,43.82615,307.8,2.23,1.45,2026-09-19,39,A,73,6.1NRT,292.98,25.02,N
31.11938,74.68237,319.31,1.72,1.29,2026-09-19,958,A,71,6.1NRT,300.05,25.0,D
-11.94549,-50.11797,301.74,2.91,1.63,2026-09-19,724,A,44,6.1NRT,289.87,25.0,N
-2.81544,112.85981,335.38,1.0,1.0,2026-09-19,811,A,87,6.1NRT,301.51,24.98,D
-2.90895,112.28473,333.28,1.01,1.01,2026-09-19,811,A,85,6.1NRT,300.61,24.97,D
-16.9939,-45.46403,330.56,1.01,1.0,2026-09-19,1130,T,84,6.1NRT,299.25,24.93,D
3.36933,33.73794,327.47,1.47,1.2,2026-09-19,1308,A,57,6.1NRT,304.88,24.93,D
3.43449,33.48239,323.79,1.53,1.22,2026-09-19,1308,A,75,6.1NRT,302.0,24.91,D
-10.86101,-56.18904,324.41,1.18,1.08,2026-09-19,39,T,100,6.1NRT,296.36,24.91,N
11.62933,-70.21268,310.82,2.39,1.49,2026-09-19,48,T,72,6.1NRT,293.52,24.88,N
-19.86647,44.76138,331.1,1.1,1.04,2026-09-19,1301,A,81,6.1NRT,305.06,24.85,D
-13.53367,143.11169,322.41,1.29,1.13,2026-09-19,629,A,68,6.1NRT,288.78,24.85,D
-11.91205,-50.1199,305.38,3.16,1.68,2026-09-19,39,T,19,6.1NRT,293.23,24.84,N
-3.39384,113.70878,332.9,1.01,1.01,2026-09-19,809,A,84,6.1NRT,297.69,24.82,D
-7.22456,35.84013,326.72,1.51,1.21,2026-09-19,1304,A,78,6.1NRT,307.18,24.8,D
-16.65308,35.54947,318.57,2.22,1.44,2026-09-19,1304,A,52,6.1NRT,298.93,24.75,D
-17.22768,-60.50202,321.35,1.27,1.12,2026-09-19,39,T,100,6.1NRT,293.21,24.75,N
6.34709,34.54948,328.95,1.18,1.08,2026-09-19,1308,A,73,6.1NRT,300.96,24.74,D
-15.26223,40.38714,331.0,1.05,1.02,2026-09-19,1304,A,83,6.1NRT,300.52,24.72,D
-18.17307,36.57001,311.82,2.7,1.57,2026-09-19,633,T,44,6.1NRT,294.99,24.7,D
-2.86051,102.95963,329.05,1.01,1.0,2026-09-19,1353,T,100,6.1NRT,295.88,24.7,N
-19.13886,33.52489,310.25,3.47,1.75,2026-09-19,1301,A,50,6.1NRT,297.11,24.7,D
-5.5046,34.40219,319.32,1.82,1.32,2026-09-19,1306,A,61,6.1NRT,299.46,24.69,D
65.43102,82.91286,301.44,2.86,1.61,2026-09-19,1009,A,24,6.1NRT,285.65,24.67,D
6.54032,36.90121,331.4,1.0,1.0,2026-09-19,1308,A,83,6.1NRT,303.23,24.62,D
6.33839,35.25013,330.78,1.04,1.02,2026-09-19,627,T,83,6.1NRT,298.39,24.62,D
-2.92349,112.90641,316.89,2.47,1.51,2026-09-19,134,T,28,6.1NRT,294.74,24.61,D
-12.94804,37.64291,325.38,1.37,1.16,2026-09-19,1304,A,77,6.1NRT,297.87,24.6,D
60.42593,96.51982,321.6,1.08,1.04,2026-09-19,828,A,81,6.1NRT,284.36,24.59,D
66.31197,76.99741,321.86,1.05,1.02,2026-09-19,432,T,81,6.1NRT,281.67,24.55,D
-6.41675,31.87338,332.48,1.01,1.0,2026-09-19,629,T,85,6.1NRT,299.27,24.54,D
-2.53664,113.37608,333.42,1.01,1.0,2026-09-19,811,A,61,6.1NRT,297.67,24.52,D
-18.01545,-51.09124,300.11,3.0,1.65,2026-09-19,726,A,17,6.1NRT,288.13,24.52,N
-3.72905,105.49834,321.92,1.26,1.11,2026-09-19,1353,T,100,6.1NRT,293.48,24.51,N
-12.70177,-45.95788,329.91,1.12,1.05,2026-09-19,1128,T,82,6.1NRT,301.38,24.49,D
61.34961,112.81849,315.68,1.18,1.08,2026-09-19,1229,T,92,6.1NRT,272.45,24.48,N
57.87561,105.89982,302.4,2.4,1.49,2026-09-19,650,A,43,6.1NRT,282.94,24.43,D
41.17914,1.2187,315.43,2.07,1.4,2026-09-19,934,T,71,6.1NRT,297.37,24.43,D
65.79153,76.85814,306.85,1.81,1.32,2026-09-19,1009,A,64,6.1NRT,282.88,24.42,D
-3.21719,111.8298,337.71,1.04,1.02,2026-09-19,811,A,78,6.1NRT,301.18,24.39,D
-18.66443,145.72011,316.62,1.58,1.24,2026-09-19,627,A,72,6.1NRT,294.31,24.37,D
-1.48202,112.62425,331.25,1.0,1.0,2026-09-19,811,A,85,6.1NRT,296.1,24.37,D
-16.77221,36.27079,318.12,1.96,1.37,2026-09-19,1304,A,66,6.1NRT,298.18,24.33,D
-3.14302,103.34329,325.8,1.21,1.09,2026-09-19,134,T,80,6.1NRT,294.36,24.31,D
-11.55457,39.2755,328.75,1.08,1.04,2026-09-19,1304,A,81,6.1NRT,298.48,24.29,D
-22.52148,133.50902,313.88,2.3,1.47,2026-09-19,1,T,63,6.1NRT,299.49,24.27,D
-8.96236,-44.66423,330.14,1.07,1.03,2026-09-19,1128,T,82,6.1NRT,302.4,24.25,D
-10.80599,-50.90106,315.98,2.65,1.56,2026-09-19,1128,T,47,6.1NRT,298.82,24.24,D
-3.15112,113.84454,337.25,1.02,1.01,2026-09-19,811,A,83,6.1NRT,305.04,24.23,D
-2.77679,111.67852,330.8,1.04,1.02,2026-09-19,811,A,83,6.1NRT,300.68,24.23,D
-19.17175,35.05247,311.81,2.64,1.56,2026-09-19,1301,A,56,6.1NRT,297.71,24.21,D
-1.72065,110.68973,327.62,1.12,1.05,2026-09-19,811,A,81,6.1NRT,295.06,24.16,D
-17.2157,37.47018,321.26,1.62,1.25,2026-09-19,1301,A,72,6.1NRT,299.04,24.15,D
-33.26583,145.51796,329.63,1.01,1.01,2026-09-19,625,A,84,6.1NRT,302.51,24.14,D
-17.81304,47.93724,316.68,1.86,1.33,2026-09-19,1301,A,66,6.1NRT,298.4,24.14,D
30.82323,-93.28671,327.11,1.01,1.01,2026-09-19,230,T,100,6.1NRT,296.3,24.13,N
41.43509,122.87012,316.42,1.65,1.26,2026-09-19,120,T,75,6.1NRT,295.31,24.12,D
-0.95238,110.09113,306.38,3.14,1.68,2026-09-19,1353,T,17,6.1NRT,290.85,24.11,N
-3.04494,113.99556,331.45,1.03,1.01,2026-09-19,811,A,83,6.1NRT,301.82,24.11,D
-12.13524,-46.98294,330.42,1.29,1.13,2026-09-19,1128,T,53,6.1NRT,303.58,24.06,D
-8.75986,-44.21699,331.37,1.04,1.02,2026-09-19,1128,T,83,6.1NRT,303.4,24.06,D
3.29093,33.89708,328.31,1.43,1.18,2026-09-19,1308,A,79,6.1NRT,306.66,24.06,D
-3.09059,112.63459,333.7,1.0,1.0,2026-09-19,811,A,77,6.1NRT,301.1,24.05,D
-9.44306,34.16798,302.15,2.48,1.52,2026-09-19,52,A,22,6.1NRT,284.41,24.05,N
-3.13864,112.04117,330.9,1.03,1.01,2026-09-19,811,A,83,6.1NRT,299.84,24.04,D
-14.68935,-46.66337,329.67,1.15,1.07,2026-09-19,1130,T,83,6.1NRT,302.85,24.03,D
-2.77401,114.0256,331.05,1.04,1.02,2026-09-19,811,A,84,6.1NRT,298.51,24.03,D
25.16676,52.87787,323.71,1.39,1.17,2026-09-19,41,A,100,6.1NRT,306.24,24.01,N
-19.33183,34.55964,312.91,2.9,1.62,2026-09-19,1301,A,59,6.1NRT,297.57,24.0,D
-19.89276,44.71393,331.3,1.09,1.04,2026-09-19,1301,A,81,6.1NRT,304.43,23.98,D
-2.89145,114.29124,332.23,1.05,1.03,2026-09-19,811,A,73,6.1NRT,300.92,23.97,D
-17.60316,36.20623,317.71,2.04,1.39,2026-09-19,1301,A,62,6.1NRT,298.59,23.94,D
-2.51497,110.45298,305.15,3.16,1.68,2026-09-19,1353,T,52,6.1NRT,290.22,23.93,N
-3.21963,114.69765,330.35,1.09,1.04,2026-09-19,809,A,82,6.1NRT,301.68,23.92,D
-16.82611,34.24002,317.57,2.83,1.61,2026-09-19,1304,A,59,6.1NRT,303.35,23.92,D
3.6957,34.26619,324.34,1.33,1.14,2026-09-19,1308,A,76,6.1NRT,300.02,23.87,D
-23.24105,45.25615,333.33,1.06,1.03,2026-09-19,1301,A,84,6.1NRT,309.95,23.87,D
-8.41641,36.25441,323.27,1.46,1.2,2026-09-19,1304,A,68,6.1NRT,298.22,23.86,D
-1.52499,110.23887,306.12,3.16,1.68,2026-09-19,1353,T,43,6.1NRT,289.56,23.84,N
-3.85236,138.71191,326.57,1.03,1.01,2026-09-19,631,A,84,6.1NRT,288.53,23.84,D
-7.29095,35.19626,322.15,1.69,1.28,2026-09-19,1304,A,72,6.1NRT,294.83,23.82,D
-1.24567,109.44273,323.7,1.29,1.13,2026-09-19,811,A,77,6.1NRT,292.2,23.82,D
-9.95547,-46.54637,326.6,1.3,1.13,2026-09-19,1128,T,78,6.1NRT,303.15,23.81,D
-17.6621,34.60015,318.23,2.73,1.58,2026-09-19,1301,A,66,6.1NRT,303.34,23.8,D
18.08042,-71.52046,305.55,2.26,1.46,2026-09-19,50,T,32,6.1NRT,282.57,23.8,N
-3.98419,144.23589,310.02,2.29,1.47,2026-09-19,631,A,0,6.1NRT,284.38,23.79,D
-4.90782,28.84347,324.07,1.24,1.11,2026-09-19,629,T,81,6.1NRT,290.66,23.77,D
47.08105,36.70802,312.43,2.69,1.57,2026-09-19,1318,A,52,6.1NRT,299.98,23.76,D
-2.58042,112.2093,332.47,1.01,1.01,2026-09-19,811,A,78,6.1NRT,299.71,23.74,D
-11.53581,35.95952,318.05,1.94,1.36,2026-09-19,631,T,70,6.1NRT,291.49,23.74,D
30.36598,47.33688,325.09,2.42,1.5,2026-09-19,618,T,62,6.1NRT,310.1,23.74,D
-1.83995,116.20116,323.17,1.37,1.16,2026-09-19,811,A,76,6.1NRT,297.63,23.73,D
-16.95603,135.79443,312.6,1.92,1.35,2026-09-19,1208,T,72,6.1NRT,293.14,23.72,N
-2.18082,110.13219,306.65,3.02,1.65,2026-09-19,1353,T,69,6.1NRT,292.17,23.72,N
-13.10541,141.9106,328.82,1.12,1.06,2026-09-19,629,A,83,6.1NRT,300.04,23.67,D
62.82659,87.4478,321.83,1.08,1.04,2026-09-19,828,A,81,6.1NRT,287.25,23.66,D
-3.12558,113.89532,335.12,1.02,1.01,2026-09-19,811,A,58,6.1NRT,301.29,23.66,D
-4.68147,144.23595,312.96,2.23,1.45,2026-09-19,631,A,70,6.1NRT,290.71,23.65,D
-3.00049,104.01656,326.84,1.08,1.04,2026-09-19,1353,T,100,6.1NRT,293.45,23.63,N
6.19494,35.0765,329.73,1.12,1.05,2026-09-19,1308,A,82,6.1NRT,296.58,23.62,D
-16.11535,45.92794,325.78,1.43,1.18,2026-09-19,1301,A,0,6.1NRT,301.94,23.62,D
-17.1047,37.53941,321.03,1.59,1.24,2026-09-19,1301,A,73,6.1NRT,297.39,23.62,D
-1.63533,104.3408,327.69,1.12,1.05,2026-09-19,134,T,82,6.1NRT,294.09,23.61,D
-11.03861,-48.27675,322.35,1.64,1.26,2026-09-19,1128,T,74,6.1NRT,303.0,23.59,D
-3.43513,111.97538,331.4,1.03,1.02,2026-09-19,811,A,63,6.1NRT,299.38,23.59,D
-17.54635,37.16307,310.63,2.94,1.63,2026-09-19,631,T,22,6.1NRT,292.53,23.58,D
-3.18785,111.84396,333.61,1.04,1.02,2026-09-19,811,A,49,6.1NRT,299.33,23.56,D
-14.45019,36.33348,316.62,2.29,1.47,2026-09-19,631,T,51,6.1NRT,295.72,23.56,D
6.23847,33.83726,329.73,1.31,1.13,2026-09-19,1308,A,78,6.1NRT,301.98,23.55,D
-2.49423,113.28372,332.04,1.01,1.0,2026-09-19,811,A,60,6.1NRT,298.84,23.52,D
-9.82429,-46.40385,325.67,1.28,1.12,2026-09-19,1128,T,77,6.1NRT,302.76,23.48,D
-8.37943,-47.20768,323.16,1.52,1.22,2026-09-19,1128,T,72,6.1NRT,303.27,23.48,D
-2.55118,110.62442,327.46,1.15,1.07,2026-09-19,811,A,81,6.1NRT,296.88,23.47,D
-13.95211,136.56497,324.37,1.33,1.14,2026-09-19,629,A,78,6.1NRT,297.94,23.47,D
49.27291,36.25671,304.41,4.17,1.89,2026-09-19,752,T,39,6.1NRT,288.51,23.45,D
-6.96856,34.61957,323.34,1.85,1.33,2026-09-19,1304,A,43,6.1NRT,303.47,23.42,D
-18.83313,35.86014,313.31,2.26,1.46,2026-09-19,1301,A,62,6.1NRT,297.81,23.35,D
-11.49579,-47.72289,323.09,1.47,1.2,2026-09-19,1128,T,75,6.1NRT,302.89,23.34,D
-2.41791,112.92735,330.85,1.0,1.0,2026-09-19,811,A,83,6.1NRT,297.72,23.32,D
-8.8867,146.78333,307.47,2.15,1.42,2026-09-19,1032,T,72,6.1NRT,286.4,23.32,N
-17.96923,35.5491,317.6,2.32,1.47,2026-09-19,1301,A,49,6.1NRT,300.59,23.31,D
-2.44193,35.27851,326.07,1.4,1.17,2026-09-19,1306,A,64,6.1NRT,301.3,23.3,D
-18.93778,48.13488,315.24,1.82,1.32,2026-09-19,1301,A,59,6.1NRT,295.53,23.29,D
-3.15524,114.07032,332.52,1.03,1.02,2026-09-19,811,A,80,6.1NRT,302.09,23.28,D
23.47386,116.31311,320.87,1.52,1.22,2026-09-19,126,T,74,6.1NRT,297.81,23.28,D
-1.17862,104.25764,323.94,1.15,1.07,2026-09-19,1353,T,100,6.1NRT,292.05,23.28,N
6.7062,35.33782,331.15,1.08,1.04,2026-09-19,1308,A,71,6.1NRT,297.27,23.28,D
-4.23114,143.42488,314.68,1.95,1.36,2026-09-19,631,A,0,6.1NRT,293.5,23.27,D
-22.60254,43.68941,334.07,1.0,1.0,2026-09-19,1301,A,85,6.1NRT,303.89,23.26,D
-3.20485,112.60365,330.85,1.0,1.0,2026-09-19,811,A,83,6.1NRT,298.18,23.22,D
-3.16882,115.04343,330.35,1.12,1.06,2026-09-19,809,A,82,6.1NRT,303.25,23.2,D
-14.10554,36.84143,311.47,2.49,1.52,2026-09-19,631,T,54,6.1NRT,293.47,23.19,D
-3.31739,114.16206,329.58,1.04,1.02,2026-09-19,809,A,81,6.1NRT,299.18,23.19,D
-16.17418,34.32041,316.73,2.73,1.58,2026-09-19,1304,A,61,6.1NRT,301.54,23.16,D
-12.06265,35.98227,314.94,1.98,1.37,2026-09-19,631,T,67,6.1NRT,290.58,23.14,D
-14.68784,144.5424,319.37,1.54,1.22,2026-09-19,629,A,38,6.1NRT,296.8,23.13,D
66.90721,75.59275,319.89,1.12,1.05,2026-09-19,432,T,80,6.1NRT,280.56,23.12,D
-3.15694,112.304,332.66,1.01,1.01,2026-09-19,811,A,71,6.1NRT,298.17,23.12,D
-16.309,29.52587,328.98,1.0,1.0,2026-09-19,631,T,83,6.1NRT,297.31,23.11,D
-29.87176,-62.91041,304.16,3.25,1.7,2026-09-19,1310,T,24,6.1NRT,289.66,23.07,D
-2.90296,112.89716,335.03,1.0,1.0,2026-09-19,811,A,87,6.1NRT,301.5,23.07,D
-2.26325,116.18159,325.34,1.34,1.15,2026-09-19,811,A,78,6.1NRT,300.16,23.06,D
-2.60832,116.33601,324.35,1.36,1.15,2026-09-19,811,A,77,6.1NRT,298.93,23.06,D
47.62841,40.81372,322.3,1.2,1.09,2026-09-19,614,T,80,6.1NRT,292.56,23.04,D
-3.23765,111.81431,334.07,1.04,1.02,2026-09-19,811,A,20,6.1NRT,300.15,23.03,D
-18.98766,46.11836,325.99,1.32,1.14,2026-09-19,1301,A,78,6.1NRT,303.77,23.03,D
-10.58671,29.74692,328.68,1.02,1.01,2026-09-19,631,T,83,6.1NRT,295.29,23.02,D
-32.33014,151.37177,307.34,2.05,1.39,2026-09-19,1026,T,71,6.1NRT,290.08,23.0,N
-11.16965,39.38638,330.35,1.06,1.03,2026-09-19,1304,A,74,6.1NRT,299.37,23.0,D
-14.27866,40.41947,330.8,1.03,1.02,2026-09-19,1304,A,83,6.1NRT,301.44,22.98,D
45.23031,20.84999,323.36,1.49,1.21,2026-09-19,1318,A,80,6.1NRT,300.34,22.97,D
65.53278,82.98669,321.18,1.15,1.07,2026-09-19,830,A,54,6.1NRT,287.08,22.92,D
-3.16904,113.91673,334.48,1.03,1.01,2026-09-19,811,A,59,6.1NRT,299.03,22.92,D
-14.7067,39.67595,325.06,1.1,1.05,2026-09-19,1304,A,0,6.1NRT,294.79,22.91,D
-2.89793,115.36754,326.37,1.18,1.08,2026-09-19,811,A,79,6.1NRT,300.65,22.9,D
32.35749,47.71027,324.06,2.29,1.47,2026-09-19,618,T,68,6.1NRT,310.12,22.89,D
-2.75972,114.05468,331.6,1.04,1.02,2026-09-19,811,A,45,6.1NRT,298.56,22.89,D
-3.03897,112.71841,331.65,1.0,1.0,2026-09-19,811,A,84,6.1NRT,301.23,22.89,D
37.59729,-119.61196,324.36,1.01,1.0,2026-09-19,412,T,73,6.1NRT,284.1,22.87,N
-5.66954,33.70721,318.03,2.09,1.41,2026-09-19,1306,A,61,6.1NRT,302.08,22.86,D
-3.03456,104.36978,323.78,1.11,1.05,2026-09-19,1353,T,100,6.1NRT,285.76,22.85,N
-17.44905,24.55476,319.49,1.54,1.22,2026-09-19,633,T,74,6.1NRT,297.35,22.85,D
-4.64136,105.19566,322.78,1.18,1.08,2026-09-19,1350,T,100,6.1NRT,293.55,22.85,N
-11.90957,-50.12553,316.62,2.19,1.44,2026-09-19,1128,T,55,6.1NRT,300.47,22.84,D
46.89558,34.59275,311.76,2.42,1.5,2026-09-19,614,T,65,6.1NRT,296.02,22.81,D
-6.8016,33.93732,317.15,2.09,1.41,2026-09-19,1304,A,52,6.1NRT,300.6,22.8,D
-12.83659,34.82785,315.8,2.21,1.44,2026-09-19,1304,A,65,6.1NRT,296.21,22.79,D
-22.61193,133.45221,322.97,1.12,1.05,2026-09-19,1206,T,100,6.1NRT,291.25,22.79,N
-12.31421,134.18318,319.27,1.87,1.34,2026-09-19,629,A,59,6.1NRT,297.55,22.79,D
-9.99555,29.81202,329.95,1.02,1.01,2026-09-19,631,T,84,6.1NRT,298.43,22.78,D
-12.86565,35.81934,314.8,1.85,1.33,2026-09-19,1304,A,62,6.1NRT,295.19,22.77,D
-11.80701,36.19272,318.53,1.67,1.27,2026-09-19,1304,A,50,6.1NRT,289.19,22.73,D
35.72746,44.04164,306.03,2.22,1.44,2026-09-19,39,A,67,6.1NRT,292.28,22.73,N
-17.54861,37.1573,310.22,2.94,1.63,2026-09-19,631,T,33,6.1NRT,293.14,22.71,D
-2.32372,113.32326,329.94,1.01,1.0,2026-09-19,811,A,78,6.1NRT,296.83,22.71,D
-3.28669,112.22955,329.89,1.02,1.01,2026-09-19,811,A,82,6.1NRT,298.81,22.7,D
-12.65216,141.90804,326.89,1.14,1.06,2026-09-19,629,A,83,6.1NRT,297.85,22.69,D
63.17797,88.09768,323.03,1.04,1.02,2026-09-19,828,A,82,6.1NRT,288.44,22.69,D
60.43999,96.25491,320.34,1.07,1.03,2026-09-19,828,A,80,6.1NRT,284.35,22.67,D
-29.88477,-62.94467,303.85,3.23,1.7,2026-09-19,1310,T,11,6.1NRT,289.38,22.67,D
-2.69395,114.3153,331.4,1.06,1.03,2026-09-19,811,A,84,6.1NRT,301.28,22.67,D
57.68055,106.09115,303.34,2.1,1.41,2026-09-19,826,A,56,6.1NRT,284.56,22.67,D
36.5283,41.89765,331.33,1.01,1.01,2026-09-19,618,T,82,6.1NRT,303.1,22.62,D
-3.20424,113.74049,334.03,1.02,1.01,2026-09-19,811,A,42,6.1NRT,300.69,22.62,D
-10.90767,31.74966,328.12,1.05,1.02,2026-09-19,631,T,82,6.1NRT,297.84,22.6,D
-12.68185,34.92659,313.86,2.16,1.43,2026-09-19,1304,A,59,6.1NRT,292.85,22.6,D
-1.94231,113.02232,331.25,1.0,1.0,2026-09-19,811,A,84,6.1NRT,299.64,22.6,D
-10.72491,-60.73314,324.41,1.11,1.05,2026-09-19,39,T,100,6.1NRT,294.64,22.59,N
50.34527,57.12936,307.08,2.51,1.52,2026-09-19,614,T,60,6.1NRT,290.94,22.59,D
-12.65989,141.91969,326.71,1.14,1.06,2026-09-19,629,A,83,6.1NRT,298.74,22.57,D
4.36479,32.46571,318.82,1.76,1.3,2026-09-19,1308,A,64,6.1NRT,298.53,22.57,D
-10.90694,30.62811,328.91,1.0,1.0,2026-09-19,631,T,83,6.1NRT,296.77,22.57,D
-9.82369,-46.39774,325.62,1.28,1.12,2026-09-19,1128,T,77,6.1NRT,302.67,22.57,D
-6.36476,-58.28782,326.17,1.06,1.03,2026-09-19,41,T,100,6.1NRT,295.24,22.56,N
-10.92612,-53.98149,314.9,1.65,1.26,2026-09-19,39,T,90,6.1NRT,294.32,22.56,N
-10.7996,-50.89863,303.9,2.88,1.62,2026-09-19,39,T,57,6.1NRT,292.86,22.54,N
-16.24956,46.06668,324.41,1.46,1.19,2026-09-19,1301,A,71,6.1NRT,303.9,22.54,D
53.45404,59.04319,320.29,1.0,1.0,2026-09-19,35,A,100,6.1NRT,279.94,22.51,N
0.80292,111.63844,327.98,1.01,1.0,2026-09-19,811,A,83,6.1NRT,293.1,22.5,D
-1.57009,111.21029,328.51,1.06,1.03,2026-09-19,811,A,82,6.1NRT,297.04,22.5,D
-3.81685,-42.22298,329.53,1.0,1.0,2026-09-19,1125,T,82,6.1NRT,299.58,22.47,D
-3.84933,138.79321,324.52,1.03,1.01,2026-09-19,631,A,83,6.1NRT,287.52,22.46,D
-17.73376,45.79966,326.38,1.32,1.14,2026-09-19,1301,A,76,6.1NRT,302.96,22.46,D
-15.54438,134.48668,313.86,1.63,1.26,2026-09-19,1208,T,88,6.1NRT,292.36,22.44,N
-14.4452,39.43522,329.94,1.13,1.06,2026-09-19,1304,A,82,6.1NRT,301.21,22.43,D
-10.87355,-56.2086,322.92,1.18,1.08,2026-09-19,39,T,100,6.1NRT,296.64,22.43,N
-0.97049,110.63892,328.0,1.1,1.05,2026-09-19,811,A,82,6.1NRT,299.11,22.38,D
-17.433,36.65083,319.34,1.87,1.34,2026-09-19,1301,A,68,6.1NRT,300.49,22.38,D
35.49034,44.15792,328.28,1.21,1.09,2026-09-19,618,T,77,6.1NRT,304.61,22.37,D
28.39783,48.53878,328.16,1.03,1.01,2026-09-19,39,A,100,6.1NRT,301.67,22.36,N
31.08776,47.62729,320.72,1.17,1.08,2026-09-19,39,A,100,6.1NRT,295.36,22.34,N
-14.46801,39.08418,326.16,1.17,1.08,2026-09-19,1304,A,0,6.1NRT,295.47,22.33,D
-18.16668,36.43371,317.5,2.0,1.38,2026-09-19,1301,A,68,6.1NRT,300.63,22.33,D
-6.06916,34.63659,320.69,1.79,1.31,2026-09-19,1306,A,66,6.1NRT,303.54,22.32,D
-2.87481,113.08854,331.05,1.0,1.0,2026-09-19,811,A,66,6.1NRT,297.47,22.32,D
-10.71562,-50.25726,316.7,2.37,1.49,2026-09-19,1128,T,57,6.1NRT,300.34,22.31,D
-2.16397,110.24805,328.93,1.19,1.08,2026-09-19,811,A,81,6.1NRT,297.03,22.31,D
-19.39766,34.51738,313.9,2.93,1.63,2026-09-19,1301,A,59,6.1NRT,297.5,22.3,D
-2.92537,105.17221,328.18,1.02,1.01,2026-09-19,134,T,82,6.1NRT,295.63,22.3,D
-0.46664,111.41866,328.68,1.03,1.01,2026-09-19,811,A,83,6.1NRT,298.43,22.29,D
65.04144,75.47844,310.05,1.83,1.33,2026-09-19,830,A,0,6.1NRT,280.58,22.29,D
-7.8626,-44.85816,329.67,1.11,1.05,2026-09-19,1128,T,81,6.1NRT,305.31,22.29,D
-2.95258,113.12345,331.05,1.0,1.0,2026-09-19,811,A,84,6.1NRT,301.3,22.29,D
7.30882,-62.51328,328.08,1.1,1.05,2026-09-19,1259,T,82,6.1NRT,296.04,22.28,D
-17.78612,34.15476,316.49,1.74,1.29,2026-09-19,633,T,71,6.1NRT,291.99,22.28,D
-13.21206,37.27889,322.74,1.46,1.19,2026-09-19,1304,A,74,6.1NRT,298.08,22.26,D
-8.08646,34.23725,314.94,2.07,1.4,2026-09-19,1304,A,30,6.1NRT,289.53,22.25,D
-7.55707,-61.33107,316.8,2.15,1.42,2026-09-19,1304,T,56,6.1NRT,297.5,22.25,D
-3.73773,-54.64609,312.06,1.95,1.36,2026-09-19,41,T,84,6.1NRT,296.46,22.25,N
-5.99281,-51.81277,305.58,3.0,1.65,2026-09-19,41,T,58,6.1NRT,294.59,22.25,N
-32.37967,146.65497,325.5,1.09,1.04,2026-09-19,625,A,81,6.1NRT,302.11,22.24,D
-17.81523,47.94976,316.22,1.86,1.33,2026-09-19,1301,A,61,6.1NRT,296.83,22.23,D
-16.41793,35.44825,316.65,2.24,1.45,2026-09-19,1304,A,53,6.1NRT,299.39,22.22,D
-1.31309,-55.82654,312.32,1.73,1.29,2026-09-19,41,T,85,6.1NRT,290.36,22.22,N
-13.32799,38.84548,326.79,1.17,1.08,2026-09-19,1304,A,74,6.1NRT,297.76,22.2,D
30.28305,47.36309,321.65,1.18,1.08,2026-09-19,39,A,100,6.1NRT,299.21,22.19,N
-16.07966,34.28395,316.06,2.74,1.58,2026-09-19,1304,A,59,6.1NRT,301.04,22.19,D
-22.24911,43.94279,330.04,1.01,1.0,2026-09-19,1301,A,81,6.1NRT,300.81,22.19,D
-2.74846,110.36991,327.66,1.19,1.08,2026-09-19,811,A,66,6.1NRT,299.05,22.15,D
30.75099,48.28413,323.12,1.09,1.04,2026-09-19,39,A,100,6.1NRT,300.4,22.12,N
67.28765,83.04705,302.04,1.74,1.29,2026-09-19,28,A,46,6.1NRT,271.05,22.11,D
-3.78514,105.56585,329.67,1.0,1.0,2026-09-19,134,T,84,6.1NRT,297.12,22.11,D
-3.22751,112.57127,331.4,1.01,1.0,2026-09-19,811,A,83,6.1NRT,298.63,22.09,D
63.67348,107.09502,313.26,1.33,1.14,2026-09-19,652,A,73,6.1NRT,282.93,22.09,D
-3.21888,113.82414,335.38,1.02,1.01,2026-09-19,811,A,86,6.1NRT,303.31,22.08,D
-3.14195,113.90688,333.47,1.03,1.01,2026-09-19,811,A,58,6.1NRT,301.94,22.08,D
-2.00639,111.10353,303.36,3.64,1.79,2026-09-19,1353,T,38,6.1NRT,286.75,22.08,N
-16.4507,46.03439,324.5,1.44,1.19,2026-09-19,1301,A,75,6.1NRT,304.81,22.06,D
-3.1141,113.91184,335.16,1.03,1.01,2026-09-19,811,A,60,6.1NRT,302.73,22.06,D
-7.58087,-57.68927,324.22,1.09,1.04,2026-09-19,41,T,100,6.1NRT,296.09,22.03,N
-17.1475,35.88967,319.01,2.12,1.42,2026-09-19,1301,A,24,6.1NRT,302.3,22.01,D
-2.99288,112.66708,330.25,1.0,1.0,2026-09-19,811,A,83,6.1NRT,299.28,22.01,D
9.64974,-63.56888,326.05,1.01,1.0,2026-09-19,48,T,100,6.1NRT,293.62,22.0,N
-3.12304,112.65723,331.84,1.0,1.0,2026-09-19,811,A,84,6.1NRT,300.04,21.99,D
-15.69246,47.56331,319.97,1.91,1.35,2026-09-19,1301,A,67,6.1NRT,301.01,21.99,D
0.57449,111.34306,328.9,1.02,1.01,2026-09-19,811,A,83,6.1NRT,296.75,21.99,D
-5.2356,35.72741,324.86,1.43,1.18,2026-09-19,1306,A,75,6.1NRT,303.99,21.99,D
-17.53853,36.12214,316.75,2.07,1.4,2026-09-19,1301,A,57,6.1NRT,297.32,21.97,D
-9.93801,29.97666,328.11,1.01,1.01,2026-09-19,631,T,82,6.1NRT,298.63,21.94,D
-2.64325,112.20956,329.89,1.01,1.01,2026-09-19,811,A,78,6.1NRT,297.85,21.93,D
65.04514,75.48126,311.7,1.83,1.33,2026-09-19,830,A,0,6.1NRT,280.33,21.93,D
37.61071,-119.60989,323.65,1.01,1.0,2026-09-19,1206,A,0,6.1NRT,284.03,21.92,N
34.63426,43.89629,328.21,1.21,1.1,2026-09-19,618,T,76,6.1NRT,306.33,21.91,D
30.69366,47.33485,320.77,1.19,1.09,2026-09-19,39,A,100,6.1NRT,297.67,21.89,N
43.45158,26.66829,313.4,2.0,1.38,2026-09-19,754,T,67,6.1NRT,291.44,21.87,D
-18.1388,34.71579,316.57,2.71,1.58,2026-09-19,1301,A,49,6.1NRT,303.32,21.86,D
-3.78001,105.56207,320.8,1.27,1.12,2026-09-19,1353,T,100,6.1NRT,295.7,21.86,N
-14.29893,24.20888,314.96,1.86,1.33,2026-09-19,631,T,70,6.1NRT,296.57,21.85,D
-22.24031,43.94127,331.05,1.01,1.0,2026-09-19,1301,A,82,6.1NRT,302.53,21.84,D
-3.11859,113.31178,331.35,1.0,1.0,2026-09-19,811,A,79,6.1NRT,300.2,21.82,D
2.39059,33.9782,324.94,1.46,1.19,2026-09-19,1308,A,74,6.1NRT,302.85,21.82,D
-19.22818,44.8248,327.58,1.12,1.05,2026-09-19,1301,A,78,6.1NRT,302.0,21.81,D
-6.97712,-42.18197,331.91,1.01,1.0,2026-09-19,1128,T,83,6.1NRT,304.84,21.8,D
-27.24603,152.64281,314.44,1.45,1.19,2026-09-19,1026,T,89,6.1NRT,294.99,21.78,N
-25.41193,149.06818,314.14,1.99,1.38,2026-09-19,627,A,63,6.1NRT,301.0,21.76,D
-1.30703,103.7937,322.66,1.09,1.04,2026-09-19,1353,T,100,6.1NRT,290.71,21.76,N
-2.91586,105.15449,321.23,1.23,1.1,2026-09-19,1353,T,100,6.1NRT,294.43,21.76,N
-3.1725,115.50997,323.77,1.19,1.08,2026-09-19,809,A,75,6.1NRT,292.82,21.75,D
-3.02888,35.8215,320.45,1.31,1.14,2026-09-19,1306,A,52,6.1NRT,294.94,21.75,D
-23.46432,47.40796,320.63,1.34,1.15,2026-09-19,1259,A,76,6.1NRT,295.7,21.74,D
1.23228,38.83228,335.38,1.01,1.01,2026-09-19,1306,A,81,6.1NRT,310.69,21.72,D
-2.16698,110.22738,327.75,1.19,1.09,2026-09-19,811,A,80,6.1NRT,297.37,21.71,D
-12.92537,141.8172,327.03,1.12,1.05,2026-09-19,629,A,82,6.1NRT,297.5,21.7,D
18.01315,-93.44398,303.51,2.48,1.52,2026-09-19,1034,A,47,6.1NRT,286.48,21.7,N
-16.53106,39.34952,327.5,1.2,1.09,2026-09-19,1304,A,81,6.1NRT,298.73,21.68,D
-11.94153,-50.11452,303.49,3.16,1.68,2026-09-19,39,T,21,6.1NRT,293.08,21.66,N
-2.71205,110.35404,328.41,1.19,1.09,2026-09-19,811,A,43,6.1NRT,298.98,21.65,D
-5.64863,34.43456,318.63,1.82,1.32,2026-09-19,1306,A,61,6.1NRT,300.5,21.64,D
48.38514,57.42444,306.5,3.02,1.65,2026-09-19,614,T,44,6.1NRT,289.89,21.63,D
-3.33302,112.48596,330.35,1.01,1.0,2026-09-19,811,A,83,6.1NRT,300.54,21.62,D
-2.79285,112.89201,331.25,1.0,1.0,2026-09-19,811,A,84,6.1NRT,300.74,21.62,D
-10.69843,-60.74683,323.59,1.11,1.05,2026-09-19,39,T,100,6.1NRT,294.54,21.61,N
28.57955,17.337,302.7,2.49,1.52,2026-09-19,219,A,51,6.1NRT,290.79,21.58,N
-7.43237,112.59852,300.62,3.82,1.83,2026-09-19,1348,T,18,6.1NRT,289.79,21.58,N
-8.27061,35.08861,316.93,1.79,1.31,2026-09-19,1304,A,69,6.1NRT,297.07,21.58,D
-2.97428,113.60708,330.3,1.01,1.01,2026-09-19,811,A,80,6.1NRT,299.71,21.56,D
-15.36185,47.19984,313.06,1.82,1.32,2026-09-19,1301,A,37,6.1NRT,293.2,21.56,D
-17.62711,35.25827,317.6,2.42,1.5,2026-09-19,1301,A,63,6.1NRT,304.48,21.55,D
-2.48623,106.21079,314.62,2.39,1.49,2026-09-19,811,A,62,6.1NRT,294.91,21.53,D
-3.05007,115.08935,328.75,1.13,1.06,2026-09-19,811,A,80,6.1NRT,302.1,21.52,D
-1.9702,115.9416,324.49,1.31,1.13,2026-09-19,811,A,77,6.1NRT,298.22,21.51,D
-12.50186,-50.04715,316.85,2.11,1.41,2026-09-19,1128,T,32,6.1NRT,302.62,21.5,D
-17.76862,47.60986,319.28,1.76,1.3,2026-09-19,1301,A,65,6.1NRT,301.85,21.5,D
-3.18542,114.29722,328.68,1.05,1.02,2026-09-19,811,A,70,6.1NRT,299.72,21.5,D
-7.87096,-45.12341,328.38,1.14,1.07,2026-09-19,1128,T,80,6.1NRT,305.74,21.48,D
-17.31479,35.46556,316.75,2.3,1.47,2026-09-19,1301,A,63,6.1NRT,302.48,21.48,D
-5.40487,34.70288,320.49,1.72,1.29,2026-09-19,1306,A,65,6.1NRT,302.38,21.47,D
0.58268,111.21478,328.22,1.03,1.01,2026-09-19,811,A,77,6.1NRT,295.64,21.47,D
-9.4127,37.84024,325.79,1.2,1.09,2026-09-19,1304,A,74,6.1NRT,299.83,21.47,D
-29.81195,152.51956,311.16,1.6,1.24,2026-09-19,1026,T,79,6.1NRT,290.25,21.45,N
-3.22345,111.8492,333.04,1.04,1.02,2026-09-19,811,A,23,6.1NRT,300.28,21.44,D
-7.82458,36.07764,315.65,1.48,1.2,2026-09-19,1304,A,70,6.1NRT,293.23,21.43,D
-10.70515,-50.24937,317.23,2.37,1.49,2026-09-19,1128,T,46,6.1NRT,301.07,21.43,D
-2.25947,116.40501,323.22,1.39,1.17,2026-09-19,811,A,75,6.1NRT,299.65,21.42,D
-11.08095,-48.29656,321.0,1.65,1.26,2026-09-19,1128,T,66,6.1NRT,301.82,21.41,D
-3.10574,112.59222,330.6,1.0,1.0,2026-09-19,811,A,83,6.1NRT,299.3,21.41,D
-4.02296,137.79767,323.37,1.0,1.0,2026-09-19,631,A,72,6.1NRT,279.84,21.41,D
-3.23593,112.33037,328.67,1.01,1.01,2026-09-19,811,A,81,6.1NRT,298.87,21.4,D
-5.71817,31.50257,326.28,1.0,1.0,2026-09-19,629,T,82,6.1NRT,288.3,21.35,D
-2.54469,110.73472,326.2,1.13,1.06,2026-09-19,811,A,79,6.1NRT,297.98,21.34,D
3.52863,33.57008,320.83,1.5,1.21,2026-09-19,1308,A,41,6.1NRT,301.48,21.32,D
-3.12762,113.75945,328.91,1.02,1.01,2026-09-19,811,A,81,6.1NRT,298.96,21.31,D
-1.95106,113.02361,330.35,1.0,1.0,2026-09-19,811,A,83,6.1NRT,300.33,21.3,D
47.86998,37.37378,309.0,2.99,1.64,2026-09-19,1318,A,43,6.1NRT,295.1,21.3,D
2.59615,114.04758,309.62,2.47,1.51,2026-09-19,132,T,66,6.1NRT,288.15,21.3,D
44.30415,124.76781,312.42,1.78,1.31,2026-09-19,120,T,72,6.1NRT,294.96,21.29,D
-1.59811,110.45906,328.5,1.14,1.06,2026-09-19,811,A,26,6.1NRT,290.98,21.29,D
-15.11763,28.36634,327.05,1.04,1.02,2026-09-19,631,T,81,6.1NRT,298.43,21.29,D
-0.85173,110.15512,303.89,3.19,1.69,2026-09-19,1353,T,57,6.1NRT,290.13,21.29,N
-1.60222,111.14909,301.45,3.73,1.81,2026-09-19,1353,T,41,6.1NRT,286.85,21.28,N
37.58999,-119.5923,321.76,1.01,1.0,2026-09-19,1206,A,53,6.1NRT,281.49,21.27,N
-16.37889,36.19622,317.7,1.96,1.37,2026-09-19,1304,A,65,6.1NRT,299.07,21.26,D
0.50134,116.65201,318.99,1.6,1.25,2026-09-19,811,A,72,6.1NRT,296.64,21.25,D
-10.39841,-48.31321,320.96,1.69,1.28,2026-09-19,1128,T,72,6.1NRT,304.14,21.24,D
48.28946,37.74593,307.27,3.16,1.68,2026-09-19,1318,A,41,6.1NRT,295.95,21.23,D
-2.90583,112.4278,328.87,1.01,1.0,2026-09-19,811,A,82,6.1NRT,299.75,21.23,D
51.87508,54.74349,312.78,1.73,1.29,2026-09-19,614,T,72,6.1NRT,293.94,21.22,D
65.40072,83.03727,317.73,1.15,1.07,2026-09-19,830,A,78,6.1NRT,287.72,21.22,D
68.52348,79.96143,318.87,1.03,1.01,2026-09-19,429,T,74,6.1NRT,279.85,21.21,D
-12.5948,-50.91036,315.38,2.46,1.51,2026-09-19,1128,T,37,6.1NRT,300.42,21.21,D
-10.99213,38.27304,328.15,1.18,1.08,2026-09-19,1304,A,79,6.1NRT,293.9,21.21,D
-6.91481,35.73167,324.65,1.52,1.22,2026-09-19,1304,A,74,6.1NRT,306.49,21.2,D
-16.81929,47.27452,320.23,1.73,1.29,2026-09-19,1301,A,69,6.1NRT,303.12,21.2,D
-11.92522,-50.10126,316.25,2.19,1.43,2026-09-19,1128,T,32,6.1NRT,303.37,21.19,D
-23.63359,134.48297,319.19,1.21,1.09,2026-09-19,1206,T,98,6.1NRT,293.48,21.17,N
-16.21156,28.27585,328.28,1.03,1.01,2026-09-19,631,T,82,6.1NRT,299.16,21.17,D
60.43765,96.23641,318.83,1.07,1.03,2026-09-19,828,A,79,6.1NRT,285.79,21.16,D
-16.40439,35.33548,316.06,2.29,1.46,2026-09-19,1304,A,61,6.1NRT,298.06,21.15,D
28.49187,49.71921,329.05,1.0,1.0,2026-09-19,39,A,100,6.1NRT,305.05,21.15,N
57.68418,106.08121,314.13,1.11,1.05,2026-09-19,1229,T,89,6.1NRT,275.0,21.14,N
60.83968,97.33794,304.13,1.69,1.28,2026-09-19,1232,T,59,6.1NRT,276.0,21.14,N
4.89301,32.37629,320.65,1.75,1.3,2026-09-19,1308,A,68,6.1NRT,299.82,21.14,D
-7.18886,37.33676,326.09,1.2,1.09,2026-09-19,1304,A,80,6.1NRT,301.51,21.14,D
-35.77911,137.01131,317.27,1.11,1.05,2026-09-19,1204,T,95,6.1NRT,282.65,21.13,N
-18.34709,137.94016,328.55,1.25,1.11,2026-09-19,629,A,64,6.1NRT,307.73,21.13,D
9.65463,-63.53343,327.87,1.0,1.0,2026-09-19,1259,T,84,6.1NRT,293.42,21.12,D
-2.92493,110.85487,326.96,1.13,1.06,2026-09-19,811,A,80,6.1NRT,298.68,21.09,D
-13.15178,-45.23252,327.69,1.04,1.02,2026-09-19,1128,T,81,6.1NRT,299.46,21.08,D
60.84597,97.36537,304.26,1.68,1.28,2026-09-19,1232,T,59,6.1NRT,276.76,21.08,N
-3.99764,136.08844,323.63,1.09,1.04,2026-09-19,631,A,72,6.1NRT,289.72,21.06,D
-5.54332,33.95295,317.46,1.98,1.37,2026-09-19,1306,A,57,6.1NRT,297.89,21.04,D
-3.16807,113.72932,328.89,1.02,1.01,2026-09-19,811,A,81,6.1NRT,301.14,21.04,D
-14.03674,39.39523,326.89,1.12,1.05,2026-09-19,1304,A,78,6.1NRT,300.57,21.03,D
37.34778,35.94439,320.09,1.84,1.33,2026-09-19,1316,A,72,6.1NRT,300.22,21.03,D
25.31739,117.3761,316.69,1.66,1.27,2026-09-19,124,T,73,6.1NRT,296.01,21.02,D
-17.03663,35.50293,318.07,2.27,1.46,2026-09-19,1301,A,66,6.1NRT,302.33,21.02,D
0.03075,116.75882,319.53,1.6,1.25,2026-09-19,811,A,73,6.1NRT,295.77,21.01,D
-21.73219,-60.84051,313.99,1.52,1.22,2026-09-19,37,T,88,6.1NRT,290.61,21.01,N
-5.88143,-53.54947,309.64,2.19,1.43,2026-09-19,41,T,60,6.1NRT,293.65,21.0,N
53.46227,59.02477,304.63,2.41,1.5,2026-09-19,612,T,56,6.1NRT,288.78,20.99,D
-14.67906,36.78081,321.92,1.67,1.27,2026-09-19,1304,A,72,6.1NRT,302.18,20.97,D
22.76655,115.01209,322.21,1.29,1.13,2026-09-19,126,T,71,6.1NRT,297.22,20.97,D
-13.95497,35.80911,315.53,1.93,1.36,2026-09-19,1304,A,0,6.1NRT,291.12,20.97,D
-3.44435,104.87549,321.46,1.17,1.08,2026-09-19,1353,T,100,6.1NRT,294.38,20.96,N
-0.09552,35.9472,322.32,1.31,1.14,2026-09-19,629,T,80,6.1NRT,296.76,20.96,D
-8.32924,36.49889,321.84,1.4,1.17,2026-09-19,1304,A,76,6.1NRT,297.54,20.95,D
-2.92656,105.11713,328.38,1.03,1.01,2026-09-19,134,T,82,6.1NRT,295.76,20.94,D
-3.12887,104.60653,322.67,1.14,1.06,2026-09-19,1353,T,100,6.1NRT,294.35,20.93,N
-5.03301,37.32735,327.1,1.14,1.06,2026-09-19,1306,A,69,6.1NRT,302.7,20.92,D
-28.98441,152.48625,311.76,1.57,1.23,2026-09-19,1026,T,83,6.1NRT,291.25,20.92,N
-12.08719,136.29367,323.54,1.31,1.13,2026-09-19,629,A,53,6.1NRT,294.83,20.91,D
-2.31235,113.32487,327.41,1.01,1.0,2026-09-19,811,A,0,6.1NRT,297.14,20.91,D
-17.38212,35.89678,317.74,2.14,1.42,2026-09-19,1301,A,53,6.1NRT,301.82,20.89,D
30.49143,-109.64069,304.91,2.29,1.47,2026-09-19,408,T,62,6.1NRT,292.68,20.89,N
-2.02478,115.84584,323.23,1.29,1.13,2026-09-19,811,A,76,6.1NRT,297.05,20.88,D
-16.00613,47.76184,314.96,2.09,1.41,2026-09-19,453,T,70,6.1NRT,298.68,20.88,D
-19.40767,137.07657,326.4,1.46,1.19,2026-09-19,629,A,64,6.1NRT,309.47,20.88,D
43.34278,74.04855,326.99,1.1,1.05,2026-09-19,1002,A,72,6.1NRT,302.04,20.87,D
37.40604,39.11005,327.99,1.09,1.04,2026-09-19,618,T,81,6.1NRT,302.27,20.87,D
5.95899,-56.61671,309.76,3.08,1.67,2026-09-19,1259,T,0,6.1NRT,293.42,20.87,D
-14.16296,135.58881,319.92,1.56,1.23,2026-09-19,629,A,72,6.1NRT,300.29,20.86,D
-5.55719,35.40833,325.18,1.53,1.22,2026-09-19,1306,A,75,6.1NRT,306.87,20.86,D
-23.97359,46.72167,322.58,1.21,1.09,2026-09-19,1259,A,60,6.1NRT,296.02,20.84,D
-22.20621,147.56857,318.72,1.82,1.32,2026-09-19,627,A,70,6.1NRT,304.61,20.84,D
-17.37702,-60.4693,318.41,1.27,1.12,2026-09-19,39,T,97,6.1NRT,293.55,20.83,N
-17.21012,33.76099,313.1,3.13,1.68,2026-09-19,1304,A,39,6.1NRT,299.24,20.83,D
-16.30466,45.73336,324.7,1.38,1.16,2026-09-19,1301,A,66,6.1NRT,301.2,20.82,D
-7.62562,35.26019,321.11,1.69,1.28,2026-09-19,1304,A,72,6.1NRT,302.6,20.81,D
-2.71356,110.34369,327.61,1.19,1.09,2026-09-19,811,A,54,6.1NRT,299.38,20.8,D
-13.28466,136.36078,324.45,1.34,1.15,2026-09-19,629,A,0,6.1NRT,298.74,20.8,D
-22.24173,43.93184,330.65,1.01,1.0,2026-09-19,1301,A,82,6.1NRT,303.87,20.8,D
-13.69093,37.37779,321.61,1.46,1.19,2026-09-19,1304,A,46,6.1NRT,297.35,20.8,D
-2.81717,110.39598,327.43,1.19,1.08,2026-09-19,811,A,80,6.1NRT,297.4,20.78,D
-3.86125,105.85683,318.49,1.32,1.14,2026-09-19,1353,T,97,6.1NRT,294.4,20.77,N
-16.89436,135.97865,309.04,1.99,1.38,2026-09-19,1208,T,76,6.1NRT,293.54,20.77,N
26.19273,118.1275,315.08,1.8,1.31,2026-09-19,124,T,55,6.1NRT,294.01,20.76,D
-12.93445,143.44868,317.56,1.38,1.16,2026-09-19,629,A,73,6.1NRT,289.36,20.76,D
-3.17661,111.84502,328.73,1.04,1.02,2026-09-19,811,A,81,6.1NRT,299.97,20.75,D
-2.5695,112.20113,329.99,1.01,1.01,2026-09-19,811,A,83,6.1NRT,299.21,20.71,D
-19.70945,44.76256,329.0,1.1,1.05,2026-09-19,1301,A,79,6.1NRT,304.82,20.71,D
-9.34547,-48.19464,318.36,1.73,1.29,2026-09-19,1128,T,68,6.1NRT,302.02,20.71,D
-10.10396,32.8724,326.89,1.15,1.07,2026-09-19,631,T,81,6.1NRT,300.54,20.7,D
-8.17747,37.78763,327.47,1.17,1.07,2026-09-19,1304,A,53,6.1NRT,302.49,20.69,D
-4.2648,143.709,300.76,3.23,1.7,2026-09-19,1034,T,33,6.1NRT,285.25,20.65,N
64.74383,84.43676,316.83,1.12,1.06,2026-09-19,830,A,77,6.1NRT,285.34,20.64,D
-19.8178,34.70527,311.0,2.87,1.62,2026-09-19,1301,A,36,6.1NRT,299.17,20.64,D
-1.07688,112.74401,326.61,1.0,1.0,2026-09-19,811,A,82,6.1NRT,292.98,20.63,D
32.35766,47.69887,320.98,1.2,1.09,2026-09-19,39,A,100,6.1NRT,299.66,20.62,N
-17.6146,46.82372,321.98,1.55,1.23,2026-09-19,1301,A,69,6.1NRT,303.57,20.62,D
-16.58914,45.68731,324.77,1.36,1.15,2026-09-19,1301,A,74,6.1NRT,301.11,20.62,D
8.98257,32.72223,322.44,1.41,1.17,2026-09-19,1310,A,74,6.1NRT,298.34,20.62,D
-17.50879,35.59387,316.69,2.27,1.46,2026-09-19,1301,A,63,6.1NRT,303.08,20.6,D
-5.50685,34.38624,317.83,1.83,1.32,2026-09-19,1306,A,49,6.1NRT,299.62,20.59,D
-3.01515,112.71584,313.24,2.39,1.49,2026-09-19,134,T,51,6.1NRT,293.16,20.59,D
61.40337,112.88249,305.94,1.85,1.33,2026-09-19,253,T,40,6.1NRT,276.77,20.57,D
4.80931,36.37598,333.89,1.03,1.01,2026-09-19,1308,A,84,6.1NRT,309.44,20.56,D
-12.21789,27.74578,324.03,1.16,1.07,2026-09-19,631,T,80,6.1NRT,297.0,20.56,D
-5.75819,32.27932,316.0,2.74,1.58,2026-09-19,1306,A,52,6.1NRT,299.5,20.55,D
-8.45072,-45.8589,325.21,1.23,1.1,2026-09-19,1128,T,76,6.1NRT,302.52,20.54,D
-2.00931,114.37845,326.69,1.08,1.04,2026-09-19,811,A,80,6.1NRT,298.06,20.54,D
-16.34264,29.17871,328.97,1.0,1.0,2026-09-19,631,T,83,6.1NRT,298.85,20.53,D
-15.8292,47.83809,316.95,2.0,1.38,2026-09-19,1301,A,52,6.1NRT,298.5,20.49,D
-5.40576,34.69786,319.31,1.72,1.29,2026-09-19,1306,A,62,6.1NRT,301.98,20.48,D
-20.13768,47.36436,317.0,1.53,1.22,2026-09-19,1301,A,68,6.1NRT,295.01,20.48,D
-3.20614,112.5949,329.32,1.0,1.0,2026-09-19,811,A,81,6.1NRT,299.44,20.47,D
-8.42163,-54.72912,319.07,1.18,1.08,2026-09-19,724,A,98,6.1NRT,293.94,20.45,N
-2.75233,110.37599,326.72,1.19,1.08,2026-09-19,811,A,73,6.1NRT,298.63,20.45,D
-3.01222,104.04853,325.7,1.12,1.05,2026-09-19,134,T,80,6.1NRT,295.61,20.44,D
-1.81146,112.02248,327.54,1.01,1.01,2026-09-19,811,A,80,6.1NRT,295.01,20.44,D
60.84016,97.35071,316.2,1.07,1.03,2026-09-19,253,T,76,6.1NRT,278.96,20.44,D
-12.54966,-47.08519,324.98,1.29,1.13,2026-09-19,1128,T,77,6.1NRT,303.52,20.42,D
-3.16048,112.03262,328.32,1.03,1.01,2026-09-19,811,A,81,6.1NRT,299.07,20.42,D
-17.8175,48.32063,313.91,1.98,1.37,2026-09-19,1301,A,59,6.1NRT,298.12,20.42,D
-5.75538,34.01217,318.19,1.98,1.37,2026-09-19,1306,A,60,6.1NRT,300.75,20.41,D
-3.24937,114.06322,327.38,1.03,1.02,2026-09-19,811,A,79,6.1NRT,299.05,20.4,D
-12.39711,136.34981,324.49,1.31,1.13,2026-09-19,629,A,53,6.1NRT,300.13,20.39,D
-2.57385,110.46727,303.2,3.16,1.68,2026-09-19,1353,T,54,6.1NRT,290.68,20.38,N
-5.24159,34.31476,320.12,1.83,1.33,2026-09-19,1306,A,63,6.1NRT,301.71,20.38,D
-23.61249,134.49083,318.54,1.21,1.1,2026-09-19,1206,T,97,6.1NRT,292.82,20.38,N
-0.04745,116.7562,319.94,1.6,1.25,2026-09-19,811,A,74,6.1NRT,296.61,20.38,D
-13.91524,30.64889,327.51,1.02,1.01,2026-09-19,631,T,81,6.1NRT,299.02,20.37,D
-1.91667,113.63503,328.67,1.02,1.01,2026-09-19,811,A,82,6.1NRT,304.17,20.35,D
-16.86072,36.64497,316.08,1.84,1.33,2026-09-19,1304,A,44,6.1NRT,296.86,20.35,D
-13.94691,136.52747,322.74,1.34,1.15,2026-09-19,629,A,66,6.1NRT,296.15,20.35,D
-6.3714,-58.31041,308.04,3.62,1.78,2026-09-19,1304,T,23,6.1NRT,289.38,20.34,D
-2.91025,112.27592,330.3,1.01,1.01,2026-09-19,811,A,74,6.1NRT,299.94,20.32,D
-19.71397,46.39139,324.6,1.34,1.15,2026-09-19,1301,A,70,6.1NRT,307.33,20.32,D
-3.03077,104.04592,326.58,1.12,1.05,2026-09-19,134,T,81,6.1NRT,297.32,20.32,D
-3.09798,104.44718,327.46,1.07,1.03,2026-09-19,134,T,67,6.1NRT,296.27,20.32,D
-16.218,37.02789,318.78,1.68,1.28,2026-09-19,1304,A,68,6.1NRT,299.08,20.32,D
-2.96901,112.26414,328.48,1.01,1.01,2026-09-19,811,A,77,6.1NRT,298.31,20.32,D
-2.74953,110.72657,326.45,1.14,1.06,2026-09-19,811,A,79,6.1NRT,298.78,20.29,D
60.84476,97.36007,302.35,1.68,1.28,2026-09-19,1232,T,48,6.1NRT,276.83,20.29,N
-4.48778,-55.48368,322.35,1.02,1.01,2026-09-19,724,A,100,6.1NRT,290.89,20.29,N
65.38425,83.19916,317.15,1.15,1.07,2026-09-19,830,A,77,6.1NRT,286.83,20.28,D
29.89875,-94.45588,320.71,1.1,1.05,2026-09-19,230,T,100,6.1NRT,295.01,20.28,N
-18.42116,45.9926,323.6,1.33,1.14,2026-09-19,1301,A,63,6.1NRT,301.37,20.28,D
-16.40523,45.6166,325.11,1.35,1.15,2026-09-19,1301,A,76,6.1NRT,302.69,20.27,D
-15.70506,37.46463,320.45,1.54,1.22,2026-09-19,1304,A,49,6.1NRT,298.58,20.27,D
-3.24369,113.65618,328.09,1.01,1.01,2026-09-19,811,A,80,6.1NRT,302.03,20.27,D
4.02996,33.75988,326.76,1.43,1.18,2026-09-19,1308,A,74,6.1NRT,305.39,20.26,D
6.24834,33.83571,327.27,1.31,1.13,2026-09-19,1308,A,74,6.1NRT,303.16,20.26,D
5.96446,34.76983,330.28,1.02,1.01,2026-09-19,627,T,81,6.1NRT,300.4,20.26,D
-15.64635,28.88899,327.59,1.01,1.0,2026-09-19,631,T,80,6.1NRT,296.74,20.25,D
64.41315,106.60468,312.51,1.29,1.13,2026-09-19,652,A,73,6.1NRT,282.62,20.24,D
60.44475,97.1528,301.2,1.77,1.3,2026-09-19,1229,T,39,6.1NRT,276.57,20.24,N
29.2358,19.71099,308.13,1.72,1.29,2026-09-19,219,A,74,6.1NRT,289.7,20.24,N
-15.58673,-56.53791,319.42,1.04,1.02,2026-09-19,39,T,99,6.1NRT,289.94,20.24,N
-2.16059,110.24519,320.29,1.48,1.2,2026-09-19,132,T,72,6.1NRT,294.28,20.23,D
-2.68048,114.89902,325.57,1.12,1.05,2026-09-19,811,A,78,6.1NRT,300.1,20.23,D
-7.49184,35.55902,322.0,1.6,1.24,2026-09-19,1304,A,73,6.1NRT,303.42,20.22,D
-2.64373,112.83096,331.0,1.0,1.0,2026-09-19,811,A,47,6.1NRT,300.22,20.22,D
-2.34399,111.48242,326.51,1.05,1.02,2026-09-19,811,A,80,6.1NRT,294.96,20.2,D
-2.65354,112.88571,330.6,1.0,1.0,2026-09-19,811,A,63,6.1NRT,300.76,20.19,D
-3.12905,112.37184,328.63,1.01,1.01,2026-09-19,811,A,77,6.1NRT,299.05,20.19,D
6.21336,35.08999,327.52,1.03,1.02,2026-09-19,627,T,80,6.1NRT,300.46,20.16,D
-2.67343,110.61839,326.32,1.15,1.07,2026-09-19,811,A,76,6.1NRT,297.87,20.16,D
-18.43399,35.35041,311.29,2.45,1.51,2026-09-19,1301,A,42,6.1NRT,295.25,20.16,D
-12.07566,136.30383,323.04,1.3,1.13,2026-09-19,629,A,48,6.1NRT,296.37,20.15,D
-7.89348,36.01465,315.62,1.5,1.21,2026-09-19,1304,A,64,6.1NRT,290.81,20.15,D
57.5626,105.92915,313.12,1.12,1.05,2026-09-19,1229,T,86,6.1NRT,274.41,20.14,N
57.94199,60.04055,309.96,1.76,1.3,2026-09-19,1006,A,69,6.1NRT,290.1,20.11,D
-17.59646,28.02669,326.2,1.02,1.01,2026-09-19,633,T,80,6.1NRT,297.59,20.09,D
-0.08929,116.72697,318.57,1.59,1.24,2026-09-19,811,A,72,6.1NRT,295.07,20.08,D
-1.7968,113.62321,327.6,1.03,1.01,2026-09-19,811,A,81,6.1NRT,297.33,20.07,D
-14.58914,38.05761,320.68,1.35,1.15,2026-09-19,1304,A,56,6.1NRT,295.43,20.07,D
9.6157,-63.71735,328.23,1.0,1.0,2026-09-19,1259,T,84,6.1NRT,295.31,20.07,D
-16.23971,36.8516,317.11,1.74,1.29,2026-09-19,1304,A,52,6.1NRT,297.34,20.06,D
-6.99354,-42.19329,330.37,1.01,1.0,2026-09-19,1128,T,81,6.1NRT,304.13,20.06,D
-13.59082,141.81738,326.37,1.1,1.05,2026-09-19,629,A,68,6.1NRT,297.53,20.05,D
-11.31314,-51.74026,305.13,2.42,1.5,2026-09-19,39,T,63,6.1NRT,292.47,20.05,N
-2.47976,111.53786,301.54,3.87,1.83,2026-09-19,1353,T,29,6.1NRT,288.02,20.04,N
-23.6108,45.77993,328.74,1.1,1.05,2026-09-19,1301,A,80,6.1NRT,307.81,20.04,D
29.6358,120.87502,311.07,2.35,1.48,2026-09-19,124,T,52,6.1NRT,291.47,20.04,D
-14.21052,135.58615,320.55,1.57,1.23,2026-09-19,629,A,60,6.1NRT,299.61,20.03,D
-4.64282,105.18534,320.66,1.18,1.08,2026-09-19,1350,T,100,6.1NRT,293.43,20.02,N
-13.95784,27.52524,323.35,1.14,1.06,2026-09-19,631,T,78,6.1NRT,297.57,20.01,D
-18.41183,137.90259,328.81,1.26,1.11,2026-09-19,629,A,67,6.1NRT,308.53,20.0,D
-2.45905,112.95121,327.59,1.0,1.0,2026-09-19,811,A,66,6.1NRT,298.68,19.96,D
-9.8445,33.28438,323.77,1.2,1.09,2026-09-19,631,T,78,6.1NRT,297.47,19.93,D
-12.50503,-50.02826,316.35,2.1,1.41,2026-09-19,1128,T,29,6.1NRT,302.16,19.92,D
-15.6513,47.2063,318.56,1.8,1.32,2026-09-19,1301,A,49,6.1NRT,303.43,19.91,D
-27.94885,152.37859,311.7,1.54,1.22,2026-09-19,1026,T,83,6.1NRT,292.49,19.91,N
-2.45214,35.27997,323.89,1.4,1.17,2026-09-19,1306,A,68,6.1NRT,301.99,19.89,D
-16.999,35.05291,314.82,2.46,1.51,2026-09-19,1304,A,55,6.1NRT,300.68,19.89,D
-14.15185,31.03062,327.33,1.05,1.02,2026-09-19,631,T,81,6.1NRT,299.94,19.89,D
-3.86228,105.85158,317.83,1.32,1.14,2026-09-19,1353,T,96,6.1NRT,294.16,19.89,N
-14.70809,39.66599,322.7,1.11,1.05,2026-09-19,1304,A,0,6.1NRT,295.34,19.88,D
-23.62212,134.49271,318.34,1.21,1.1,2026-09-19,1206,T,97,6.1NRT,292.3,19.88,N
60.43728,97.54966,301.86,1.72,1.29,2026-09-19,1229,T,45,6.1NRT,275.45,19.87,N
-7.52661,138.42589,327.4,1.0,1.0,2026-09-19,631,A,80,6.1NRT,284.9,19.86,D
-9.24452,-45.95015,325.29,1.22,1.1,2026-09-19,1128,T,77,6.1NRT,303.06,19.84,D
59.80735,109.43606,309.43,1.5,1.21,2026-09-19,650,A,37,6.1NRT,279.53,19.83,D
-15.04397,47.80693,317.89,2.06,1.4,2026-09-19,1304,A,40,6.1NRT,303.38,19.82,D
-0.8558,110.12743,303.54,3.18,1.69,2026-09-19,1353,T,56,6.1NRT,290.52,19.81,N
-3.31317,113.99944,326.03,1.03,1.01,2026-09-19,809,A,77,6.1NRT,298.09,19.8,D
-12.44934,24.54905,311.66,1.89,1.34,2026-09-19,631,T,67,6.1NRT,293.62,19.8,D
3.50076,33.87348,323.72,1.43,1.18,2026-09-19,1308,A,50,6.1NRT,305.56,19.8,D
-2.80602,111.17711,301.03,3.57,1.77,2026-09-19,1353,T,37,6.1NRT,287.76,19.79,N
-0.60773,111.98063,326.18,1.01,1.0,2026-09-19,811,A,81,6.1NRT,292.88,19.79,D
-9.79593,38.98576,330.65,1.07,1.03,2026-09-19,1304,A,82,6.1NRT,304.18,19.78,D
-18.4373,35.34395,311.58,2.45,1.51,2026-09-19,1301,A,35,6.1NRT,295.25,19.78,D
-9.00917,-44.91193,327.17,1.09,1.04,2026-09-19,1128,T,80,6.1NRT,303.84,19.77,D
-13.93685,136.52608,322.38,1.34,1.15,2026-09-19,629,A,75,6.1NRT,297.26,19.76,D
-16.98061,34.97958,316.29,2.49,1.52,2026-09-19,1304,A,61,6.1NRT,302.6,19.74,D
31.09422,47.79623,318.74,1.15,1.07,2026-09-19,39,A,97,6.1NRT,297.8,19.74,N
-2.8657,102.9874,325.02,1.01,1.01,2026-09-19,1353,T,100,6.1NRT,292.98,19.74,N
56.86029,59.89424,306.14,1.95,1.36,2026-09-19,1006,A,63,6.1NRT,289.6,19.71,D
-3.08736,113.58459,328.22,1.01,1.01,2026-09-19,811,A,72,6.1NRT,297.62,19.71,D
-22.88657,45.55917,328.86,1.1,1.05,2026-09-19,1301,A,80,6.1NRT,307.69,19.7,D
-15.97974,34.24215,314.88,2.75,1.59,2026-09-19,1304,A,54,6.1NRT,299.58,19.7,D
58.47546,107.00483,300.61,2.06,1.4,2026-09-19,650,A,37,6.1NRT,282.33,19.68,D
-14.21975,36.51328,318.24,1.72,1.29,2026-09-19,1304,A,66,6.1NRT,300.11,19.68,D
65.55017,82.98618,316.23,1.15,1.07,2026-09-19,830,A,76,6.1NRT,284.56,19.67,D
-3.33155,-59.81427,322.23,1.01,1.0,2026-09-19,41,T,100,6.1NRT,286.33,19.67,N
0.59082,111.33161,326.95,1.02,1.01,2026-09-19,811,A,81,6.1NRT,296.99,19.64,D
-7.92521,-61.33024,313.0,2.18,1.43,2026-09-19,1304,T,67,6.1NRT,296.43,19.63,D
-4.77731,35.92039,321.66,1.37,1.16,2026-09-19,1306,A,70,6.1NRT,299.8,19.59,D
-2.52425,112.20345,328.56,1.01,1.01,2026-09-19,811,A,79,6.1NRT,297.69,19.58,D
-16.30555,36.14365,317.19,1.97,1.37,2026-09-19,1304,A,64,6.1NRT,300.36,19.57,D
-3.19689,113.91177,331.5,1.02,1.01,2026-09-19,811,A,45,6.1NRT,300.29,19.57,D
48.1018,35.93412,311.46,2.5,1.52,2026-09-19,1318,A,60,6.1NRT,297.82,19.56,D
26.18994,118.13288,313.69,1.8,1.31,2026-09-19,124,T,67,6.1NRT,293.79,19.56,D
47.96886,16.85531,313.03,2.01,1.38,2026-09-19,1321,A,73,6.1NRT,298.32,19.54,D
40.27255,29.57246,325.88,1.02,1.01,2026-09-19,1318,A,82,6.1NRT,298.22,19.54,D
3.33877,33.46278,319.93,1.54,1.22,2026-09-19,1308,A,60,6.1NRT,301.18,19.53,D
-16.76399,46.46769,322.15,1.52,1.22,2026-09-19,1301,A,70,6.1NRT,305.9,19.52,D
-2.80862,113.02762,327.66,1.0,1.0,2026-09-19,811,A,81,6.1NRT,301.79,19.52,D
-3.21852,113.88767,333.65,1.02,1.01,2026-09-19,811,A,45,6.1NRT,302.78,19.52,D
-22.88824,45.54882,328.69,1.1,1.05,2026-09-19,1301,A,80,6.1NRT,308.01,19.51,D
63.16239,86.00278,315.74,1.13,1.06,2026-09-19,828,A,76,6.1NRT,285.98,19.51,D
8.55557,-64.13831,323.37,1.05,1.02,2026-09-19,45,T,100,6.1NRT,294.07,19.51,N
66.45756,75.53205,307.49,1.58,1.24,2026-09-19,833,A,62,6.1NRT,282.35,19.51,D
39.75361,33.95954,319.8,1.51,1.21,2026-09-19,1318,A,76,6.1NRT,300.0,19.5,D
-1.59126,-54.44246,308.64,2.2,1.44,2026-09-19,41,T,75,6.1NRT,295.88,19.5,N
-26.54979,146.2426,323.84,1.24,1.11,2026-09-19,625,A,75,6.1NRT,306.6,19.5,D
4.7463,-61.60294,300.25,2.69,1.57,2026-09-19,722,A,23,6.1NRT,288.01,19.48,N
-7.56104,-61.31811,314.84,2.15,1.43,2026-09-19,1304,T,24,6.1NRT,297.67,19.46,D
-15.11676,35.29958,315.73,2.2,1.44,2026-09-19,1304,A,45,6.1NRT,298.31,19.45,D
48.3866,57.43038,306.04,3.02,1.65,2026-09-19,614,T,42,6.1NRT,289.89,19.45,D
-5.01243,34.3021,321.71,1.82,1.32,2026-09-19,1306,A,67,6.1NRT,304.17,19.45,D
-2.81469,35.74779,325.54,1.32,1.14,2026-09-19,1306,A,67,6.1NRT,304.96,19.44,D
3.21649,32.195,316.09,1.94,1.36,2026-09-19,1308,A,64,6.1NRT,297.47,19.43,D
-3.72459,105.514,317.87,1.26,1.12,2026-09-19,1353,T,96,6.1NRT,293.55,19.42,N
-2.52975,110.45516,303.7,3.16,1.68,2026-09-19,1353,T,16,6.1NRT,290.38,19.4,N
-2.69052,112.32998,330.8,1.01,1.0,2026-09-19,811,A,56,6.1NRT,300.91,19.36,D
-13.01857,38.90315,326.51,1.15,1.07,2026-09-19,1304,A,77,6.1NRT,300.73,19.35,D
-11.97315,-52.46583,307.84,2.06,1.4,2026-09-19,39,T,68,6.1NRT,292.82,19.35,N
-16.93196,135.93613,309.77,1.97,1.37,2026-09-19,1208,T,26,6.1NRT,293.07,19.34,N
-1.78849,115.85429,322.42,1.3,1.13,2026-09-19,811,A,75,6.1NRT,298.04,19.34,D
-12.05469,35.43451,314.83,1.8,1.31,2026-09-19,631,T,49,6.1NRT,290.96,19.33,D
-11.2999,-51.72601,305.39,2.43,1.5,2026-09-19,39,T,48,6.1NRT,292.14,19.33,N
-3.10207,-40.23857,326.16,1.08,1.04,2026-09-19,1125,T,79,6.1NRT,299.61,19.31,D
-19.57842,44.71249,328.0,1.1,1.05,2026-09-19,1301,A,78,6.1NRT,306.25,19.3,D
46.13458,29.98309,323.67,1.18,1.08,2026-09-19,1318,A,78,6.1NRT,299.36,19.27,D
-9.92214,38.01412,324.84,1.19,1.08,2026-09-19,1304,A,76,6.1NRT,298.15,19.27,D
62.27176,94.04632,317.89,1.03,1.02,2026-09-19,828,A,78,6.1NRT,286.37,19.26,D
-3.7682,105.504,318.98,1.26,1.11,2026-09-19,1353,T,98,6.1NRT,293.68,19.26,N
-17.53323,47.16858,320.15,1.65,1.26,2026-09-19,1301,A,69,6.1NRT,302.36,19.25,D
-17.484,36.78294,316.94,1.83,1.33,2026-09-19,1301,A,63,6.1NRT,299.9,19.25,D
-2.61557,112.65794,328.16,1.0,1.0,2026-09-19,811,A,82,6.1NRT,299.6,19.25,D
-5.38407,33.86502,319.18,2.0,1.38,2026-09-19,1306,A,63,6.1NRT,303.0,19.25,D
-2.95271,112.25273,326.84,1.01,1.01,2026-09-19,811,A,75,6.1NRT,298.59,19.23,D
-3.17963,114.90609,328.75,1.11,1.05,2026-09-19,809,A,81,6.1NRT,302.14,19.22,D
-14.20808,135.5806,319.27,1.57,1.23,2026-09-19,629,A,71,6.1NRT,300.13,19.21,D
-18.28412,44.58378,326.75,1.12,1.05,2026-09-19,1301,A,78,6.1NRT,301.28,19.19,D
-2.43942,110.45226,325.12,1.17,1.08,2026-09-19,811,A,78,6.1NRT,297.76,19.19,D
-7.908,37.98309,327.27,1.13,1.06,2026-09-19,1304,A,71,6.1NRT,301.96,19.19,D
-14.20621,135.59462,319.6,1.56,1.23,2026-09-19,629,A,72,6.1NRT,300.47,19.19,D
-2.82511,110.8448,324.72,1.13,1.06,2026-09-19,811,A,76,6.1NRT,297.76,19.18,D
-2.64066,112.22717,327.46,1.01,1.01,2026-09-19,811,A,81,6.1NRT,299.39,19.18,D
-10.28503,38.92424,328.33,1.08,1.04,2026-09-19,1304,A,81,6.1NRT,303.62,19.18,D
6.34554,34.53923,325.64,1.18,1.08,2026-09-19,1308,A,65,6.1NRT,301.78,19.18,D
-2.73723,110.87518,325.21,1.12,1.05,2026-09-19,811,A,78,6.1NRT,296.85,19.18,D
-7.53177,138.39078,327.67,1.0,1.0,2026-09-19,631,A,64,6.1NRT,283.79,19.17,D
-3.23627,112.57256,330.3,1.01,1.0,2026-09-19,811,A,47,6.1NRT,300.26,19.15,D
-13.32675,-51.77386,312.07,2.78,1.59,2026-09-19,1130,T,53,6.1NRT,298.21,19.13,D
6.26978,33.84397,326.7,1.3,1.13,2026-09-19,1308,A,59,6.1NRT,301.75,19.11,D
48.41342,19.09019,314.25,1.51,1.21,2026-09-19,1321,A,72,6.1NRT,295.18,19.11,D
66.30462,76.98905,308.13,1.48,1.2,2026-09-19,830,A,67,6.1NRT,284.22,19.1,D
-8.27242,123.51181,310.54,1.64,1.26,2026-09-19,1212,T,80,6.1NRT,291.0,19.1,N
-28.5232,152.19633,309.61,1.61,1.25,2026-09-19,1026,T,21,6.1NRT,288.69,19.09,N
-3.02814,115.04585,327.87,1.13,1.06,2026-09-19,811,A,80,6.1NRT,301.86,19.09,D
-3.4488,104.88251,320.1,1.17,1.08,2026-09-19,1353,T,100,6.1NRT,293.54,19.09,N
-2.6104,116.33071,322.12,1.36,1.15,2026-09-19,811,A,60,6.1NRT,299.34,19.09,D
-3.22609,111.83112,334.48,1.04,1.02,2026-09-19,811,A,69,6.1NRT,300.31,19.08,D
-17.37986,35.91626,316.98,2.13,1.42,2026-09-19,1301,A,37,6.1NRT,301.03,19.07,D
-19.36004,44.57135,325.98,1.09,1.04,2026-09-19,1301,A,76,6.1NRT,302.87,19.07,D
-2.90618,105.1531,319.66,1.23,1.1,2026-09-19,1353,T,99,6.1NRT,293.95,19.06,N
-17.1926,48.28966,312.42,2.03,1.39,2026-09-19,1301,A,48,6.1NRT,297.79,19.05,D
-2.80536,110.27753,323.85,1.21,1.09,2026-09-19,811,A,67,6.1NRT,298.93,19.05,D
-13.68722,38.23459,324.4,1.28,1.12,2026-09-19,1304,A,74,6.1NRT,302.02,19.04,D
-11.47959,35.89686,314.62,1.91,1.35,2026-09-19,631,T,55,6.1NRT,290.13,19.04,D
-3.25156,113.84716,329.94,1.02,1.01,2026-09-19,811,A,43,6.1NRT,303.38,19.03,D
-0.54341,112.0894,328.11,1.0,1.0,2026-09-19,811,A,83,6.1NRT,297.3,19.02,D
-13.69883,37.38992,309.79,2.71,1.58,2026-09-19,631,T,44,6.1NRT,294.26,19.02,D
-4.04026,30.22181,323.06,1.08,1.04,2026-09-19,629,T,79,6.1NRT,282.43,19.01,D
-17.4978,46.76617,321.93,1.55,1.23,2026-09-19,1301,A,72,6.1NRT,303.5,19.01,D
-14.79423,24.49034,314.71,1.73,1.29,2026-09-19,631,T,68,6.1NRT,296.39,19.0,D
47.09007,36.73309,310.54,2.7,1.57,2026-09-19,1318,A,42,6.1NRT,299.64,18.99,D
-3.10577,114.02955,329.16,1.03,1.02,2026-09-19,811,A,66,6.1NRT,304.59,18.97,D
-4.11331,144.76752,306.3,2.63,1.56,2026-09-19,1034,T,68,6.1NRT,290.34,18.97,N
-16.91686,135.95195,309.52,1.98,1.37,2026-09-19,1208,T,21,6.1NRT,292.4,18.96,N
-10.96807,-49.75294,315.5,2.14,1.42,2026-09-19,1128,T,43,6.1NRT,300.78,18.96,D
45.24831,20.79684,319.65,1.5,1.21,2026-09-19,1318,A,77,6.1NRT,300.39,18.94,D
-9.61896,28.87806,323.9,1.1,1.04,2026-09-19,631,T,78,6.1NRT,294.14,18.94,D
33.82138,-117.34038,319.71,1.01,1.0,2026-09-19,408,T,99,6.1NRT,290.01,18.94,N
-4.5017,-54.9734,310.62,1.78,1.31,2026-09-19,41,T,79,6.1NRT,289.44,18.94,N
-2.91736,105.14375,319.15,1.23,1.1,2026-09-19,1353,T,98,6.1NRT,293.94,18.93,N
-28.93732,151.80775,307.8,1.74,1.29,2026-09-19,1026,T,39,6.1NRT,289.02,18.93,N
-18.70539,44.62023,326.94,1.11,1.05,2026-09-19,1301,A,78,6.1NRT,302.79,18.91,D
57.56749,105.92059,309.21,1.42,1.18,2026-09-19,256,T,68,6.1NRT,280.64,18.91,D
67.80659,72.52402,316.44,1.04,1.02,2026-09-19,28,A,93,6.1NRT,276.32,18.91,N
-15.64886,144.81149,313.94,1.54,1.22,2026-09-19,629,A,59,6.1NRT,292.42,18.91,D
-18.38957,33.61376,311.55,3.34,1.72,2026-09-19,1301,A,30,6.1NRT,297.11,18.89,D
-2.22552,112.73566,327.07,1.0,1.0,2026-09-19,811,A,80,6.1NRT,296.67,18.89,D
-3.0985,113.32664,328.85,1.0,1.0,2026-09-19,811,A,59,6.1NRT,300.31,18.89,D
66.31262,76.98812,302.28,1.86,1.33,2026-09-19,1009,A,51,6.1NRT,282.03,18.89,D
-18.87386,-49.52103,303.53,2.54,1.53,2026-09-19,37,T,56,6.1NRT,291.31,18.88,N
-17.23554,37.57711,317.73,1.59,1.24,2026-09-19,1301,A,67,6.1NRT,299.52,18.88,D
-8.37912,114.05196,325.96,1.0,1.0,2026-09-19,809,A,71,6.1NRT,295.98,18.88,D
-13.59234,141.80753,325.26,1.1,1.05,2026-09-19,629,A,66,6.1NRT,297.09,18.87,D
-17.87,35.26373,314.53,2.12,1.41,2026-09-19,633,T,67,6.1NRT,295.44,18.86,D
-3.17844,111.9713,328.73,1.03,1.01,2026-09-19,811,A,75,6.1NRT,300.04,18.85,D
-18.57327,33.65379,313.68,1.64,1.26,2026-09-19,633,T,66,6.1NRT,292.34,18.85,D
-17.6883,36.50603,314.57,1.94,1.36,2026-09-19,1301,A,26,6.1NRT,296.89,18.83,D
-12.68196,40.29907,327.84,1.02,1.01,2026-09-19,1304,A,79,6.1NRT,302.21,18.82,D
-13.90386,136.77333,320.19,1.29,1.13,2026-09-19,629,A,69,6.1NRT,292.35,18.81,D
48.13445,35.85593,311.16,2.48,1.52,2026-09-19,1318,A,60,6.1NRT,297.6,18.8,D
27.03802,119.25697,309.45,2.07,1.4,2026-09-19,124,T,61,6.1NRT,291.35,18.8,D
-3.23992,111.86085,327.09,1.04,1.02,2026-09-19,811,A,78,6.1NRT,298.6,18.8,D
26.04889,-98.2262,309.18,2.18,1.43,2026-09-19,228,T,77,6.1NRT,291.71,18.78,N
-19.82969,44.93298,326.62,1.12,1.05,2026-09-19,1301,A,76,6.1NRT,303.83,18.77,D
-2.46949,112.81952,327.62,1.0,1.0,2026-09-19,811,A,81,6.1NRT,297.09,18.75,D
60.44594,97.14414,314.79,1.11,1.05,2026-09-19,828,A,75,6.1NRT,282.82,18.75,D
-25.40831,149.0872,312.75,2.0,1.38,2026-09-19,627,A,60,6.1NRT,300.07,18.75,D
-0.46533,111.42752,325.86,1.03,1.01,2026-09-19,811,A,80,6.1NRT,297.87,18.74,D
-2.83356,114.31075,326.15,1.06,1.03,2026-09-19,811,A,79,6.1NRT,299.88,18.74,D
48.20989,36.21437,310.46,2.6,1.55,2026-09-19,1318,A,58,6.1NRT,297.59,18.73,D
-2.62263,112.7923,327.03,1.0,1.0,2026-09-19,811,A,80,6.1NRT,297.67,18.71,D
-25.4999,149.15497,313.7,2.01,1.38,2026-09-19,627,A,58,6.1NRT,301.32,18.71,D
-18.54745,25.56138,320.58,1.27,1.12,2026-09-19,633,T,75,6.1NRT,298.71,18.7,D
-9.5226,28.23519,321.17,1.18,1.08,2026-09-19,631,T,76,6.1NRT,294.55,18.7,D
-14.79806,32.76747,321.53,1.28,1.12,2026-09-19,631,T,76,6.1NRT,296.78,18.69,D
-16.31059,36.25881,312.8,1.93,1.36,2026-09-19,1304,A,43,6.1NRT,298.08,18.69,D
-2.75769,110.30769,324.35,1.2,1.09,2026-09-19,811,A,77,6.1NRT,298.86,18.68,D
-2.91069,105.12093,319.85,1.22,1.1,2026-09-19,1353,T,99,6.1NRT,293.34,18.68,N
-6.7451,-59.4248,323.19,1.0,1.0,2026-09-19,41,T,100,6.1NRT,295.12,18.67,N
-1.64709,116.39447,319.14,1.42,1.18,2026-09-19,811,A,71,6.1NRT,297.33,18.67,D
-18.12641,35.77163,314.05,2.24,1.45,2026-09-19,1301,A,37,6.1NRT,299.38,18.66,D
-2.81338,111.73943,327.04,1.04,1.02,2026-09-19,811,A,0,6.1NRT,299.19,18.65,D
-2.468,112.89035,327.38,1.0,1.0,2026-09-19,811,A,80,6.1NRT,298.49,18.64,D
-18.9897,46.1062,323.27,1.32,1.14,2026-09-19,1301,A,75,6.1NRT,303.71,18.62,D
-3.23335,112.34799,327.56,1.01,1.01,2026-09-19,811,A,78,6.1NRT,297.95,18.62,D
-28.51116,152.21689,309.92,1.61,1.25,2026-09-19,1026,T,25,6.1NRT,288.2,18.62,N
-1.78707,115.86381,321.66,1.3,1.13,2026-09-19,811,A,74,6.1NRT,296.59,18.61,D
-20.13996,47.35096,315.96,1.52,1.22,2026-09-19,1301,A,64,6.1NRT,296.05,18.6,D
-13.42198,35.772,316.01,1.9,1.35,2026-09-19,1304,A,38,6.1NRT,297.74,18.59,D
-12.44653,24.53202,311.15,1.9,1.35,2026-09-19,631,T,66,6.1NRT,294.96,18.58,D
-11.15892,-42.79547,328.94,1.02,1.01,2026-09-19,1128,T,82,6.1NRT,303.73,18.57,D
-3.04757,113.97762,325.74,1.03,1.01,2026-09-19,811,A,78,6.1NRT,300.61,18.56,D
-21.48729,44.75705,331.3,1.06,1.03,2026-09-19,1301,A,44,6.1NRT,303.44,18.54,D
-3.15973,113.36017,328.4,1.0,1.0,2026-09-19,811,A,80,6.1NRT,300.46,18.53,D
41.48954,123.18807,313.02,1.71,1.28,2026-09-19,120,T,72,6.1NRT,293.91,18.53,D
25.55406,29.24537,326.92,1.27,1.12,2026-09-19,1314,A,73,6.1NRT,310.42,18.51,D
-3.23464,112.33919,326.44,1.01,1.01,2026-09-19,811,A,79,6.1NRT,298.38,18.51,D
4.97741,31.96518,317.42,1.88,1.34,2026-09-19,1308,A,64,6.1NRT,299.4,18.5,D
-12.78543,32.07762,326.74,1.12,1.05,2026-09-19,631,T,81,6.1NRT,300.66,18.5,D
-16.50159,36.2349,319.16,1.95,1.36,2026-09-19,1304,A,68,6.1NRT,300.82,18.49,D
-11.46527,-45.71239,324.19,1.12,1.05,2026-09-19,1128,T,76,6.1NRT,300.37,18.49,D
-14.12408,35.42568,314.93,2.08,1.4,2026-09-19,1304,A,61,6.1NRT,296.73,18.48,D
-2.0891,111.38889,325.83,1.05,1.03,2026-09-19,811,A,79,6.1NRT,296.73,18.47,D
48.72255,38.11445,306.58,3.34,1.72,2026-09-19,1318,A,38,6.1NRT,295.82,18.47,D
-4.1467,105.50491,317.4,1.24,1.11,2026-09-19,1353,T,95,6.1NRT,293.22,18.46,N
-14.72011,32.79598,320.46,1.28,1.12,2026-09-19,631,T,75,6.1NRT,297.03,18.46,D
-15.87429,39.36443,325.15,1.17,1.08,2026-09-19,1304,A,66,6.1NRT,299.11,18.46,D
-2.82856,-50.45537,307.77,1.94,1.36,2026-09-19,724,A,27,6.1NRT,292.6,18.46,N
56.86031,59.89845,315.52,1.0,1.0,2026-09-19,33,A,91,6.1NRT,276.64,18.46,N
-13.09166,141.81622,324.85,1.11,1.05,2026-09-19,629,A,56,6.1NRT,296.2,18.45,D
-3.43695,104.87969,328.6,1.03,1.02,2026-09-19,134,T,61,6.1NRT,296.82,18.45,D
-8.06941,29.75834,325.34,1.05,1.02,2026-09-19,629,T,80,6.1NRT,298.59,18.44,D
-16.42439,37.20612,318.66,1.65,1.26,2026-09-19,1304,A,66,6.1NRT,298.34,18.44,D
-11.42311,-51.46112,306.09,2.53,1.53,2026-09-19,39,T,31,6.1NRT,293.12,18.43,N
-16.98265,36.68256,315.16,1.83,1.33,2026-09-19,1301,A,37,6.1NRT,297.04,18.43,D
-14.20107,36.47954,317.31,1.73,1.29,2026-09-19,1304,A,64,6.1NRT,299.31,18.43,D
-2.99127,114.05187,327.31,1.04,1.02,2026-09-19,811,A,80,6.1NRT,299.14,18.42,D
-18.83219,35.86525,310.77,2.26,1.46,2026-09-19,1301,A,55,6.1NRT,297.78,18.41,D
-3.24498,114.70731,328.99,1.09,1.04,2026-09-19,809,A,81,6.1NRT,303.21,18.41,D
-16.5916,46.99409,323.19,1.67,1.27,2026-09-19,1301,A,72,6.1NRT,306.4,18.4,D
-3.19149,113.7657,332.66,1.02,1.01,2026-09-19,811,A,61,6.1NRT,302.83,18.39,D
-2.89578,112.43525,326.46,1.01,1.0,2026-09-19,811,A,80,6.1NRT,298.2,18.39,D
-16.42734,46.11077,323.96,1.46,1.19,2026-09-19,1301,A,74,6.1NRT,305.75,18.37,D
-2.57301,113.37254,328.03,1.01,1.0,2026-09-19,811,A,62,6.1NRT,298.97,18.35,D
-7.97963,113.56744,320.2,1.01,1.0,2026-09-19,809,A,75,6.1NRT,288.11,18.35,D
-2.76105,114.04565,328.2,1.04,1.02,2026-09-19,811,A,46,6.1NRT,299.02,18.34,D
-3.48512,-59.5911,322.69,1.01,1.01,2026-09-19,41,T,100,6.1NRT,295.37,18.34,N
-0.53982,112.05321,326.73,1.0,1.0,2026-09-19,811,A,82,6.1NRT,297.46,18.33,D
-12.78679,32.08762,326.73,1.12,1.05,2026-09-19,631,T,81,6.1NRT,300.79,18.32,D
-16.66829,36.22192,316.41,1.97,1.37,2026-09-19,1304,A,60,6.1NRT,298.54,18.32,D
8.98455,32.7345,321.01,1.4,1.17,2026-09-19,1310,A,73,6.1NRT,299.68,18.32,D
5.78385,34.62151,326.1,1.19,1.08,2026-09-19,1308,A,71,6.1NRT,297.21,18.31,D
-5.51861,33.56185,317.6,2.13,1.42,2026-09-19,1306,A,59,6.1NRT,301.99,18.31,D
-2.57768,115.93887,322.49,1.28,1.12,2026-09-19,811,A,75,6.1NRT,299.21,18.31,D
-3.23356,113.90813,328.51,1.02,1.01,2026-09-19,811,A,15,6.1NRT,297.44,18.31,D
65.47703,82.97045,316.71,1.15,1.07,2026-09-19,830,A,57,6.1NRT,286.95,18.3,D
-9.93672,-53.99459,310.83,1.71,1.28,2026-09-19,39,T,81,6.1NRT,294.62,18.3,N
-5.12932,36.03723,322.38,1.36,1.16,2026-09-19,1306,A,72,6.1NRT,302.25,18.27,D
-14.53132,132.27063,315.95,1.21,1.1,2026-09-19,1208,T,42,6.1NRT,289.07,18.26,N
65.79179,76.86543,305.45,1.56,1.23,2026-09-19,830,A,61,6.1NRT,282.39,18.24,D
-4.43257,36.40208,324.4,1.26,1.12,2026-09-19,1306,A,75,6.1NRT,297.54,18.23,D
60.44233,97.67987,300.13,1.7,1.28,2026-09-19,1229,T,18,6.1NRT,273.93,18.23,N
-0.57507,112.02033,325.75,1.0,1.0,2026-09-19,811,A,81,6.1NRT,296.05,18.21,D
-2.28252,115.45051,324.15,1.21,1.09,2026-09-19,811,A,77,6.1NRT,300.56,18.19,D
-27.99291,145.0316,326.66,1.06,1.03,2026-09-19,625,A,77,6.1NRT,307.95,18.18,D
-11.97888,-52.45459,305.1,1.9,1.35,2026-09-19,724,A,63,6.1NRT,291.99,18.17,N
-2.91765,105.11836,326.53,1.03,1.01,2026-09-19,134,T,68,6.1NRT,295.98,18.16,D
65.79462,76.86525,303.35,1.81,1.32,2026-09-19,1009,A,56,6.1NRT,282.49,18.13,D
-15.53887,39.3345,323.25,1.17,1.08,2026-09-19,1304,A,0,6.1NRT,294.46,18.13,D
-3.25281,111.83504,327.15,1.04,1.02,2026-09-19,811,A,62,6.1NRT,299.34,18.13,D
26.94455,49.6016,321.67,1.0,1.0,2026-09-19,41,A,100,6.1NRT,296.81,18.1,N
-3.11768,113.94887,329.16,1.03,1.01,2026-09-19,811,A,61,6.1NRT,302.59,18.1,D
-18.12029,23.24721,314.21,1.86,1.33,2026-09-19,633,T,66,6.1NRT,297.24,18.09,D
-16.34133,29.16958,326.96,1.0,1.0,2026-09-19,631,T,81,6.1NRT,298.79,18.08,D
-2.63682,110.54124,324.97,1.16,1.07,2026-09-19,811,A,70,6.1NRT,298.76,18.07,D
-2.75098,110.71666,324.47,1.14,1.06,2026-09-19,811,A,77,6.1NRT,298.13,18.07,D
63.3796,87.47984,316.84,1.06,1.03,2026-09-19,828,A,77,6.1NRT,286.59,18.05,D
-14.35995,36.84919,320.52,1.63,1.26,2026-09-19,1304,A,69,6.1NRT,301.93,18.05,D
-1.51138,110.12627,305.04,3.09,1.67,2026-09-19,1353,T,5,6.1NRT,290.37,18.05,N
0.38172,116.03181,319.48,1.44,1.19,2026-09-19,811,A,57,6.1NRT,296.58,18.04,D
57.67622,106.08237,306.6,1.42,1.18,2026-09-19,256,T,64,6.1NRT,279.73,18.03,D
-10.8963,31.93324,324.59,1.06,1.03,2026-09-19,631,T,78,6.1NRT,297.63,18.01,D
57.87625,105.89207,300.96,2.07,1.4,2026-09-19,826,A,43,6.1NRT,283.26,18.01,D
-16.84339,37.15193,318.47,1.68,1.28,2026-09-19,1301,A,44,6.1NRT,296.75,18.0,D
-17.3994,45.13685,322.88,1.22,1.1,2026-09-19,1301,A,57,6.1NRT,301.62,17.98,D
-2.77357,110.82063,323.51,1.13,1.06,2026-09-19,811,A,76,6.1NRT,297.72,17.97,D
-14.60124,39.24401,324.61,1.15,1.07,2026-09-19,1304,A,71,6.1NRT,300.95,17.97,D
-18.80552,45.33674,326.45,1.2,1.09,2026-09-19,1301,A,78,6.1NRT,306.39,17.96,D
-25.72976,152.5041,310.14,1.42,1.18,2026-09-19,1026,T,79,6.1NRT,290.04,17.95,N
-2.49476,110.44617,324.28,1.17,1.08,2026-09-19,811,A,74,6.1NRT,298.19,17.94,D
-5.71692,31.49379,323.42,1.0,1.0,2026-09-19,629,T,80,6.1NRT,288.17,17.94,D
48.38411,57.42669,315.74,1.02,1.01,2026-09-19,35,A,92,6.1NRT,283.85,17.93,N
-20.46319,-47.62221,321.66,1.1,1.05,2026-09-19,1130,T,78,6.1NRT,296.57,17.93,D
47.22768,35.18557,313.86,2.22,1.44,2026-09-19,1318,A,60,6.1NRT,300.54,17.92,D
-15.87576,39.35373,324.79,1.18,1.08,2026-09-19,1304,A,66,6.1NRT,298.33,17.92,D
-14.53563,40.1119,325.21,1.06,1.03,2026-09-19,1304,A,78,6.1NRT,298.92,17.92,D
-3.17453,111.99819,327.36,1.03,1.01,2026-09-19,811,A,69,6.1NRT,299.18,17.91,D
-15.22451,39.47339,323.49,1.14,1.06,2026-09-19,1304,A,72,6.1NRT,299.68,17.9,D
46.6834,35.53352,314.28,2.29,1.46,2026-09-19,1318,A,59,6.1NRT,302.09,17.89,D
-15.77128,-61.82852,312.92,1.48,1.2,2026-09-19,39,T,86,6.1NRT,293.19,17.88,N
-11.89484,37.41302,313.39,2.56,1.54,2026-09-19,631,T,53,6.1NRT,289.62,17.86,D
-18.40056,-49.19012,303.28,2.75,1.59,2026-09-19,37,T,54,6.1NRT,292.7,17.85,N
-5.50013,34.43391,316.03,1.81,1.32,2026-09-19,1306,A,43,6.1NRT,300.3,17.84,D
-8.43602,-47.74527,318.54,1.66,1.27,2026-09-19,1128,T,68,6.1NRT,303.19,17.82,D
-3.21137,113.81395,333.0,1.02,1.01,2026-09-19,811,A,82,6.1NRT,302.73,17.81,D
-16.47663,29.5352,324.55,1.0,1.0,2026-09-19,631,T,79,6.1NRT,296.95,17.81,D
-11.06121,-49.76158,315.5,2.13,1.42,2026-09-19,1128,T,51,6.1NRT,302.76,17.8,D
-15.86628,39.35235,323.99,1.18,1.08,2026-09-19,1304,A,77,6.1NRT,296.97,17.8,D
-21.65904,46.00925,325.24,1.19,1.09,2026-09-19,1301,A,77,6.1NRT,305.78,17.79,D
-29.8112,151.19055,301.66,1.96,1.37,2026-09-19,1026,T,36,6.1NRT,285.87,17.79,N
-12.96574,38.80035,324.0,1.17,1.08,2026-09-19,1304,A,74,6.1NRT,295.01,17.76,D
-15.70116,37.91289,320.63,1.43,1.18,2026-09-19,1304,A,49,6.1NRT,295.38,17.75,D
51.60585,52.93013,309.23,1.23,1.1,2026-09-19,35,A,77,6.1NRT,279.38,17.75,N
-2.23512,110.3895,324.77,1.17,1.08,2026-09-19,811,A,71,6.1NRT,296.88,17.75,D
-16.59108,35.74726,312.96,2.14,1.42,2026-09-19,1304,A,30,6.1NRT,297.31,17.74,D
-4.53882,121.79219,308.2,1.95,1.36,2026-09-19,1212,T,74,6.1NRT,289.03,17.74,N
-11.78037,133.23216,314.11,2.18,1.43,2026-09-19,629,A,60,6.1NRT,295.51,17.71,D
-17.47028,35.58942,316.01,2.27,1.46,2026-09-19,1301,A,50,6.1NRT,302.01,17.7,D
-12.39555,136.36139,322.65,1.31,1.13,2026-09-19,629,A,47,6.1NRT,299.3,17.7,D
-24.93847,-63.64988,308.45,2.51,1.52,2026-09-19,1308,T,65,6.1NRT,294.86,17.69,D
-6.81096,36.52613,317.39,1.33,1.14,2026-09-19,1304,A,59,6.1NRT,291.8,17.69,D
17.75345,-92.90111,301.35,2.76,1.59,2026-09-19,1034,A,40,6.1NRT,288.35,17.69,N
-18.34321,35.37305,310.95,2.43,1.5,2026-09-19,1301,A,24,6.1NRT,295.87,17.69,D
-15.86482,39.36307,323.75,1.17,1.08,2026-09-19,1304,A,76,6.1NRT,298.66,17.68,D
-3.13034,112.36305,326.58,1.01,1.01,2026-09-19,811,A,79,6.1NRT,298.68,17.68,D
-1.59627,-55.5588,309.29,1.79,1.31,2026-09-19,41,T,77,6.1NRT,288.43,17.68,N
65.33295,81.0013,312.25,1.28,1.12,2026-09-19,830,A,0,6.1NRT,285.69,17.67,D
-1.4891,111.13635,324.37,1.07,1.03,2026-09-19,811,A,78,6.1NRT,296.97,17.67,D
6.71002,33.56222,323.45,1.34,1.15,2026-09-19,1308,A,20,6.1NRT,297.49,17.66,D
-10.97107,-49.73396,315.44,2.13,1.42,2026-09-19,1128,T,42,6.1NRT,301.08,17.65,D
-2.67857,110.31739,322.88,1.2,1.09,2026-09-19,811,A,76,6.1NRT,298.52,17.64,D
-9.7483,-46.08503,323.34,1.22,1.1,2026-09-19,1128,T,75,6.1NRT,303.08,17.64,D
24.90747,53.73785,317.32,1.6,1.25,2026-09-19,41,A,93,6.1NRT,305.16,17.63,N
19.39556,-92.02391,305.64,2.97,1.64,2026-09-19,1034,A,35,6.1NRT,292.0,17.63,N
-3.20348,113.86724,331.5,1.02,1.01,2026-09-19,811,A,71,6.1NRT,304.11,17.62,D
-11.77942,133.22691,314.25,2.18,1.43,2026-09-19,629,A,55,6.1NRT,295.55,17.61,D
2.75139,114.0764,308.21,2.47,1.51,2026-09-19,132,T,59,6.1NRT,291.43,17.6,D
-10.27069,39.15488,325.36,1.06,1.03,2026-09-19,1304,A,77,6.1NRT,299.51,17.58,D
-17.77022,47.6003,317.72,1.76,1.3,2026-09-19,1301,A,41,6.1NRT,303.45,17.57,D
-3.83561,116.1531,318.17,1.27,1.12,2026-09-19,809,A,75,6.1NRT,288.32,17.57,D
-2.96064,113.31172,327.29,1.0,1.0,2026-09-19,811,A,44,6.1NRT,300.16,17.55,D
-16.58907,36.11296,316.6,2.0,1.38,2026-09-19,1304,A,34,6.1NRT,299.66,17.55,D
-33.26745,145.50739,324.12,1.01,1.0,2026-09-19,625,A,80,6.1NRT,301.58,17.54,D
-3.36283,-50.44167,307.3,1.98,1.37,2026-09-19,724,A,71,6.1NRT,293.64,17.54,N
-3.16014,111.83336,326.1,1.04,1.02,2026-09-19,811,A,78,6.1NRT,298.6,17.52,D
-15.68423,38.95316,323.32,1.23,1.1,2026-09-19,1304,A,47,6.1NRT,300.66,17.5,D
37.19279,35.85818,318.07,1.81,1.32,2026-09-19,1316,A,67,6.1NRT,300.98,17.47,D
-2.57406,110.4619,302.45,3.16,1.68,2026-09-19,1353,T,38,6.1NRT,290.66,17.45,N
-14.32742,36.65858,319.38,1.68,1.27,2026-09-19,1304,A,61,6.1NRT,301.66,17.45,D
-2.57435,115.94302,322.29,1.28,1.12,2026-09-19,811,A,74,6.1NRT,299.19,17.44,D
-4.65288,37.07458,322.28,1.16,1.07,2026-09-19,1306,A,72,6.1NRT,302.78,17.43,D
-17.2047,31.72184,319.99,1.19,1.08,2026-09-19,631,T,76,6.1NRT,297.65,17.42,D
65.41895,83.2325,313.77,1.14,1.06,2026-09-19,830,A,74,6.1NRT,286.64,17.41,D
-1.81072,113.34495,327.03,1.01,1.01,2026-09-19,811,A,80,6.1NRT,300.43,17.39,D
6.69375,33.5886,323.02,1.33,1.14,2026-09-19,1308,A,73,6.1NRT,299.59,17.39,D
-3.22456,112.34669,326.82,1.01,1.01,2026-09-19,811,A,78,6.1NRT,297.42,17.38,D
-2.94391,112.25143,325.29,1.01,1.01,2026-09-19,811,A,64,6.1NRT,298.96,17.38,D
-7.04359,-59.22348,310.39,3.13,1.68,2026-09-19,1304,T,28,6.1NRT,291.77,17.37,D
-8.91314,30.68606,324.67,1.0,1.0,2026-09-19,629,T,78,6.1NRT,296.97,17.37,D
-2.88519,110.99802,325.52,1.11,1.05,2026-09-19,811,A,58,6.1NRT,297.74,17.36,D
-18.90058,45.46727,324.76,1.22,1.1,2026-09-19,1301,A,76,6.1NRT,304.06,17.35,D
-22.45182,45.82482,308.57,2.16,1.43,2026-09-19,457,T,60,6.1NRT,293.53,17.34,D
-15.84905,37.22826,317.29,1.61,1.25,2026-09-19,1304,A,65,6.1NRT,297.45,17.34,D
-1.94582,110.41193,323.88,1.16,1.07,2026-09-19,811,A,77,6.1NRT,299.33,17.34,D
65.06067,72.12941,311.57,1.24,1.11,2026-09-19,432,T,71,6.1NRT,281.82,17.33,D
-15.60745,37.51575,315.97,1.52,1.22,2026-09-19,1304,A,46,6.1NRT,291.71,17.32,D
-17.50142,24.93789,318.5,1.44,1.19,2026-09-19,633,T,72,6.1NRT,297.95,17.32,D
-0.48433,111.5004,325.2,1.02,1.01,2026-09-19,811,A,80,6.1NRT,298.85,17.32,D
-19.45062,17.72736,308.7,1.33,1.14,2026-09-19,232,A,75,6.1NRT,280.0,17.32,N
9.69762,-70.35254,300.84,2.78,1.59,2026-09-19,858,A,28,6.1NRT,281.98,17.32,N
57.53729,105.86765,306.09,1.41,1.18,2026-09-19,256,T,63,6.1NRT,279.68,17.31,D
-2.31363,113.31612,324.57,1.01,1.0,2026-09-19,811,A,0,6.1NRT,298.07,17.29,D
-16.22578,35.85081,316.27,2.07,1.4,2026-09-19,1304,A,60,6.1NRT,297.57,17.29,D
-13.60179,38.54753,323.54,1.22,1.1,2026-09-19,1304,A,56,6.1NRT,303.53,17.28,D
-6.40497,33.96864,315.93,2.04,1.39,2026-09-19,1306,A,45,6.1NRT,300.69,17.28,D
6.01984,-58.24902,312.98,1.47,1.2,2026-09-19,43,T,86,6.1NRT,293.34,17.28,N
-2.02141,112.54533,327.1,1.0,1.0,2026-09-19,811,A,79,6.1NRT,296.7,17.28,D
-1.31619,103.79498,318.57,1.09,1.04,2026-09-19,1353,T,97,6.1NRT,290.4,17.27,N
-29.82295,152.52145,307.98,1.6,1.24,2026-09-19,1026,T,60,6.1NRT,289.7,17.27,N
-4.54282,121.80355,307.15,1.95,1.36,2026-09-19,1212,T,70,6.1NRT,288.67,17.26,N
-3.15671,111.97992,325.12,1.03,1.01,2026-09-19,811,A,77,6.1NRT,299.93,17.24,D
-0.8675,111.65408,325.51,1.02,1.01,2026-09-19,811,A,80,6.1NRT,297.78,17.23,D
-17.76576,-61.94197,310.07,1.6,1.25,2026-09-19,39,T,79,6.1NRT,291.87,17.23,N
-17.20838,37.4392,317.8,1.62,1.25,2026-09-19,1301,A,67,6.1NRT,298.47,17.23,D
-15.80028,37.44075,316.96,1.55,1.23,2026-09-19,1304,A,65,6.1NRT,296.82,17.22,D
36.78597,34.9528,320.32,1.57,1.23,2026-09-19,1316,A,73,6.1NRT,301.93,17.21,D
24.60162,111.65712,323.14,1.0,1.0,2026-09-19,124,T,79,6.1NRT,294.98,17.21,D
-3.76036,105.55923,316.87,1.27,1.12,2026-09-19,1353,T,94,6.1NRT,293.27,17.19,N
60.84139,97.34279,313.09,1.14,1.06,2026-09-19,828,A,73,6.1NRT,286.02,17.19,D
-2.81935,-50.46587,306.67,1.93,1.36,2026-09-19,724,A,21,6.1NRT,292.66,17.19,N
-19.71196,46.40342,322.75,1.34,1.15,2026-09-19,1301,A,58,6.1NRT,305.34,17.18,D
47.80709,36.188,309.37,2.56,1.54,2026-09-19,1318,A,46,6.1NRT,296.87,17.18,D
57.56589,105.9136,301.92,2.06,1.4,2026-09-19,826,A,50,6.1NRT,284.01,17.16,D
-2.71556,112.34264,329.83,1.01,1.0,2026-09-19,811,A,49,6.1NRT,301.94,17.16,D
47.22715,35.18097,313.53,2.22,1.44,2026-09-19,1318,A,59,6.1NRT,300.43,17.16,D
-1.59459,-54.45566,308.59,2.19,1.44,2026-09-19,41,T,55,6.1NRT,295.85,17.15,N
-19.40595,137.09009,324.22,1.46,1.19,2026-09-19,629,A,61,6.1NRT,309.18,17.15,D
23.62485,116.38545,318.39,1.53,1.22,2026-09-19,124,T,45,6.1NRT,297.64,17.15,D
44.29973,124.78891,310.03,1.79,1.31,2026-09-19,120,T,69,6.1NRT,294.96,17.15,D
-3.03607,113.99424,326.06,1.03,1.01,2026-09-19,811,A,78,6.1NRT,300.22,17.14,D
35.85129,43.5534,325.92,1.13,1.06,2026-09-19,618,T,73,6.1NRT,305.56,17.14,D
-2.67903,114.90876,323.73,1.12,1.06,2026-09-19,811,A,73,6.1NRT,300.4,17.12,D
-5.22846,35.40023,320.34,1.51,1.21,2026-09-19,1306,A,65,6.1NRT,303.47,17.12,D
-2.81736,113.02892,325.92,1.0,1.0,2026-09-19,811,A,80,6.1NRT,300.11,17.12,D
-3.16107,111.88882,325.92,1.04,1.02,2026-09-19,811,A,73,6.1NRT,298.21,17.11,D
-12.93241,143.46133,315.07,1.39,1.17,2026-09-19,629,A,69,6.1NRT,289.82,17.11,D
-6.63208,35.13235,320.92,1.67,1.27,2026-09-19,1304,A,67,6.1NRT,305.57,17.1,D
-15.84938,30.45124,324.55,1.03,1.01,2026-09-19,631,T,74,6.1NRT,291.1,17.1,D
-16.81742,136.68747,322.99,1.43,1.18,2026-09-19,629,A,56,6.1NRT,307.04,17.1,D
-19.40939,137.063,324.34,1.46,1.2,2026-09-19,629,A,44,6.1NRT,309.62,17.08,D
-5.01025,34.318,320.84,1.82,1.32,2026-09-19,1306,A,65,6.1NRT,304.49,17.07,D
-2.40043,112.92476,325.97,1.0,1.0,2026-09-19,811,A,75,6.1NRT,297.36,17.07,D
-1.94219,112.6338,326.78,1.0,1.0,2026-09-19,811,A,80,6.1NRT,296.91,17.07,D
18.42257,-93.18701,316.14,1.35,1.15,2026-09-19,226,T,92,6.1NRT,294.18,17.05,N
6.72422,35.33507,323.83,1.08,1.04,2026-09-19,1308,A,58,6.1NRT,292.87,17.05,D
-16.13055,28.35188,323.76,1.02,1.01,2026-09-19,631,T,78,6.1NRT,299.42,17.05,D
-3.12986,122.0668,308.11,1.76,1.3,2026-09-19,1212,T,74,6.1NRT,288.34,17.04,N
-1.59177,-54.43652,308.37,2.2,1.44,2026-09-19,41,T,48,6.1NRT,295.97,17.01,N
37.34594,35.92426,318.34,1.83,1.33,2026-09-19,1316,A,70,6.1NRT,300.79,17.01,D
-11.27097,40.28851,325.73,1.01,1.0,2026-09-19,1304,A,80,6.1NRT,300.8,17.01,D
-13.998,36.36087,316.26,1.75,1.3,2026-09-19,1304,A,53,6.1NRT,298.37,17.01,D
-15.65129,38.28973,321.24,1.35,1.15,2026-09-19,1304,A,73,6.1NRT,300.68,17.0,D
-13.48382,35.82127,313.57,1.89,1.34,2026-09-19,1304,A,57,6.1NRT,296.39,16.99,D
-14.10679,39.42246,323.44,1.12,1.05,2026-09-19,1304,A,74,6.1NRT,293.68,16.98,D
-2.86672,112.90068,328.16,1.0,1.0,2026-09-19,811,A,82,6.1NRT,301.74,16.98,D
-11.49617,37.5694,321.27,1.32,1.14,2026-09-19,1304,A,37,6.1NRT,292.99,16.97,D
-4.38285,-55.26578,309.99,1.7,1.28,2026-09-19,41,T,79,6.1NRT,292.21,16.96,N
-13.11361,38.22521,323.46,1.26,1.12,2026-09-19,1304,A,69,6.1NRT,302.39,16.96,D
9.38312,-64.55045,320.38,1.07,1.03,2026-09-19,48,T,100,6.1NRT,293.5,16.96,N
45.3609,1.1163,312.51,1.6,1.25,2026-09-19,932,T,72,6.1NRT,293.98,16.95,D
-2.75381,110.36565,324.47,1.19,1.09,2026-09-19,811,A,62,6.1NRT,298.91,16.95,D
-1.92195,113.59946,325.57,1.02,1.01,2026-09-19,811,A,79,6.1NRT,300.17,16.94,D
43.26982,0.07386,312.72,1.58,1.24,2026-09-19,934,T,63,6.1NRT,292.58,16.94,D
42.71395,24.16478,312.88,1.53,1.22,2026-09-19,754,T,69,6.1NRT,293.92,16.94,D
-0.55719,112.1423,326.64,1.0,1.0,2026-09-19,811,A,53,6.1NRT,296.48,16.93,D
-17.15739,37.02158,317.89,1.74,1.29,2026-09-19,1301,A,66,6.1NRT,300.12,16.93,D
-1.16981,112.73669,323.42,1.0,1.0,2026-09-19,811,A,79,6.1NRT,290.15,16.92,D
43.1498,0.77707,309.69,1.74,1.29,2026-09-19,934,T,68,6.1NRT,292.84,16.91,D
-8.176,37.79792,325.21,1.16,1.07,2026-09-19,1304,A,43,6.1NRT,299.07,16.91,D
-17.48051,36.71377,315.97,1.86,1.33,2026-09-19,1301,A,60,6.1NRT,299.45,16.9,D
-16.37623,29.35084,323.41,1.0,1.0,2026-09-19,631,T,78,6.1NRT,296.97,16.9,D
37.62807,-119.60228,314.38,1.01,1.0,2026-09-19,412,T,89,6.1NRT,277.02,16.9,N
-0.86301,117.17097,316.12,1.67,1.27,2026-09-19,811,A,66,6.1NRT,296.85,16.88,D
-14.11891,35.43893,314.61,2.07,1.4,2026-09-19,1304,A,51,6.1NRT,297.39,16.86,D
-2.90454,112.43655,325.18,1.01,1.0,2026-09-19,811,A,79,6.1NRT,299.14,16.85,D
28.81938,120.22368,310.59,2.21,1.44,2026-09-19,124,T,41,6.1NRT,292.89,16.85,D
-19.40424,137.10358,323.91,1.46,1.19,2026-09-19,629,A,65,6.1NRT,308.24,16.85,D
-14.60605,40.00506,324.95,1.07,1.03,2026-09-19,1304,A,77,6.1NRT,299.91,16.84,D
-7.49582,35.55016,320.9,1.6,1.25,2026-09-19,1304,A,66,6.1NRT,304.23,16.83,D
-10.25132,29.03206,321.65,1.07,1.03,2026-09-19,631,T,76,6.1NRT,295.61,16.81,D
-12.22814,40.36613,326.45,1.01,1.01,2026-09-19,1304,A,77,6.1NRT,300.56,16.8,D
50.91406,60.28939,302.84,3.11,1.67,2026-09-19,1004,A,42,6.1NRT,291.37,16.8,D
-11.98241,-52.44551,306.59,2.07,1.4,2026-09-19,39,T,29,6.1NRT,293.84,16.8,N
-19.76834,34.5835,310.7,2.93,1.63,2026-09-19,1301,A,47,6.1NRT,298.64,16.79,D
-2.74644,110.87653,322.66,1.12,1.05,2026-09-19,811,A,75,6.1NRT,297.15,16.79,D
6.62896,33.18158,319.84,1.42,1.18,2026-09-19,1308,A,41,6.1NRT,292.89,16.79,D
-3.2507,114.05424,324.44,1.03,1.02,2026-09-19,811,A,75,6.1NRT,299.29,16.78,D
-1.49811,111.13766,323.65,1.07,1.03,2026-09-19,811,A,78,6.1NRT,297.11,16.77,D
-3.17204,114.76797,325.17,1.09,1.04,2026-09-19,811,A,77,6.1NRT,301.03,16.76,D
-17.76301,47.24435,318.2,1.65,1.26,2026-09-19,1301,A,68,6.1NRT,302.13,16.76,D
23.47138,116.32747,317.34,1.53,1.22,2026-09-19,126,T,53,6.1NRT,297.69,16.76,D
-6.10669,105.41904,324.0,1.0,1.0,2026-09-19,134,T,73,6.1NRT,299.45,16.75,D
-2.76787,111.67722,325.08,1.04,1.02,2026-09-19,811,A,78,6.1NRT,299.19,16.75,D
68.52621,79.95428,305.26,1.31,1.14,2026-09-19,28,A,64,6.1NRT,271.32,16.75,D
-5.88213,-53.5438,307.34,2.19,1.43,2026-09-19,41,T,68,6.1NRT,293.68,16.72,N
-3.00163,112.66837,326.18,1.0,1.0,2026-09-19,811,A,78,6.1NRT,300.83,16.72,D
-1.94359,113.0136,326.46,1.0,1.0,2026-09-19,811,A,79,6.1NRT,298.97,16.7,D
-6.19339,34.48139,317.14,1.85,1.33,2026-09-19,1306,A,54,6.1NRT,301.67,16.7,D
-17.56039,37.12885,308.83,2.93,1.63,2026-09-19,631,T,27,6.1NRT,292.75,16.67,D
27.17011,120.36391,309.34,2.47,1.51,2026-09-19,124,T,27,6.1NRT,292.88,16.67,D
-17.37048,47.96047,314.58,1.9,1.35,2026-09-19,1301,A,55,6.1NRT,298.37,16.67,D
-16.55403,36.41291,317.59,1.9,1.35,2026-09-19,1304,A,22,6.1NRT,299.65,16.66,D
-19.56991,30.3434,320.8,1.08,1.04,2026-09-19,633,T,77,6.1NRT,297.92,16.66,D
-8.12038,112.92017,320.72,1.04,1.02,2026-09-19,809,A,68,6.1NRT,298.28,16.66,D
28.59015,17.34334,300.81,2.49,1.52,2026-09-19,219,A,34,6.1NRT,290.63,16.65,N
-2.87519,110.3689,323.1,1.19,1.09,2026-09-19,811,A,76,6.1NRT,298.37,16.65,D
-2.90873,105.11961,324.17,1.03,1.01,2026-09-19,134,T,78,6.1NRT,295.55,16.65,D
-1.89646,115.95953,320.83,1.31,1.14,2026-09-19,811,A,73,6.1NRT,297.4,16.64,D
-16.21161,36.79973,315.33,1.75,1.3,2026-09-19,1304,A,58,6.1NRT,295.63,16.64,D
-2.57172,113.3813,326.2,1.01,1.0,2026-09-19,811,A,59,6.1NRT,297.6,16.61,D
-6.37765,-58.31433,320.8,1.05,1.02,2026-09-19,41,T,100,6.1NRT,295.73,16.61,N
-3.5004,34.67423,320.62,1.61,1.25,2026-09-19,1306,A,67,6.1NRT,301.6,16.6,D
55.40442,-2.51843,316.3,1.02,1.01,2026-09-19,930,T,77,6.1NRT,285.84,16.59,D
3.34545,33.46872,318.22,1.54,1.22,2026-09-19,1308,A,42,6.1NRT,299.66,16.59,D
-23.93392,46.07349,322.65,1.12,1.06,2026-09-19,1259,A,73,6.1NRT,302.65,16.59,D
-16.75443,37.22744,316.37,1.66,1.27,2026-09-19,1304,A,34,6.1NRT,296.4,16.59,D
-3.2763,112.30028,324.96,1.01,1.01,2026-09-19,811,A,78,6.1NRT,297.97,16.59,D
6.43623,36.7388,323.18,1.0,1.0,2026-09-19,1308,A,75,6.1NRT,298.24,16.57,D
-15.3578,39.24203,323.54,1.18,1.08,2026-09-19,1304,A,76,6.1NRT,302.09,16.57,D
-14.60267,39.23362,324.03,1.16,1.07,2026-09-19,1304,A,57,6.1NRT,300.15,16.56,D
-2.39915,112.93345,325.73,1.0,1.0,2026-09-19,811,A,55,6.1NRT,296.77,16.56,D
-3.93853,138.75835,318.47,1.03,1.01,2026-09-19,631,A,79,6.1NRT,283.5,16.56,D
-6.57809,-51.0942,305.04,1.99,1.38,2026-09-19,724,A,63,6.1NRT,292.68,16.56,N
-13.77868,25.20014,315.13,1.6,1.25,2026-09-19,631,T,69,6.1NRT,296.9,16.56,D
-2.29897,110.22745,318.25,1.48,1.2,2026-09-19,132,T,56,6.1NRT,295.3,16.55,D
-1.16923,104.25634,318.53,1.15,1.07,2026-09-19,1353,T,97,6.1NRT,292.03,16.55,N
-17.67807,30.69866,321.77,1.08,1.04,2026-09-19,633,T,77,6.1NRT,296.44,16.55,D
-10.93222,-47.85445,317.48,1.54,1.22,2026-09-19,1128,T,66,6.1NRT,300.96,16.54,D
-7.78024,30.24284,325.23,1.02,1.01,2026-09-19,629,T,82,6.1NRT,297.64,16.54,D
-1.68441,112.44449,326.35,1.0,1.0,2026-09-19,811,A,80,6.1NRT,298.56,16.54,D
-3.57888,114.64203,326.65,1.07,1.03,2026-09-19,809,A,80,6.1NRT,302.22,16.53,D
-3.06918,113.70802,326.03,1.02,1.01,2026-09-19,811,A,49,6.1NRT,299.34,16.52,D
-7.56903,-57.67143,319.18,1.09,1.04,2026-09-19,41,T,98,6.1NRT,295.73,16.51,N
6.53904,36.89248,324.89,1.0,1.0,2026-09-19,1308,A,77,6.1NRT,301.07,16.51,D
-14.53557,132.26648,316.23,1.21,1.09,2026-09-19,1208,T,93,6.1NRT,286.95,16.51,N
-10.93144,29.39271,323.1,1.03,1.01,2026-09-19,631,T,78,6.1NRT,297.44,16.51,D
58.47691,107.02708,304.42,1.46,1.19,2026-09-19,253,T,59,6.1NRT,280.47,16.5,D
-17.93638,46.85055,320.95,1.54,1.22,2026-09-19,1301,A,72,6.1NRT,304.39,16.49,D
6.71521,35.33641,325.38,1.08,1.04,2026-09-19,1308,A,31,6.1NRT,295.03,16.49,D
-13.01438,-46.93347,321.52,1.24,1.11,2026-09-19,1128,T,73,6.1NRT,301.04,16.48,D
-13.19191,35.94942,312.34,1.83,1.32,2026-09-19,1304,A,49,6.1NRT,295.3,16.47,D
-5.29972,34.80338,318.39,1.68,1.28,2026-09-19,1306,A,60,6.1NRT,302.84,16.47,D
-19.3961,45.11377,325.5,1.15,1.07,2026-09-19,1301,A,76,6.1NRT,303.8,16.46,D
-8.51465,31.31445,322.6,1.0,1.0,2026-09-19,629,T,75,6.1NRT,295.84,16.45,D
-12.7775,32.08889,324.75,1.12,1.05,2026-09-19,631,T,79,6.1NRT,300.33,16.44,D
62.94389,88.10007,315.0,1.05,1.02,2026-09-19,828,A,75,6.1NRT,287.64,16.44,D
-10.0838,31.52022,323.66,1.02,1.01,2026-09-19,631,T,78,6.1NRT,297.33,16.43,D
42.46575,23.7627,315.26,1.47,1.2,2026-09-19,754,T,69,6.1NRT,292.87,16.43,D
63.18637,88.09035,317.61,1.04,1.02,2026-09-19,828,A,56,6.1NRT,287.87,16.43,D
-2.66555,110.60701,322.97,1.15,1.07,2026-09-19,811,A,70,6.1NRT,298.83,16.43,D
46.63161,34.32106,315.77,1.95,1.36,2026-09-19,1318,A,63,6.1NRT,302.32,16.42,D
27.92085,118.52056,313.85,1.76,1.3,2026-09-19,124,T,63,6.1NRT,294.32,16.41,D
45.81912,1.18965,309.38,1.57,1.24,2026-09-19,932,T,68,6.1NRT,289.91,16.41,D
-5.17659,35.71309,321.37,1.43,1.18,2026-09-19,1306,A,69,6.1NRT,302.49,16.41,D
35.48433,44.15589,301.86,2.16,1.43,2026-09-19,39,A,45,6.1NRT,290.05,16.39,N
26.30754,31.94545,326.21,1.01,1.0,2026-09-19,1314,A,66,6.1NRT,303.48,16.38,D
-2.82187,-50.44903,306.42,1.94,1.36,2026-09-19,724,A,25,6.1NRT,292.63,16.37,N
-0.36832,111.46195,325.6,1.02,1.01,2026-09-19,811,A,81,6.1NRT,296.83,16.37,D
-3.13224,113.34057,326.68,1.0,1.0,2026-09-19,811,A,63,6.1NRT,299.55,16.36,D
-2.72593,112.96526,326.5,1.0,1.0,2026-09-19,811,A,53,6.1NRT,301.59,16.35,D
-3.12357,112.0207,326.8,1.03,1.01,2026-09-19,811,A,44,6.1NRT,298.13,16.35,D
48.72313,38.15016,306.27,3.35,1.73,2026-09-19,1318,A,23,6.1NRT,294.75,16.34,D
28.4717,119.48431,311.76,2.0,1.38,2026-09-19,124,T,43,6.1NRT,293.24,16.33,D
-15.83575,27.85736,321.84,1.06,1.03,2026-09-19,631,T,76,6.1NRT,298.13,16.33,D
-18.42094,45.99939,320.7,1.33,1.14,2026-09-19,1301,A,50,6.1NRT,300.67,16.32,D
-14.49679,48.49566,310.99,2.4,1.49,2026-09-19,1304,A,43,6.1NRT,298.14,16.32,D
-2.93478,110.91618,323.37,1.12,1.05,2026-09-19,811,A,63,6.1NRT,298.0,16.31,D
-6.43199,35.16536,320.66,1.65,1.26,2026-09-19,1304,A,66,6.1NRT,305.04,16.3,D
-10.24497,29.49022,323.06,1.03,1.02,2026-09-19,631,T,77,6.1NRT,297.77,16.3,D
-13.59641,39.6383,325.87,1.08,1.04,2026-09-19,1304,A,76,6.1NRT,298.59,16.29,D
-6.88583,111.61922,323.52,1.14,1.06,2026-09-19,809,A,75,6.1NRT,297.73,16.29,D
-14.80593,39.49174,322.98,1.13,1.06,2026-09-19,1304,A,70,6.1NRT,298.75,16.29,D
-2.5669,112.21873,325.66,1.01,1.01,2026-09-19,811,A,79,6.1NRT,298.01,16.29,D
-16.23866,36.85836,314.2,1.74,1.29,2026-09-19,1304,A,53,6.1NRT,297.04,16.29,D
-3.08075,112.5796,325.28,1.0,1.0,2026-09-19,811,A,73,6.1NRT,297.93,16.28,D
-17.79464,36.68669,313.89,1.89,1.34,2026-09-19,1301,A,48,6.1NRT,298.34,16.28,D
-17.43654,37.07557,315.59,1.74,1.29,2026-09-19,1301,A,59,6.1NRT,300.05,16.27,D
-9.34784,-48.17924,316.0,1.73,1.29,2026-09-19,1128,T,63,6.1NRT,301.6,16.26,D
6.1004,36.35021,326.25,1.02,1.01,2026-09-19,1308,A,79,6.1NRT,301.05,16.25,D
-17.93398,46.86446,320.49,1.54,1.22,2026-09-19,1301,A,71,6.1NRT,303.87,16.24,D
60.91618,112.10465,309.0,1.12,1.06,2026-09-19,1229,T,76,6.1NRT,272.15,16.24,N
-11.03893,39.26437,326.97,1.07,1.03,2026-09-19,1304,A,77,6.1NRT,302.41,16.23,D
62.82694,88.20562,315.24,1.05,1.02,2026-09-19,828,A,76,6.1NRT,287.04,16.23,D
0.84315,38.39694,331.05,1.0,1.0,2026-09-19,1306,A,76,6.1NRT,309.66,16.22,D
-17.2963,37.56245,316.31,1.6,1.24,2026-09-19,1301,A,55,6.1NRT,298.47,16.22,D
-2.96401,106.86005,324.27,1.02,1.01,2026-09-19,134,T,78,6.1NRT,297.28,16.22,D
-9.39875,30.5888,323.6,1.0,1.0,2026-09-19,631,T,78,6.1NRT,297.81,16.19,D
-2.22311,115.90622,321.43,1.29,1.13,2026-09-19,811,A,73,6.1NRT,297.62,16.16,D
-18.44457,46.90339,318.79,1.52,1.22,2026-09-19,1301,A,69,6.1NRT,302.86,16.14,D
4.90184,-61.69012,318.37,1.3,1.13,2026-09-19,1301,T,73,6.1NRT,299.16,16.13,D
-0.57635,112.01163,323.72,1.01,1.0,2026-09-19,811,A,79,6.1NRT,295.39,16.13,D
-3.24142,113.85473,328.12,1.02,1.01,2026-09-19,811,A,46,6.1NRT,301.89,16.12,D
-2.21101,116.46656,319.65,1.41,1.17,2026-09-19,811,A,63,6.1NRT,297.24,16.12,D
-2.66633,106.20277,312.63,1.45,1.19,2026-09-19,1353,T,83,6.1NRT,292.97,16.11,N
-3.18115,114.76934,325.56,1.09,1.04,2026-09-19,811,A,76,6.1NRT,303.04,16.1,D
2.24985,113.90797,309.3,2.44,1.51,2026-09-19,132,T,41,6.1NRT,289.87,16.07,D
-17.81437,48.33823,312.21,1.99,1.38,2026-09-19,1301,A,53,6.1NRT,297.66,16.05,D
-3.2001,111.94698,325.8,1.03,1.02,2026-09-19,811,A,78,6.1NRT,300.04,16.05,D
-11.55596,39.26577,322.35,1.08,1.04,2026-09-19,1304,A,74,6.1NRT,299.05,16.05,D
48.35773,17.61684,314.86,1.79,1.31,2026-09-19,1321,A,44,6.1NRT,297.92,16.04,D
-16.63135,38.29091,317.95,1.39,1.17,2026-09-19,1304,A,59,6.1NRT,296.34,16.04,D
48.16497,36.39261,307.64,2.65,1.56,2026-09-19,1318,A,42,6.1NRT,295.51,16.03,D
-15.0285,-48.55893,318.58,1.47,1.2,2026-09-19,1130,T,66,6.1NRT,302.05,16.02,D
37.60044,-119.58991,314.58,1.01,1.0,2026-09-19,412,T,82,6.1NRT,281.55,16.01,N
-0.56242,111.33866,322.71,1.03,1.02,2026-09-19,811,A,77,6.1NRT,296.17,16.0,D
-5.48408,34.78959,317.56,1.7,1.28,2026-09-19,1306,A,58,6.1NRT,302.18,15.99,D
-3.07927,112.65076,326.41,1.0,1.0,2026-09-19,811,A,55,6.1NRT,298.4,15.98,D
-10.58861,-44.7753,325.03,1.05,1.02,2026-09-19,1128,T,78,6.1NRT,304.42,15.98,D
58.44664,107.60392,311.02,1.02,1.01,2026-09-19,1229,T,81,6.1NRT,275.18,15.97,N
34.64175,-87.08934,308.29,1.86,1.33,2026-09-19,232,T,73,6.1NRT,294.56,15.97,N
-3.03873,110.95358,323.75,1.12,1.05,2026-09-19,811,A,72,6.1NRT,298.29,15.96,D
-2.13067,112.93796,324.76,1.0,1.0,2026-09-19,811,A,78,6.1NRT,296.71,15.96,D
-10.51128,40.37023,326.36,1.0,1.0,2026-09-19,1304,A,75,6.1NRT,302.29,15.96,D
-1.16853,112.74538,322.35,1.0,1.0,2026-09-19,811,A,78,6.1NRT,289.88,15.95,D
-1.72175,113.02195,325.66,1.0,1.0,2026-09-19,811,A,79,6.1NRT,299.02,15.95,D
-2.73467,112.96655,325.73,1.0,1.0,2026-09-19,811,A,62,6.1NRT,302.9,15.95,D
-1.77938,110.72358,323.97,1.11,1.05,2026-09-19,811,A,72,6.1NRT,297.19,15.94,D
-2.23426,112.73695,324.04,1.0,1.0,2026-09-19,811,A,77,6.1NRT,297.0,15.94,D
-2.53089,110.46187,323.21,1.17,1.08,2026-09-19,811,A,68,6.1NRT,298.34,15.94,D
-17.22069,25.48396,318.68,1.34,1.15,2026-09-19,633,T,72,6.1NRT,298.45,15.94,D
-3.45334,114.67397,325.91,1.08,1.04,2026-09-19,809,A,79,6.1NRT,302.38,15.94,D
-1.74282,110.16592,322.38,1.19,1.08,2026-09-19,811,A,71,6.1NRT,295.85,15.93,D
-5.73065,35.07637,321.0,1.63,1.26,2026-09-19,1306,A,67,6.1NRT,304.0,15.93,D
-16.17187,36.74578,313.66,1.77,1.3,2026-09-19,1304,A,52,6.1NRT,296.44,15.93,D
-14.22955,30.52983,325.11,1.02,1.01,2026-09-19,631,T,79,6.1NRT,300.23,15.92,D
-4.3807,-55.25061,309.32,1.7,1.28,2026-09-19,41,T,77,6.1NRT,291.46,15.92,N
-16.70146,36.35207,312.93,1.93,1.36,2026-09-19,1304,A,36,6.1NRT,296.65,15.92,D
-3.65677,104.67126,317.08,1.13,1.06,2026-09-19,1353,T,94,6.1NRT,288.77,15.91,N
-2.10127,110.30572,322.39,1.18,1.08,2026-09-19,811,A,74,6.1NRT,296.31,15.91,D
-11.79138,29.21288,322.55,1.03,1.01,2026-09-19,631,T,78,6.1NRT,297.12,15.91,D
-15.43274,39.68834,322.25,1.12,1.06,2026-09-19,1304,A,75,6.1NRT,297.95,15.91,D
-13.9715,36.12381,315.35,1.82,1.32,2026-09-19,1304,A,62,6.1NRT,298.56,15.9,D
66.30875,77.01379,301.47,1.36,1.16,2026-09-19,28,A,41,6.1NRT,271.54,15.89,N
-15.15653,36.01582,312.74,2.22,1.44,2026-09-19,631,T,60,6.1NRT,295.37,15.88,D
-11.04626,39.59935,324.51,1.04,1.02,2026-09-19,1304,A,64,6.1NRT,296.58,15.88,D
-14.66597,-46.65315,324.94,1.15,1.07,2026-09-19,1130,T,78,6.1NRT,301.99,15.87,D
0.49413,111.6037,323.92,1.01,1.0,2026-09-19,811,A,78,6.1NRT,297.1,15.87,D
-15.98575,36.5777,315.7,1.81,1.32,2026-09-19,1304,A,44,6.1NRT,297.22,15.87,D
-14.6772,36.79047,318.95,1.66,1.27,2026-09-19,1304,A,67,6.1NRT,301.59,15.87,D
-7.50917,29.96873,318.87,1.04,1.02,2026-09-19,629,T,77,6.1NRT,289.29,15.86,D
-15.92881,38.04208,318.98,1.41,1.18,2026-09-19,1304,A,43,6.1NRT,298.06,15.86,D
19.40084,-92.0506,305.09,2.96,1.64,2026-09-19,1034,A,18,6.1NRT,292.33,15.85,N
-14.24641,25.30754,315.36,1.54,1.22,2026-09-19,631,T,69,6.1NRT,297.0,15.84,D
-4.06049,-56.24008,313.1,1.46,1.19,2026-09-19,41,T,86,6.1NRT,293.46,15.84,N
-3.08803,112.65205,326.73,1.0,1.0,2026-09-19,811,A,35,6.1NRT,300.71,15.83,D
-10.69949,-60.73301,311.8,1.26,1.12,2026-09-19,724,A,83,6.1NRT,287.03,15.83,N
41.47545,122.79102,312.14,1.63,1.26,2026-09-19,120,T,70,6.1NRT,294.55,15.81,D
69.27162,109.61053,316.37,1.0,1.0,2026-09-19,652,A,77,6.1NRT,280.28,15.81,D
50.9148,60.28097,302.55,3.11,1.67,2026-09-19,1004,A,41,6.1NRT,291.43,15.8,D
-23.46448,47.41555,316.32,1.34,1.15,2026-09-19,1259,A,70,6.1NRT,295.45,15.79,D
-8.69619,141.11333,318.51,1.15,1.07,2026-09-19,629,A,0,6.1NRT,286.24,15.79,D
-15.55805,40.31303,323.07,1.06,1.03,2026-09-19,1304,A,76,6.1NRT,299.6,15.78,D
50.35073,57.12558,304.86,2.51,1.52,2026-09-19,614,T,42,6.1NRT,291.05,15.78,D
-2.70649,106.49284,311.63,1.52,1.22,2026-09-19,1353,T,80,6.1NRT,292.89,15.76,N
-2.10808,110.63096,322.04,1.13,1.06,2026-09-19,811,A,74,6.1NRT,296.88,15.75,D
-13.18496,131.81911,317.57,1.19,1.09,2026-09-19,1210,T,95,6.1NRT,296.92,15.75,N
46.8269,30.80801,320.83,1.3,1.13,2026-09-19,1318,A,74,6.1NRT,302.44,15.74,D
-3.20672,114.28816,324.18,1.05,1.02,2026-09-19,811,A,75,6.1NRT,299.54,15.73,D
-17.08515,36.85852,316.26,1.79,1.31,2026-09-19,1301,A,63,6.1NRT,299.41,15.73,D
37.60711,120.50899,313.53,2.0,1.38,2026-09-19,644,A,60,6.1NRT,297.96,15.73,D
-16.23042,45.86309,320.61,1.41,1.18,2026-09-19,1301,A,65,6.1NRT,301.79,15.71,D
-16.20208,38.91438,320.18,1.25,1.11,2026-09-19,1304,A,50,6.1NRT,295.43,15.71,D
-13.08069,141.94769,324.15,1.13,1.06,2026-09-19,629,A,71,6.1NRT,301.84,15.71,D
3.50246,33.866,321.36,1.43,1.18,2026-09-19,1308,A,44,6.1NRT,303.7,15.71,D
-17.59506,36.21222,314.4,2.04,1.39,2026-09-19,1301,A,32,6.1NRT,299.26,15.71,D
0.23616,111.1099,322.37,1.04,1.02,2026-09-19,811,A,77,6.1NRT,296.78,15.68,D
28.65355,119.37926,310.08,1.95,1.36,2026-09-19,124,T,51,6.1NRT,293.08,15.67,D
57.55366,105.91651,301.27,2.06,1.4,2026-09-19,826,A,40,6.1NRT,284.09,15.66,D
-4.12695,144.76939,305.02,2.63,1.56,2026-09-19,1034,T,41,6.1NRT,290.52,15.65,N
-34.46276,150.88097,301.64,2.35,1.48,2026-09-19,1024,T,43,6.1NRT,290.68,15.63,N
41.43888,122.85787,312.54,1.65,1.26,2026-09-19,120,T,52,6.1NRT,294.82,15.62,D
26.42917,117.7821,314.05,1.68,1.27,2026-09-19,124,T,30,6.1NRT,294.33,15.61,D
-16.36722,46.0392,321.42,1.44,1.19,2026-09-19,1301,A,71,6.1NRT,304.44,15.6,D
51.56537,52.75832,306.63,1.24,1.11,2026-09-19,35,A,69,6.1NRT,281.64,15.59,N
-10.71501,-60.7184,312.08,1.26,1.11,2026-09-19,724,A,84,6.1NRT,288.29,15.57,N
-1.4833,112.61556,323.9,1.0,1.0,2026-09-19,811,A,78,6.1NRT,295.28,15.56,D
-14.21742,39.88278,323.32,1.07,1.03,2026-09-19,1304,A,75,6.1NRT,301.04,15.55,D
-9.58959,37.96315,321.07,1.18,1.08,2026-09-19,1304,A,56,6.1NRT,297.57,15.55,D
53.45388,59.05753,302.14,2.42,1.5,2026-09-19,612,T,44,6.1NRT,289.05,15.54,D
-4.59504,121.91885,305.36,1.91,1.35,2026-09-19,1212,T,64,6.1NRT,284.28,15.54,N
-6.88727,111.60928,322.68,1.14,1.06,2026-09-19,809,A,74,6.1NRT,297.76,15.53,D
-3.17026,115.03365,325.16,1.12,1.06,2026-09-19,809,A,77,6.1NRT,303.84,15.53,D
-8.18688,37.78902,322.42,1.17,1.07,2026-09-19,1304,A,38,6.1NRT,301.11,15.52,D
53.45633,59.0288,312.04,1.0,1.0,2026-09-19,35,A,84,6.1NRT,279.62,15.52,N
-10.91504,-53.98325,310.65,1.65,1.26,2026-09-19,39,T,44,6.1NRT,294.11,15.52,N
-3.22735,114.76271,326.62,1.09,1.04,2026-09-19,809,A,79,6.1NRT,302.7,15.51,D
-1.63706,104.34225,317.15,1.15,1.07,2026-09-19,1353,T,95,6.1NRT,291.51,15.51,N
-3.16828,111.97896,325.23,1.03,1.01,2026-09-19,811,A,71,6.1NRT,299.97,15.49,D
-3.18796,112.39849,325.28,1.01,1.0,2026-09-19,811,A,64,6.1NRT,299.04,15.48,D
-1.69038,113.02848,326.39,1.0,1.0,2026-09-19,811,A,77,6.1NRT,299.12,15.48,D
-11.33712,-47.35682,318.61,1.4,1.17,2026-09-19,1128,T,68,6.1NRT,301.61,15.48,D
15.1772,36.87643,324.13,1.03,1.01,2026-09-19,625,T,65,6.1NRT,297.99,15.48,D
-2.93195,112.45609,324.52,1.01,1.0,2026-09-19,811,A,68,6.1NRT,298.85,15.48,D
-18.45558,35.8573,313.99,2.23,1.45,2026-09-19,1301,A,62,6.1NRT,301.38,15.47,D
-14.6775,39.2935,321.32,1.15,1.07,2026-09-19,1304,A,55,6.1NRT,297.4,15.45,D
-9.94546,29.08648,322.44,1.07,1.03,2026-09-19,631,T,77,6.1NRT,297.47,15.45,D
25.23481,49.8686,316.65,1.02,1.01,2026-09-19,41,A,94,6.1NRT,294.11,15.43,N
-0.5496,112.10806,325.57,1.0,1.0,2026-09-19,811,A,58,6.1NRT,297.25,15.43,D
-0.8248,36.41854,321.16,1.14,1.06,2026-09-19,1306,A,57,6.1NRT,302.23,15.43,D
-15.60428,28.84841,323.23,1.01,1.0,2026-09-19,631,T,78,6.1NRT,297.76,15.43,D
-29.1677,152.13249,304.41,1.66,1.27,2026-09-19,1026,T,60,6.1NRT,287.11,15.42,N
-25.46618,147.59114,315.84,1.57,1.23,2026-09-19,627,A,64,6.1NRT,303.68,15.41,D
-13.04424,39.89009,326.08,1.05,1.02,2026-09-19,1304,A,77,6.1NRT,301.98,15.41,D
-19.18802,34.77665,309.56,2.78,1.59,2026-09-19,1301,A,42,6.1NRT,295.84,15.41,D
-12.05347,35.44526,311.98,1.8,1.32,2026-09-19,631,T,51,6.1NRT,290.07,15.39,D
-2.26967,116.40653,319.52,1.39,1.17,2026-09-19,811,A,61,6.1NRT,299.54,15.38,D
3.015,32.68978,317.32,1.79,1.31,2026-09-19,1308,A,67,6.1NRT,301.54,15.37,D
-11.38565,28.7145,320.67,1.07,1.03,2026-09-19,631,T,76,6.1NRT,296.47,15.37,D
-0.52466,117.27561,315.6,1.72,1.29,2026-09-19,811,A,64,6.1NRT,296.36,15.35,D
-3.49245,115.84285,316.57,1.23,1.1,2026-09-19,809,A,68,6.1NRT,281.89,15.34,D
-21.65723,46.02042,323.25,1.19,1.09,2026-09-19,1301,A,74,6.1NRT,305.16,15.34,D
-24.28736,44.10557,327.07,1.0,1.0,2026-09-19,1259,A,75,6.1NRT,306.52,15.33,D
-2.09975,110.31593,322.36,1.18,1.08,2026-09-19,811,A,74,6.1NRT,296.63,15.33,D
22.72975,100.50594,306.32,2.19,1.43,2026-09-19,820,A,60,6.1NRT,291.12,15.32,D
-28.93905,151.78946,305.02,1.74,1.29,2026-09-19,1026,T,18,6.1NRT,287.84,15.31,N
-9.16795,39.18314,323.48,1.04,1.02,2026-09-19,1304,A,74,6.1NRT,300.87,15.3,D
-2.66338,115.07733,323.1,1.14,1.07,2026-09-19,811,A,76,6.1NRT,299.99,15.3,D
-3.06608,112.86243,327.37,1.0,1.0,2026-09-19,811,A,55,6.1NRT,299.53,15.3,D
2.26833,117.9854,312.58,2.19,1.44,2026-09-19,811,A,63,6.1NRT,295.17,15.29,D
-16.585,36.10745,315.44,2.0,1.38,2026-09-19,1304,A,54,6.1NRT,299.5,15.29,D
-12.83163,142.29546,318.0,1.18,1.08,2026-09-19,629,A,64,6.1NRT,293.25,15.29,D
37.58142,-119.59703,314.42,1.01,1.0,2026-09-19,412,T,58,6.1NRT,282.72,15.29,N
-2.2279,115.9411,321.18,1.3,1.13,2026-09-19,811,A,73,6.1NRT,298.13,15.29,D
-5.89767,-53.56113,307.04,2.18,1.43,2026-09-19,41,T,57,6.1NRT,293.45,15.29,N
-4.80361,-56.08989,311.97,1.45,1.19,2026-09-19,41,T,82,6.1NRT,293.69,15.29,N
-2.66452,106.21557,312.01,1.45,1.19,2026-09-19,1353,T,81,6.1NRT,292.91,15.28,N
30.36036,47.33315,316.32,1.18,1.08,2026-09-19,39,A,93,6.1NRT,299.29,15.28,N
-1.19422,-54.22478,304.87,2.33,1.48,2026-09-19,41,T,62,6.1NRT,293.98,15.28,N
-13.56278,28.45996,321.42,1.05,1.03,2026-09-19,631,T,76,6.1NRT,297.69,15.28,D
-2.72457,110.33473,323.77,1.19,1.09,2026-09-19,811,A,39,6.1NRT,299.51,15.27,D
-10.32195,31.05462,323.19,1.01,1.0,2026-09-19,631,T,78,6.1NRT,297.73,15.27,D
-2.8542,11.05196,313.16,1.38,1.16,2026-09-19,807,T,71,6.1NRT,292.32,15.26,D
-3.47736,105.16254,314.83,1.21,1.09,2026-09-19,1353,T,89,6.1NRT,292.86,15.25,N
-13.53077,135.58641,316.79,1.53,1.22,2026-09-19,629,A,64,6.1NRT,299.15,15.25,D
-0.53865,111.49934,323.11,1.02,1.01,2026-09-19,811,A,78,6.1NRT,298.3,15.25,D
-2.29608,116.51003,317.28,1.41,1.18,2026-09-19,811,A,65,6.1NRT,299.03,15.24,D
-13.59296,39.07194,324.94,1.15,1.07,2026-09-19,1304,A,75,6.1NRT,301.49,15.24,D
-15.63938,40.26305,322.8,1.07,1.03,2026-09-19,1304,A,76,6.1NRT,299.53,15.24,D
0.39084,116.03656,317.4,1.44,1.19,2026-09-19,811,A,68,6.1NRT,296.49,15.24,D
-19.24267,46.06752,322.82,1.3,1.13,2026-09-19,1301,A,74,6.1NRT,305.55,15.24,D
-3.14948,113.91711,327.56,1.03,1.01,2026-09-19,811,A,66,6.1NRT,300.91,15.23,D
-3.11472,112.01939,324.33,1.03,1.01,2026-09-19,811,A,60,6.1NRT,298.26,15.23,D
0.36385,111.1681,322.76,1.03,1.02,2026-09-19,811,A,77,6.1NRT,297.61,15.22,D
-12.52902,135.83676,321.21,1.42,1.18,2026-09-19,629,A,39,6.1NRT,300.12,15.22,D
-1.77068,113.31207,324.38,1.01,1.01,2026-09-19,811,A,55,6.1NRT,298.65,15.21,D
-13.73707,-48.7857,315.61,1.61,1.25,2026-09-19,1130,T,63,6.1NRT,300.96,15.21,D
-3.15734,113.86364,331.7,1.02,1.01,2026-09-19,811,A,70,6.1NRT,302.83,15.2,D
-3.34039,105.41183,314.39,1.26,1.11,2026-09-19,1353,T,88,6.1NRT,292.44,15.19,N
-1.53636,104.40434,317.76,1.16,1.07,2026-09-19,1353,T,96,6.1NRT,292.58,15.18,N
8.6836,-63.15397,320.58,1.0,1.0,2026-09-19,45,T,100,6.1NRT,294.61,15.18,N
-2.44092,110.44212,321.83,1.17,1.08,2026-09-19,811,A,74,6.1NRT,298.14,15.16,D
-12.16851,-46.96472,322.71,1.28,1.12,2026-09-19,1128,T,14,6.1NRT,302.35,15.16,D
-2.0389,112.54791,324.94,1.0,1.0,2026-09-19,811,A,78,6.1NRT,297.25,15.16,D
-2.94204,10.94952,319.26,1.36,1.16,2026-09-19,807,T,59,6.1NRT,294.47,15.15,D
-1.26261,110.53152,324.37,1.12,1.06,2026-09-19,811,A,46,6.1NRT,296.96,15.14,D
45.82302,1.17026,308.45,1.57,1.23,2026-09-19,932,T,67,6.1NRT,289.41,15.13,D
-16.15042,39.3689,319.86,1.18,1.08,2026-09-19,1304,A,69,6.1NRT,297.42,15.13,D
-19.25594,146.77628,312.05,1.83,1.32,2026-09-19,627,A,57,6.1NRT,299.39,15.13,D
-18.48575,44.42689,324.04,1.1,1.04,2026-09-19,1301,A,75,6.1NRT,301.69,15.12,D
-15.9247,39.74012,322.46,1.13,1.06,2026-09-19,1304,A,75,6.1NRT,299.78,15.12,D
-16.03643,37.708,317.75,1.49,1.21,2026-09-19,1304,A,48,6.1NRT,298.34,15.1,D
43.28843,-0.01893,310.28,1.57,1.23,2026-09-19,934,T,69,6.1NRT,294.48,15.1,D
-13.99994,36.34515,315.11,1.76,1.3,2026-09-19,1304,A,42,6.1NRT,298.24,15.08,D
6.92115,34.48621,321.1,1.17,1.08,2026-09-19,1308,A,71,6.1NRT,297.39,15.08,D
-14.12699,29.53774,322.18,1.0,1.0,2026-09-19,631,T,76,6.1NRT,297.86,15.08,D
-2.8067,112.85852,328.27,1.0,1.0,2026-09-19,811,A,54,6.1NRT,301.41,15.08,D
-19.24192,46.07291,322.76,1.3,1.13,2026-09-19,1301,A,74,6.1NRT,305.38,15.07,D
-8.69917,37.0085,314.32,1.31,1.14,2026-09-19,1304,A,0,6.1NRT,289.72,15.07,D
-10.70526,-60.71679,311.69,1.26,1.11,2026-09-19,724,A,83,6.1NRT,285.72,15.06,N
0.02254,38.08843,328.93,1.0,1.0,2026-09-19,1306,A,80,6.1NRT,308.53,15.06,D
65.35305,83.19835,312.27,1.06,1.03,2026-09-19,432,T,72,6.1NRT,285.2,15.05,D
0.58531,128.41484,317.02,1.13,1.06,2026-09-19,1214,T,94,6.1NRT,295.01,15.05,N
-5.75858,-57.45729,316.29,1.16,1.07,2026-09-19,41,T,92,6.1NRT,295.1,15.04,N
-5.78898,34.91423,318.53,1.68,1.27,2026-09-19,1306,A,60,6.1NRT,304.64,15.04,D
-7.90407,36.01586,312.63,1.5,1.21,2026-09-19,1304,A,35,6.1NRT,292.99,15.03,D
-25.50819,149.14407,311.51,2.0,1.38,2026-09-19,627,A,55,6.1NRT,301.41,15.02,D
-25.4582,147.57359,315.67,1.57,1.23,2026-09-19,627,A,63,6.1NRT,303.9,15.02,D
-2.24053,114.56698,321.96,1.09,1.04,2026-09-19,811,A,75,6.1NRT,297.89,15.01,D
-16.05744,45.72782,317.19,1.39,1.17,2026-09-19,1301,A,62,6.1NRT,298.78,15.01,D
-5.64111,36.82284,321.4,1.23,1.1,2026-09-19,1306,A,72,6.1NRT,303.15,15.0,D
-16.57825,36.16212,314.99,1.98,1.37,2026-09-19,1304,A,56,6.1NRT,299.12,15.0,D
-14.35806,36.8638,319.0,1.62,1.25,2026-09-19,1304,A,66,6.1NRT,302.29,15.0,D
-2.65119,112.84095,326.92,1.0,1.0,2026-09-19,811,A,26,6.1NRT,300.87,15.0,D
3.43647,33.49563,318.26,1.53,1.22,2026-09-19,1308,A,66,6.1NRT,300.78,14.99,D
-2.90445,114.2651,324.11,1.05,1.02,2026-09-19,811,A,77,6.1NRT,300.1,14.99,D
-3.34566,112.46092,325.97,1.01,1.0,2026-09-19,811,A,55,6.1NRT,299.52,14.99,D
44.77834,22.3472,315.68,1.3,1.13,2026-09-19,1318,A,69,6.1NRT,296.42,14.99,D
-0.48909,115.76207,318.82,1.34,1.15,2026-09-19,811,A,72,6.1NRT,297.97,14.99,D
-2.90176,114.28342,325.47,1.05,1.03,2026-09-19,811,A,38,6.1NRT,299.95,14.99,D
-19.89594,44.6937,324.37,1.09,1.04,2026-09-19,1301,A,73,6.1NRT,302.81,14.98,D
-19.11414,45.29449,325.13,1.18,1.08,2026-09-19,1301,A,76,6.1NRT,306.35,14.98,D
-3.08477,111.91432,324.3,1.03,1.02,2026-09-19,811,A,54,6.1NRT,298.19,14.97,D
-1.88622,113.52497,325.26,1.02,1.01,2026-09-19,811,A,54,6.1NRT,300.05,14.97,D
-11.47353,-47.41126,318.12,1.4,1.17,2026-09-19,1128,T,67,6.1NRT,301.4,14.97,D
-11.07869,-48.311,316.78,1.65,1.26,2026-09-19,1128,T,48,6.1NRT,300.68,14.95,D
-1.54718,104.39553,317.69,1.16,1.07,2026-09-19,1353,T,95,6.1NRT,292.72,14.95,N
-3.25251,112.5839,323.46,1.01,1.0,2026-09-19,811,A,76,6.1NRT,299.19,14.95,D
-21.49181,45.98183,323.46,1.19,1.09,2026-09-19,1301,A,75,6.1NRT,305.03,14.93,D
-3.27615,105.14328,315.24,1.21,1.1,2026-09-19,1353,T,90,6.1NRT,290.87,14.93,N
-17.05309,35.9107,315.52,2.11,1.41,2026-09-19,1301,A,50,6.1NRT,298.42,14.92,D
-33.25177,149.32622,309.31,1.42,1.18,2026-09-19,625,A,68,6.1NRT,291.84,14.92,D
-18.93386,44.40348,323.03,1.08,1.04,2026-09-19,1301,A,73,6.1NRT,303.24,14.92,D
-10.54331,39.30891,323.1,1.05,1.03,2026-09-19,1304,A,65,6.1NRT,300.46,14.91,D
48.01661,17.44709,313.3,1.87,1.34,2026-09-19,1321,A,73,6.1NRT,298.76,14.91,D
-2.9117,112.89846,328.72,1.0,1.0,2026-09-19,811,A,63,6.1NRT,302.59,14.9,D
68.52639,79.94984,302.97,1.31,1.14,2026-09-19,28,A,52,6.1NRT,271.11,14.9,D
60.44167,97.5647,309.6,1.05,1.02,2026-09-19,253,T,69,6.1NRT,277.95,14.9,D
2.98817,113.68247,320.62,1.12,1.06,2026-09-19,811,A,76,6.1NRT,296.67,14.9,D
-16.59635,36.01519,314.87,2.04,1.39,2026-09-19,1304,A,55,6.1NRT,298.53,14.88,D
-11.3588,130.92896,317.02,1.13,1.06,2026-09-19,1210,T,94,6.1NRT,295.36,14.87,N
-18.77964,35.05649,309.15,2.61,1.55,2026-09-19,1301,A,29,6.1NRT,293.12,14.86,D
-2.6233,111.08862,321.78,1.09,1.04,2026-09-19,811,A,74,6.1NRT,297.23,14.86,D
17.98204,-94.53252,309.27,1.7,1.28,2026-09-19,226,T,77,6.1NRT,291.71,14.86,N
-1.19241,-54.21907,305.32,2.33,1.48,2026-09-19,41,T,64,6.1NRT,293.85,14.86,N
0.38905,116.02407,317.11,1.44,1.19,2026-09-19,811,A,67,6.1NRT,296.33,14.86,D
67.27438,83.21394,312.53,1.01,1.01,2026-09-19,432,T,55,6.1NRT,282.01,14.85,D
-6.36605,-58.29709,319.4,1.05,1.03,2026-09-19,41,T,98,6.1NRT,294.34,14.85,N
-18.66692,145.7057,310.26,1.57,1.24,2026-09-19,627,A,58,6.1NRT,294.02,14.85,D
-2.80586,106.36592,311.36,1.48,1.2,2026-09-19,1353,T,80,6.1NRT,292.72,14.84,N
-2.82368,110.85458,321.72,1.12,1.06,2026-09-19,811,A,66,6.1NRT,297.42,14.84,D
-3.14768,112.42844,324.08,1.01,1.0,2026-09-19,811,A,76,6.1NRT,297.76,14.82,D
-3.24639,114.69788,325.83,1.08,1.04,2026-09-19,809,A,61,6.1NRT,302.64,14.81,D
42.46242,23.77979,314.44,1.47,1.2,2026-09-19,754,T,67,6.1NRT,295.35,14.81,D
-13.70786,28.13062,321.32,1.08,1.04,2026-09-19,631,T,76,6.1NRT,297.78,14.8,D
-16.58766,46.47931,320.09,1.53,1.22,2026-09-19,1301,A,67,6.1NRT,305.32,14.8,D
-2.66673,110.72913,321.96,1.14,1.06,2026-09-19,811,A,74,6.1NRT,298.2,14.79,D
-3.18582,113.86461,328.6,1.02,1.01,2026-09-19,811,A,59,6.1NRT,302.85,14.77,D
58.44972,107.61395,301.92,1.53,1.22,2026-09-19,253,T,50,6.1NRT,281.53,14.77,D
-8.37954,35.89594,308.99,1.56,1.23,2026-09-19,1304,A,38,6.1NRT,286.84,14.75,D
-12.57656,-49.11121,316.68,1.78,1.31,2026-09-19,1128,T,46,6.1NRT,302.39,14.73,D
-8.43255,28.90399,322.45,1.12,1.06,2026-09-19,629,T,79,6.1NRT,297.77,14.71,D
-20.61975,47.41245,310.02,1.5,1.21,2026-09-19,1301,A,41,6.1NRT,291.12,14.71,D
3.27428,33.6074,323.12,1.5,1.21,2026-09-19,1308,A,63,6.1NRT,306.73,14.71,D
48.82181,37.6801,302.13,1.45,1.19,2026-09-19,213,A,47,6.1NRT,279.22,14.7,N
-22.63629,44.74197,326.01,1.04,1.02,2026-09-19,1301,A,69,6.1NRT,308.28,14.7,D
-9.20292,38.3585,323.78,1.12,1.05,2026-09-19,1304,A,58,6.1NRT,303.09,14.7,D
-12.99595,-46.9878,319.87,1.25,1.11,2026-09-19,1128,T,71,6.1NRT,300.48,14.69,D
-2.93067,112.46484,323.35,1.01,1.0,2026-09-19,811,A,72,6.1NRT,299.15,14.68,D
-3.15896,113.79127,327.3,1.02,1.01,2026-09-19,811,A,59,6.1NRT,303.8,14.68,D
-17.16886,36.0523,315.23,2.07,1.4,2026-09-19,1301,A,59,6.1NRT,299.12,14.67,D
51.60043,52.92206,309.67,1.46,1.2,2026-09-19,614,T,67,6.1NRT,291.66,14.67,D
-2.78922,112.85593,327.15,1.0,1.0,2026-09-19,811,A,41,6.1NRT,299.27,14.66,D
66.90955,75.625,304.38,1.21,1.1,2026-09-19,28,A,60,6.1NRT,270.09,14.66,N
-13.02828,39.08815,325.44,1.13,1.06,2026-09-19,1304,A,76,6.1NRT,300.69,14.65,D
-10.86406,-56.21014,316.44,1.18,1.08,2026-09-19,39,T,93,6.1NRT,296.48,14.63,N
48.2117,110.40368,302.95,3.55,1.77,2026-09-19,646,A,32,6.1NRT,289.22,14.63,D
-3.125,113.77715,324.32,1.02,1.01,2026-09-19,811,A,63,6.1NRT,299.94,14.61,D
-3.43022,111.94707,324.35,1.04,1.02,2026-09-19,811,A,57,6.1NRT,299.19,14.61,D
65.84679,84.89301,312.29,1.06,1.03,2026-09-19,830,A,72,6.1NRT,285.3,14.61,D
-13.60027,38.55852,321.58,1.22,1.1,2026-09-19,1304,A,64,6.1NRT,298.65,14.61,D
-3.45615,104.88625,325.32,1.03,1.02,2026-09-19,134,T,47,6.1NRT,298.25,14.6,D
-2.32918,116.55959,316.27,1.42,1.18,2026-09-19,811,A,45,6.1NRT,298.79,14.6,D
4.74558,-61.61549,317.38,1.0,1.0,2026-09-19,43,T,95,6.1NRT,292.6,14.57,N
-19.53286,25.88638,318.32,1.18,1.08,2026-09-19,633,T,73,6.1NRT,298.15,14.57,D
-19.72464,45.13407,326.04,1.14,1.06,2026-09-19,1301,A,76,6.1NRT,307.79,14.57,D
-2.82664,110.39737,323.43,1.19,1.08,2026-09-19,811,A,66,6.1NRT,297.15,14.56,D
62.84383,88.0817,313.52,1.05,1.03,2026-09-19,828,A,74,6.1NRT,286.67,14.55,D
-17.55271,48.04577,311.44,1.91,1.35,2026-09-19,1301,A,38,6.1NRT,296.7,14.55,D
-13.04558,39.8807,325.44,1.05,1.02,2026-09-19,1304,A,76,6.1NRT,302.25,14.54,D
-3.55919,115.45868,317.83,1.17,1.08,2026-09-19,809,A,70,6.1NRT,293.06,14.53,D
-5.48655,34.78162,317.36,1.7,1.28,2026-09-19,1306,A,57,6.1NRT,302.29,14.53,D
-5.51883,-43.78968,322.48,1.06,1.03,2026-09-19,1125,T,73,6.1NRT,302.07,14.51,D
-5.70126,35.83673,318.42,1.43,1.18,2026-09-19,1306,A,63,6.1NRT,303.98,14.51,D
-2.70684,106.4127,323.04,1.0,1.0,2026-09-19,134,T,76,6.1NRT,297.27,14.5,D
-2.82173,110.365,324.01,1.19,1.09,2026-09-19,811,A,71,6.1NRT,299.42,14.49,D
58.09624,106.55103,307.84,1.07,1.03,2026-09-19,1229,T,73,6.1NRT,275.88,14.47,N
-1.70885,110.26549,322.45,1.17,1.08,2026-09-19,811,A,76,6.1NRT,295.83,14.47,D
41.48558,123.20753,310.67,1.72,1.29,2026-09-19,120,T,69,6.1NRT,294.31,14.47,D
65.75632,85.04691,311.97,1.05,1.03,2026-09-19,830,A,63,6.1NRT,284.58,14.46,D
-16.64635,36.24863,315.43,1.96,1.37,2026-09-19,1304,A,30,6.1NRT,299.48,14.45,D
-7.8597,-44.87762,323.33,1.11,1.05,2026-09-19,1128,T,74,6.1NRT,305.31,14.45,D
-5.04447,150.10928,316.01,1.12,1.05,2026-09-19,1034,T,90,6.1NRT,293.36,14.44,N
-3.10019,111.87064,324.91,1.04,1.02,2026-09-19,811,A,34,6.1NRT,298.22,14.43,D
-4.21538,-56.33373,304.89,1.42,1.18,2026-09-19,41,T,62,6.1NRT,275.49,14.42,N
-17.45239,33.55161,314.04,1.56,1.23,2026-09-19,631,T,66,6.1NRT,296.75,14.42,D
-17.54982,36.63608,314.93,1.89,1.34,2026-09-19,1301,A,57,6.1NRT,299.1,14.4,D
-5.30791,34.81274,317.35,1.68,1.27,2026-09-19,1306,A,55,6.1NRT,301.86,14.39,D
-9.18245,27.41206,316.83,1.33,1.14,2026-09-19,631,T,71,6.1NRT,295.5,14.39,D
-21.73378,-60.85492,308.87,1.53,1.22,2026-09-19,37,T,76,6.1NRT,288.93,14.38,N
-1.78949,115.98299,317.02,1.32,1.14,2026-09-19,811,A,67,6.1NRT,296.88,14.38,D
-15.22729,40.43989,322.2,1.05,1.02,2026-09-19,1304,A,75,6.1NRT,300.41,14.37,D
-17.6695,36.66336,313.21,1.89,1.34,2026-09-19,1301,A,34,6.1NRT,299.92,14.37,D
42.00755,25.83494,321.87,1.07,1.03,2026-09-19,1318,A,78,6.1NRT,299.74,14.37,D
4.08149,33.42048,326.29,1.51,1.21,2026-09-19,1308,A,33,6.1NRT,306.9,14.37,D
-2.98015,112.31077,323.47,1.01,1.01,2026-09-19,811,A,67,6.1NRT,298.58,14.36,D
-16.40408,35.34212,314.12,2.29,1.46,2026-09-19,1304,A,52,6.1NRT,297.72,14.36,D
3.32443,34.3221,322.78,1.34,1.15,2026-09-19,1308,A,69,6.1NRT,303.04,14.36,D
60.84673,97.36052,310.06,1.07,1.03,2026-09-19,253,T,69,6.1NRT,278.82,14.35,D
9.65469,-63.53321,318.7,1.01,1.0,2026-09-19,48,T,97,6.1NRT,293.81,14.35,N
9.6485,-63.5778,319.04,1.01,1.0,2026-09-19,48,T,98,6.1NRT,292.91,14.35,N
44.49192,124.07998,310.88,1.62,1.25,2026-09-19,120,T,70,6.1NRT,295.0,14.34,D
-16.48503,47.79996,316.08,1.93,1.36,2026-09-19,1301,A,53,6.1NRT,302.63,14.34,D
-2.88379,111.00766,322.63,1.11,1.05,2026-09-19,811,A,59,6.1NRT,298.02,14.34,D
-16.59425,46.979,321.41,1.66,1.27,2026-09-19,1301,A,69,6.1NRT,307.18,14.33,D
3.34075,33.47601,316.72,1.54,1.22,2026-09-19,1308,A,56,6.1NRT,300.16,14.32,D
28.47542,119.46499,311.14,1.99,1.38,2026-09-19,124,T,50,6.1NRT,293.24,14.31,D
-2.99412,104.52443,313.67,1.13,1.06,2026-09-19,1353,T,87,6.1NRT,283.14,14.31,N
41.3898,123.27267,309.8,1.74,1.29,2026-09-19,120,T,68,6.1NRT,292.3,14.3,D
37.60215,120.51782,312.59,2.0,1.38,2026-09-19,644,A,14,6.1NRT,297.64,14.3,D
-5.94873,-38.12209,317.78,1.57,1.23,2026-09-19,1125,T,66,6.1NRT,301.72,14.3,D
-3.17605,115.04036,324.99,1.12,1.06,2026-09-19,809,A,77,6.1NRT,303.83,14.3,D
-3.18855,113.65119,324.44,1.01,1.01,2026-09-19,811,A,44,6.1NRT,300.38,14.29,D
-2.07385,115.87106,319.11,1.29,1.13,2026-09-19,811,A,51,6.1NRT,297.57,14.28,D
-0.5247,117.28253,315.36,1.72,1.29,2026-09-19,811,A,58,6.1NRT,296.43,14.26,D
-10.28336,28.8751,320.64,1.08,1.04,2026-09-19,631,T,75,6.1NRT,297.26,14.26,D
20.79156,85.25499,320.22,1.13,1.06,2026-09-19,956,A,75,6.1NRT,292.38,14.26,D
30.88305,47.33545,312.62,1.2,1.09,2026-09-19,39,A,85,6.1NRT,296.52,14.25,N
-17.07605,37.85265,316.36,1.51,1.21,2026-09-19,1301,A,57,6.1NRT,297.71,14.25,D
-3.18818,114.72192,323.86,1.09,1.04,2026-09-19,811,A,75,6.1NRT,300.65,14.25,D
-8.48358,36.28352,317.44,1.46,1.19,2026-09-19,1304,A,60,6.1NRT,298.79,14.25,D
-12.07894,26.38965,314.61,1.41,1.17,2026-09-19,631,T,70,6.1NRT,295.17,14.24,D
3.24264,33.5778,320.35,1.51,1.21,2026-09-19,1308,A,28,6.1NRT,302.12,14.24,D
-9.37014,39.18805,321.99,1.04,1.02,2026-09-19,1304,A,73,6.1NRT,300.01,14.24,D
-35.79353,137.02121,310.19,1.11,1.05,2026-09-19,1204,T,79,6.1NRT,283.02,14.24,N
47.88115,57.46371,310.78,1.03,1.02,2026-09-19,35,A,81,6.1NRT,283.58,14.23,N
-14.63033,48.25969,311.16,2.03,1.39,2026-09-19,453,T,61,6.1NRT,297.64,14.22,D
-19.52936,44.79126,323.71,1.11,1.05,2026-09-19,1301,A,72,6.1NRT,304.21,14.21,D
-4.0825,138.91173,318.43,1.04,1.02,2026-09-19,631,A,74,6.1NRT,282.89,14.19,D
-17.81809,47.93321,312.22,1.86,1.33,2026-09-19,1301,A,27,6.1NRT,299.25,14.18,D
6.09494,36.51023,325.62,1.01,1.0,2026-09-19,1308,A,78,6.1NRT,303.53,14.17,D
43.26445,0.08595,311.12,1.59,1.24,2026-09-19,934,T,71,6.1NRT,292.77,14.16,D
-16.08658,37.69251,318.38,1.5,1.21,2026-09-19,1304,A,61,6.1NRT,299.48,14.15,D
-2.22883,116.53768,317.5,1.42,1.18,2026-09-19,811,A,65,6.1NRT,297.97,14.15,D
-17.45766,36.5486,315.1,1.91,1.35,2026-09-19,1301,A,49,6.1NRT,299.59,14.15,D
7.18315,-61.85563,319.84,1.19,1.08,2026-09-19,1259,T,73,6.1NRT,295.8,14.15,D
-16.9126,47.85733,314.36,1.91,1.35,2026-09-19,1301,A,55,6.1NRT,299.91,14.14,D
7.34369,33.21386,317.02,1.38,1.16,2026-09-19,1308,A,70,6.1NRT,296.91,14.14,D
24.60298,111.64747,320.3,1.0,1.0,2026-09-19,124,T,76,6.1NRT,295.35,14.13,D
-3.18984,113.64239,323.36,1.01,1.01,2026-09-19,811,A,69,6.1NRT,302.01,14.12,D
-13.58167,141.81587,321.01,1.1,1.05,2026-09-19,629,A,78,6.1NRT,298.09,14.12,D
-2.71993,111.88198,323.1,1.03,1.01,2026-09-19,811,A,76,6.1NRT,299.55,14.12,D
-9.28589,37.95436,322.69,1.18,1.08,2026-09-19,1304,A,37,6.1NRT,302.09,14.11,D
-8.19729,35.69842,312.52,1.6,1.25,2026-09-19,1304,A,52,6.1NRT,293.48,14.11,D
35.48082,44.15554,322.1,1.21,1.09,2026-09-19,618,T,67,6.1NRT,304.76,14.1,D
-13.95052,136.57677,317.69,1.33,1.14,2026-09-19,629,A,69,6.1NRT,297.41,14.1,D
-3.18199,114.4534,323.14,1.06,1.03,2026-09-19,811,A,74,6.1NRT,300.08,14.1,D
27.04617,119.28069,307.0,2.08,1.4,2026-09-19,124,T,47,6.1NRT,292.49,14.09,D
-15.07409,29.64992,322.95,1.0,1.0,2026-09-19,631,T,77,6.1NRT,298.88,14.09,D
-16.33382,29.18003,322.33,1.0,1.0,2026-09-19,631,T,77,6.1NRT,299.18,14.09,D
-1.90169,115.85629,319.76,1.29,1.13,2026-09-19,811,A,56,6.1NRT,298.5,14.09,D
-1.30328,112.46136,321.44,1.0,1.0,2026-09-19,811,A,76,6.1NRT,294.13,14.08,D
-3.61306,115.0308,320.27,1.11,1.05,2026-09-19,809,A,74,6.1NRT,299.52,14.06,D
-10.91334,24.89305,309.9,1.9,1.35,2026-09-19,631,T,64,6.1NRT,293.42,14.06,D
-13.07913,141.95778,322.63,1.13,1.06,2026-09-19,629,A,63,6.1NRT,300.69,14.06,D
26.50423,117.74824,311.41,1.67,1.27,2026-09-19,124,T,66,6.1NRT,292.18,14.06,D
69.36895,88.11728,311.56,1.04,1.02,2026-09-19,833,A,71,6.1NRT,285.84,14.06,D
-3.12653,113.95019,325.15,1.03,1.01,2026-09-19,811,A,62,6.1NRT,300.63,14.05,D
-15.17191,28.86082,321.82,1.01,1.01,2026-09-19,631,T,76,6.1NRT,297.11,14.05,D
-15.2166,24.46453,310.94,1.71,1.28,2026-09-19,631,T,61,6.1NRT,296.39,14.04,D
6.55712,34.58822,321.67,1.17,1.08,2026-09-19,1308,A,62,6.1NRT,298.53,14.03,D
-18.85379,45.18324,324.24,1.18,1.08,2026-09-19,1301,A,71,6.1NRT,305.89,14.03,D
35.32019,-93.42056,319.73,1.0,1.0,2026-09-19,232,T,99,6.1NRT,299.48,14.02,N
-14.30028,40.34347,323.54,1.04,1.02,2026-09-19,1304,A,75,6.1NRT,301.03,14.02,D
-11.97053,142.59697,314.78,1.26,1.12,2026-09-19,629,A,64,6.1NRT,286.35,14.02,D
-15.35274,39.20864,321.68,1.18,1.08,2026-09-19,1304,A,74,6.1NRT,300.87,14.0,D
-15.57272,39.27014,320.96,1.18,1.08,2026-09-19,1304,A,60,6.1NRT,300.38,14.0,D
-15.55127,40.36104,321.61,1.06,1.03,2026-09-19,1304,A,74,6.1NRT,299.41,13.99,D
27.05,119.26054,306.98,2.07,1.4,2026-09-19,124,T,49,6.1NRT,291.91,13.98,D
-11.52383,35.96109,313.75,1.94,1.36,2026-09-19,631,T,30,6.1NRT,292.24,13.98,D
-3.38897,113.68104,323.44,1.01,1.01,2026-09-19,809,A,68,6.1NRT,295.4,13.98,D
48.93641,-121.03673,312.93,1.04,1.02,2026-09-19,414,T,86,6.1NRT,284.15,13.97,N
-3.11532,104.24886,316.57,1.1,1.05,2026-09-19,1353,T,93,6.1NRT,289.9,13.97,N
-14.05743,28.9348,321.47,1.02,1.01,2026-09-19,631,T,75,6.1NRT,298.06,13.95,D
-2.80478,113.05371,322.39,1.0,1.0,2026-09-19,811,A,76,6.1NRT,297.14,13.95,D
27.37855,95.32977,319.43,1.0,1.0,2026-09-19,1359,T,98,6.1NRT,294.98,13.95,N
23.33828,116.40825,317.97,1.55,1.23,2026-09-19,126,T,25,6.1NRT,298.37,13.95,D
-6.91863,-63.10573,308.96,1.37,1.16,2026-09-19,41,T,74,6.1NRT,282.83,13.94,N
51.86994,54.76686,308.01,1.74,1.29,2026-09-19,614,T,65,6.1NRT,292.67,13.93,D
-2.00492,30.8222,317.53,1.06,1.03,2026-09-19,629,T,53,6.1NRT,292.22,13.93,D
-9.65896,29.14754,320.95,1.07,1.03,2026-09-19,631,T,75,6.1NRT,297.6,13.92,D
-2.98307,113.60838,323.18,1.01,1.01,2026-09-19,811,A,60,6.1NRT,299.62,13.92,D
-16.90625,28.98482,319.44,1.0,1.0,2026-09-19,633,T,55,6.1NRT,294.85,13.91,D
-1.54548,115.76641,319.93,1.29,1.13,2026-09-19,811,A,47,6.1NRT,297.95,13.91,D
-3.20323,114.25039,322.78,1.05,1.02,2026-09-19,811,A,73,6.1NRT,300.15,13.91,D
-8.07839,29.75704,321.14,1.05,1.02,2026-09-19,629,T,76,6.1NRT,297.85,13.9,D
65.44217,82.90227,312.16,1.16,1.07,2026-09-19,830,A,45,6.1NRT,287.06,13.89,D
-7.66703,35.69923,315.54,1.57,1.23,2026-09-19,1304,A,64,6.1NRT,298.69,13.89,D
-21.47082,44.74396,326.62,1.06,1.03,2026-09-19,1301,A,57,6.1NRT,307.89,13.89,D
-1.23046,111.82231,321.59,1.02,1.01,2026-09-19,811,A,76,6.1NRT,296.68,13.88,D
-18.23296,23.2483,311.67,1.85,1.33,2026-09-19,633,T,61,6.1NRT,296.56,13.88,D
-5.18661,35.34732,318.13,1.53,1.22,2026-09-19,1306,A,50,6.1NRT,303.14,13.87,D
23.62489,116.76981,315.04,1.62,1.25,2026-09-19,124,T,45,6.1NRT,298.06,13.87,D
-22.39693,136.21507,303.92,1.62,1.25,2026-09-19,1206,T,58,6.1NRT,289.18,13.87,N
-2.76089,112.23911,323.82,1.01,1.01,2026-09-19,811,A,58,6.1NRT,299.52,13.87,D
-2.92405,105.16663,314.01,1.23,1.1,2026-09-19,1353,T,87,6.1NRT,293.33,13.86,N
-9.89779,29.9613,323.19,1.01,1.01,2026-09-19,631,T,74,6.1NRT,296.87,13.86,D
58.41968,107.58994,301.16,1.53,1.22,2026-09-19,253,T,45,6.1NRT,279.9,13.86,D
-9.08347,39.31329,324.28,1.03,1.02,2026-09-19,1304,A,75,6.1NRT,303.86,13.86,D
-23.24263,45.24604,326.22,1.06,1.03,2026-09-19,1301,A,77,6.1NRT,310.2,13.83,D
-3.02084,35.80758,316.93,1.32,1.14,2026-09-19,1306,A,28,6.1NRT,298.24,13.83,D
-22.40019,136.20644,304.69,1.62,1.25,2026-09-19,1206,T,61,6.1NRT,289.09,13.83,N
5.82885,36.14546,327.01,1.03,1.01,2026-09-19,1308,A,61,6.1NRT,300.07,13.82,D
-15.28741,40.27409,321.84,1.06,1.03,2026-09-19,1304,A,74,6.1NRT,299.4,13.81,D
-10.87204,-56.19812,315.92,1.18,1.08,2026-09-19,39,T,92,6.1NRT,296.28,13.8,N
-2.26348,116.17534,319.03,1.34,1.15,2026-09-19,811,A,69,6.1NRT,299.09,13.8,D
-6.71197,-59.46232,317.73,1.0,1.0,2026-09-19,41,T,95,6.1NRT,294.49,13.79,N
66.90104,75.61314,303.52,1.21,1.1,2026-09-19,28,A,53,6.1NRT,268.84,13.78,N
67.28201,83.04548,311.36,1.01,1.0,2026-09-19,432,T,67,6.1NRT,281.14,13.78,D
-3.13789,114.6854,322.48,1.09,1.04,2026-09-19,811,A,73,6.1NRT,299.34,13.78,D
-7.90659,37.99306,323.48,1.13,1.06,2026-09-19,1304,A,50,6.1NRT,301.9,13.78,D
-19.25928,44.56829,321.33,1.09,1.04,2026-09-19,1301,A,70,6.1NRT,302.78,13.77,D
-3.5862,114.77357,323.75,1.08,1.04,2026-09-19,809,A,78,6.1NRT,301.8,13.77,D
3.32181,33.70608,319.87,1.48,1.2,2026-09-19,1308,A,44,6.1NRT,301.51,13.77,D
3.40548,33.70098,323.48,1.0,1.0,2026-09-19,627,T,78,6.1NRT,300.69,13.77,D
-1.97059,116.2143,316.99,1.36,1.16,2026-09-19,811,A,66,6.1NRT,297.29,13.76,D
35.53289,44.33672,323.87,1.23,1.1,2026-09-19,618,T,71,6.1NRT,306.99,13.76,D
-3.11577,104.25481,321.11,1.09,1.04,2026-09-19,134,T,75,6.1NRT,297.06,13.76,D
-2.32358,116.4586,317.42,1.4,1.17,2026-09-19,811,A,66,6.1NRT,300.05,13.76,D
-2.65621,110.60565,321.26,1.15,1.07,2026-09-19,811,A,47,6.1NRT,298.5,13.75,D
-11.03413,28.27436,319.31,1.13,1.06,2026-09-19,631,T,74,6.1NRT,296.15,13.75,D
-7.47485,36.39494,321.23,1.39,1.17,2026-09-19,1304,A,40,6.1NRT,304.73,13.75,D
-18.31996,45.35144,318.4,1.22,1.1,2026-09-19,1301,A,66,6.1NRT,299.42,13.73,D
-3.2681,114.61469,322.46,1.08,1.04,2026-09-19,809,A,74,6.1NRT,299.43,13.73,D
-16.76638,46.4539,318.82,1.51,1.21,2026-09-19,1301,A,63,6.1NRT,304.8,13.72,D
-18.68274,25.37908,316.95,1.3,1.13,2026-09-19,633,T,55,6.1NRT,298.53,13.72,D
-21.88054,45.48589,326.05,1.12,1.05,2026-09-19,1301,A,71,6.1NRT,309.63,13.72,D
-16.95441,45.15417,322.28,1.24,1.11,2026-09-19,1301,A,70,6.1NRT,302.91,13.7,D
-21.86403,44.88728,325.34,1.06,1.03,2026-09-19,1301,A,75,6.1NRT,307.4,13.7,D
42.71738,24.1472,311.19,1.52,1.22,2026-09-19,754,T,54,6.1NRT,293.38,13.7,D
-19.06168,48.03069,309.61,1.78,1.31,2026-09-19,1301,A,50,6.1NRT,296.4,13.69,D
7.34556,33.22588,316.94,1.38,1.16,2026-09-19,1308,A,70,6.1NRT,296.6,13.68,D
60.14933,109.08499,307.92,1.0,1.0,2026-09-19,1229,T,73,6.1NRT,273.71,13.68,N
31.28032,48.73523,317.37,1.06,1.03,2026-09-19,39,A,95,6.1NRT,299.88,13.68,N
-8.58728,32.28896,323.99,1.05,1.02,2026-09-19,629,T,78,6.1NRT,300.09,13.67,D
-3.18408,113.93721,328.15,1.03,1.01,2026-09-19,811,A,41,6.1NRT,300.55,13.67,D
-11.20187,38.50565,324.59,1.16,1.07,2026-09-19,1304,A,74,6.1NRT,304.22,13.67,D
65.46085,83.07552,309.89,1.15,1.07,2026-09-19,830,A,69,6.1NRT,286.08,13.66,D
-1.24585,110.5336,320.01,1.12,1.06,2026-09-19,811,A,73,6.1NRT,296.98,13.65,D
-2.25394,110.39225,322.12,1.17,1.08,2026-09-19,811,A,60,6.1NRT,297.77,13.65,D
-2.8878,-57.79178,317.33,1.1,1.04,2026-09-19,724,A,51,6.1NRT,286.97,13.65,N
-17.10653,37.52478,315.47,1.6,1.24,2026-09-19,1301,A,62,6.1NRT,297.7,13.64,D
-9.20434,38.34861,322.89,1.12,1.06,2026-09-19,1304,A,16,6.1NRT,305.41,13.63,D
-13.1449,39.63992,322.96,1.07,1.03,2026-09-19,1304,A,73,6.1NRT,300.81,13.62,D
-18.58609,47.44187,312.65,1.65,1.26,2026-09-19,1301,A,60,6.1NRT,297.86,13.61,D
-23.65679,45.83857,325.14,1.11,1.05,2026-09-19,1259,A,77,6.1NRT,307.41,13.6,D
-13.98863,35.37777,310.79,1.9,1.35,2026-09-19,631,T,51,6.1NRT,291.44,13.6,D
9.7379,-63.47017,320.14,1.0,1.0,2026-09-19,1259,T,77,6.1NRT,289.07,13.59,D
-3.19651,112.47723,324.26,1.01,1.0,2026-09-19,811,A,61,6.1NRT,300.19,13.59,D
-17.50564,47.13129,316.78,1.64,1.26,2026-09-19,1301,A,62,6.1NRT,301.68,13.59,D
-10.85756,38.12348,320.6,1.2,1.09,2026-09-19,1304,A,70,6.1NRT,290.74,13.59,D
-15.90285,-48.08296,314.78,1.33,1.14,2026-09-19,1130,T,67,6.1NRT,296.81,13.58,D
-4.10625,144.75987,304.19,2.63,1.56,2026-09-19,1034,T,28,6.1NRT,290.31,13.57,N
28.87445,118.45771,312.93,1.67,1.27,2026-09-19,124,T,67,6.1NRT,294.39,13.55,D
-14.03498,36.52353,314.61,1.7,1.28,2026-09-19,1304,A,40,6.1NRT,298.57,13.55,D
-10.36667,-48.89143,314.75,1.88,1.34,2026-09-19,1128,T,60,6.1NRT,302.69,13.52,D
-3.2714,112.53954,322.31,1.01,1.0,2026-09-19,811,A,69,6.1NRT,298.49,13.52,D
-6.45326,-59.98423,318.81,1.0,1.0,2026-09-19,41,T,97,6.1NRT,294.51,13.51,N
-0.537,112.1329,322.8,1.0,1.0,2026-09-19,811,A,57,6.1NRT,296.58,13.51,D
6.67832,33.56175,320.85,1.34,1.15,2026-09-19,1308,A,58,6.1NRT,301.59,13.5,D
-10.82901,33.94266,310.37,1.35,1.15,2026-09-19,631,T,48,6.1NRT,292.38,13.49,D
-0.12589,35.09359,317.99,1.17,1.08,2026-09-19,629,T,75,6.1NRT,297.23,13.49,D
-8.1114,35.49009,312.35,1.65,1.26,2026-09-19,1304,A,62,6.1NRT,296.49,13.49,D
20.52929,-100.92271,311.5,1.02,1.01,2026-09-19,1034,A,83,6.1NRT,281.85,13.49,N
-2.74914,112.38098,322.9,1.01,1.0,2026-09-19,811,A,0,6.1NRT,299.89,13.48,D
-21.70522,-60.13905,312.55,1.37,1.16,2026-09-19,37,T,85,6.1NRT,294.01,13.48,N
-2.64455,112.20076,322.4,1.01,1.01,2026-09-19,811,A,71,6.1NRT,298.34,13.48,D
-15.58442,134.44823,309.08,1.62,1.25,2026-09-19,1208,T,29,6.1NRT,292.65,13.48,N
-2.6163,112.02501,323.23,1.02,1.01,2026-09-19,811,A,76,6.1NRT,298.79,13.47,D
-15.66071,25.73591,316.09,1.37,1.16,2026-09-19,631,T,51,6.1NRT,297.63,13.46,D
-22.25053,43.9334,322.78,1.01,1.0,2026-09-19,1301,A,68,6.1NRT,302.81,13.46,D
-2.60312,107.94114,306.14,1.97,1.37,2026-09-19,1353,T,62,6.1NRT,291.89,13.45,N
-9.28732,37.94401,322.25,1.18,1.08,2026-09-19,1304,A,41,6.1NRT,300.91,13.45,D
-2.75848,34.74147,320.64,1.2,1.09,2026-09-19,629,T,73,6.1NRT,297.7,13.45,D
-3.12933,104.4189,315.22,1.12,1.05,2026-09-19,1353,T,85,6.1NRT,286.4,13.43,N
-22.48542,45.75006,321.25,1.13,1.06,2026-09-19,1301,A,74,6.1NRT,304.03,13.43,D
-13.37733,33.45997,316.49,1.35,1.15,2026-09-19,631,T,67,6.1NRT,297.27,13.42,D
-4.49415,-55.48105,308.65,1.63,1.26,2026-09-19,41,T,72,6.1NRT,293.39,13.42,N
-12.13019,30.86784,319.83,1.01,1.01,2026-09-19,631,T,74,6.1NRT,296.73,13.41,D
0.49284,111.59494,321.7,1.01,1.0,2026-09-19,811,A,76,6.1NRT,297.07,13.41,D
-3.69114,-60.61284,318.31,1.0,1.0,2026-09-19,41,T,96,6.1NRT,293.09,13.41,N
36.21798,43.46896,323.75,1.11,1.05,2026-09-19,618,T,72,6.1NRT,304.69,13.4,D
-3.40554,114.68978,324.24,1.08,1.04,2026-09-19,809,A,76,6.1NRT,300.2,13.39,D
-16.3077,29.51674,320.22,1.0,1.0,2026-09-19,631,T,74,6.1NRT,296.75,13.38,D
-1.31395,112.77032,321.63,1.0,1.0,2026-09-19,811,A,77,6.1NRT,296.63,13.38,D
23.69744,116.8865,313.55,1.65,1.26,2026-09-19,124,T,42,6.1NRT,296.34,13.38,D
-6.20075,25.73598,309.8,1.98,1.37,2026-09-19,629,T,41,6.1NRT,290.15,13.38,D
-3.31697,112.4118,320.35,1.01,1.01,2026-09-19,811,A,72,6.1NRT,297.68,13.38,D
-17.15878,30.53485,319.36,1.06,1.03,2026-09-19,633,T,75,6.1NRT,297.47,13.37,D
-15.54675,134.47182,308.08,1.63,1.26,2026-09-19,1208,T,63,6.1NRT,292.67,13.36,N
-19.26221,45.58123,320.82,1.22,1.1,2026-09-19,1301,A,70,6.1NRT,304.9,13.36,D
-2.80174,34.74021,319.58,1.2,1.09,2026-09-19,629,T,71,6.1NRT,296.77,13.36,D
-12.01434,40.12133,323.66,1.02,1.01,2026-09-19,1304,A,75,6.1NRT,302.73,13.35,D
57.94392,60.07256,309.08,1.0,1.0,2026-09-19,33,A,76,6.1NRT,278.42,13.35,N
-7.51067,138.35173,320.99,1.0,1.0,2026-09-19,631,A,36,6.1NRT,283.49,13.35,D
-22.71344,46.29786,318.4,1.19,1.09,2026-09-19,1301,A,70,6.1NRT,300.31,13.34,D
32.10954,47.54956,313.65,1.21,1.09,2026-09-19,39,A,88,6.1NRT,298.46,13.34,N
48.35536,17.61098,312.76,1.79,1.31,2026-09-19,1321,A,58,6.1NRT,298.59,13.34,D
-11.43652,-51.45878,303.51,2.53,1.53,2026-09-19,39,T,14,6.1NRT,293.0,13.33,N
-3.08055,112.64203,324.35,1.0,1.0,2026-09-19,811,A,60,6.1NRT,299.66,13.33,D
0.28816,111.09299,321.0,1.04,1.02,2026-09-19,811,A,75,6.1NRT,297.24,13.33,D
10.05777,-64.86533,317.19,1.09,1.04,2026-09-19,48,T,95,6.1NRT,293.91,13.33,N
-14.25717,25.30575,313.85,1.54,1.22,2026-09-19,631,T,66,6.1NRT,296.95,13.33,D
-7.22552,110.43192,312.03,1.83,1.32,2026-09-19,134,T,58,6.1NRT,294.9,13.33,D
-18.10764,36.56612,313.31,1.95,1.36,2026-09-19,1301,A,40,6.1NRT,300.03,13.33,D
-0.38003,38.04778,328.34,1.01,1.0,2026-09-19,1306,A,80,6.1NRT,309.13,13.32,D
-2.82699,104.29108,319.02,1.1,1.04,2026-09-19,134,T,72,6.1NRT,295.13,13.32,D
23.76114,86.40398,322.85,1.01,1.01,2026-09-19,304,T,78,6.1NRT,296.54,13.31,D
-19.12996,45.49847,321.27,1.21,1.09,2026-09-19,1301,A,71,6.1NRT,305.03,13.31,D
-23.87688,46.03428,319.68,1.12,1.06,2026-09-19,1259,A,69,6.1NRT,301.68,13.31,D
-10.6397,38.6352,321.55,1.12,1.06,2026-09-19,1304,A,73,6.1NRT,298.62,13.3,D
-16.88969,135.96548,304.72,1.98,1.37,2026-09-19,1208,T,40,6.1NRT,292.72,13.3,N
-15.7447,48.07677,309.81,2.0,1.38,2026-09-19,453,T,60,6.1NRT,296.92,13.27,D
-12.38994,29.64466,319.98,1.01,1.0,2026-09-19,631,T,76,6.1NRT,297.04,13.27,D
-20.51113,44.78609,325.81,1.08,1.04,2026-09-19,1301,A,65,6.1NRT,305.38,13.27,D
-14.4389,39.29208,321.3,1.14,1.07,2026-09-19,1304,A,72,6.1NRT,300.51,13.27,D
-14.3895,23.93388,310.26,1.94,1.36,2026-09-19,631,T,61,6.1NRT,295.84,13.26,D
-6.09788,105.42027,320.87,1.0,1.0,2026-09-19,134,T,53,6.1NRT,300.12,13.26,D
8.685,-63.15021,320.59,1.03,1.01,2026-09-19,1259,T,76,6.1NRT,295.51,13.25,D
-1.22967,-55.72995,307.41,1.76,1.3,2026-09-19,41,T,71,6.1NRT,289.11,13.25,N
-14.22826,30.52063,322.86,1.02,1.01,2026-09-19,631,T,76,6.1NRT,299.79,13.24,D
59.79011,108.19109,307.51,1.0,1.0,2026-09-19,1229,T,72,6.1NRT,273.43,13.24,N
-11.44183,-51.46356,303.17,2.53,1.53,2026-09-19,39,T,33,6.1NRT,293.06,13.24,N
-19.97131,44.56979,321.12,1.08,1.04,2026-09-19,1301,A,67,6.1NRT,304.35,13.22,D
-3.11341,112.02833,322.5,1.03,1.01,2026-09-19,811,A,58,6.1NRT,298.23,13.22,D
45.67213,29.33786,319.99,1.11,1.05,2026-09-19,1318,A,77,6.1NRT,298.7,13.22,D
-23.60912,45.79039,323.53,1.1,1.05,2026-09-19,1301,A,74,6.1NRT,307.76,13.21,D
-10.24994,29.02262,318.06,1.07,1.03,2026-09-19,631,T,71,6.1NRT,296.55,13.21,D
-7.53536,138.4272,320.11,1.0,1.0,2026-09-19,631,A,66,6.1NRT,283.27,13.21,D
-18.66713,45.3727,322.82,1.21,1.09,2026-09-19,1301,A,73,6.1NRT,304.88,13.21,D
-11.24258,32.98528,321.68,1.19,1.09,2026-09-19,631,T,75,6.1NRT,301.97,13.2,D
-16.85805,29.16649,320.77,1.0,1.0,2026-09-19,631,T,75,6.1NRT,297.68,13.19,D
-11.27957,39.906,321.5,1.03,1.01,2026-09-19,1304,A,74,6.1NRT,298.09,13.19,D
40.6511,118.97248,307.35,2.07,1.4,2026-09-19,644,A,52,6.1NRT,295.87,13.19,D
-3.17648,114.29588,321.23,1.05,1.02,2026-09-19,811,A,71,6.1NRT,298.51,13.19,D
-5.70681,34.60182,316.96,1.77,1.3,2026-09-19,1306,A,54,6.1NRT,303.07,13.19,D
-3.45485,104.8772,325.27,1.03,1.02,2026-09-19,134,T,32,6.1NRT,299.41,13.18,D
-15.59543,28.84974,321.42,1.01,1.0,2026-09-19,631,T,76,6.1NRT,298.01,13.18,D
-11.14541,30.81871,321.2,1.01,1.0,2026-09-19,631,T,76,6.1NRT,299.19,13.17,D
-24.84012,30.59615,312.4,1.26,1.11,2026-09-19,635,T,69,6.1NRT,291.77,13.17,D
-1.75746,110.69509,319.55,1.12,1.05,2026-09-19,811,A,72,6.1NRT,294.25,13.17,D
24.36629,117.30577,312.98,1.71,1.28,2026-09-19,124,T,42,6.1NRT,296.86,13.17,D
34.86196,44.02338,322.36,1.22,1.1,2026-09-19,618,T,66,6.1NRT,306.35,13.17,D
-1.64126,-55.1487,306.91,1.93,1.36,2026-09-19,41,T,70,6.1NRT,296.5,13.16,N
-14.19781,36.77069,317.07,1.64,1.26,2026-09-19,1304,A,61,6.1NRT,300.6,13.16,D
-12.80053,39.98447,323.58,1.04,1.02,2026-09-19,1304,A,74,6.1NRT,301.67,13.15,D
44.73037,22.97975,307.91,1.22,1.1,2026-09-19,754,T,62,6.1NRT,281.38,13.15,D
58.42177,107.56956,307.16,1.02,1.01,2026-09-19,1229,T,71,6.1NRT,276.13,13.15,N
-14.57979,40.06,320.74,1.07,1.03,2026-09-19,1304,A,68,6.1NRT,298.94,13.14,D
-1.2444,110.54333,319.67,1.12,1.06,2026-09-19,811,A,73,6.1NRT,296.7,13.14,D
37.60916,-119.5919,310.62,1.01,1.0,2026-09-19,412,T,77,6.1NRT,279.33,13.14,N
-16.0108,144.12975,318.72,1.37,1.16,2026-09-19,629,A,36,6.1NRT,302.78,13.14,D
42.4682,23.77513,314.36,1.47,1.2,2026-09-19,754,T,57,6.1NRT,294.69,13.14,D
-15.78687,-61.86766,309.77,1.49,1.2,2026-09-19,39,T,78,6.1NRT,293.39,13.13,N
-7.58946,-43.45179,323.27,1.01,1.01,2026-09-19,1128,T,74,6.1NRT,304.13,13.12,D
60.92535,112.10042,305.13,1.12,1.06,2026-09-19,1229,T,63,6.1NRT,272.11,13.12,N
28.90657,20.98313,307.86,1.41,1.17,2026-09-19,219,A,73,6.1NRT,292.82,13.12,N
68.52547,79.95704,309.02,1.1,1.05,2026-09-19,833,A,68,6.1NRT,284.08,13.12,D
-10.93439,-47.84067,315.13,1.53,1.22,2026-09-19,1128,T,60,6.1NRT,299.87,13.12,D
-6.67751,-43.62684,322.96,1.03,1.01,2026-09-19,1128,T,0,6.1NRT,302.2,13.11,D
-9.2587,-46.20542,319.46,1.26,1.12,2026-09-19,1128,T,36,6.1NRT,300.71,13.11,D
-4.36131,-55.4332,308.54,1.65,1.26,2026-09-19,41,T,75,6.1NRT,292.87,13.1,N
-5.73472,35.04827,318.93,1.64,1.26,2026-09-19,1306,A,51,6.1NRT,304.67,13.09,D
-10.18154,-48.51741,316.09,1.77,1.3,2026-09-19,1128,T,63,6.1NRT,303.12,13.09,D
34.11568,-93.25892,317.27,1.0,1.0,2026-09-19,232,T,94,6.1NRT,297.46,13.09,N
-9.00776,-44.92155,321.93,1.09,1.04,2026-09-19,1128,T,74,6.1NRT,302.7,13.08,D
-2.62348,112.90791,323.93,1.0,1.0,2026-09-19,811,A,48,6.1NRT,298.21,13.07,D
-2.34532,111.47327,320.79,1.05,1.02,2026-09-19,811,A,57,6.1NRT,295.0,13.07,D
-12.60465,39.415,322.91,1.09,1.04,2026-09-19,1304,A,52,6.1NRT,303.09,13.06,D
-6.1309,-59.93652,311.25,1.31,1.13,2026-09-19,724,A,82,6.1NRT,293.78,13.06,N
-2.20829,110.2756,321.25,1.19,1.08,2026-09-19,811,A,63,6.1NRT,297.07,13.06,D
-1.45512,116.30315,315.98,1.41,1.17,2026-09-19,811,A,66,6.1NRT,297.27,13.04,D
-3.4143,114.68729,323.59,1.08,1.04,2026-09-19,809,A,76,6.1NRT,300.26,13.04,D
-1.79587,104.30597,318.89,1.12,1.05,2026-09-19,134,T,65,6.1NRT,295.09,13.03,D
41.54068,123.22729,308.59,1.72,1.29,2026-09-19,120,T,65,6.1NRT,293.07,13.03,D
-16.01024,144.13551,318.78,1.37,1.16,2026-09-19,629,A,39,6.1NRT,303.33,13.03,D
17.90353,-93.1582,300.98,2.62,1.55,2026-09-19,1034,A,16,6.1NRT,288.24,13.02,N
-16.3767,36.21393,313.7,1.95,1.36,2026-09-19,1304,A,35,6.1NRT,299.26,13.01,D
-6.8214,37.59589,321.42,1.15,1.07,2026-09-19,1304,A,71,6.1NRT,301.54,13.0,D
-3.23059,113.98983,323.09,1.03,1.01,2026-09-19,811,A,73,6.1NRT,302.41,13.0,D
-10.10535,32.88266,320.95,1.15,1.07,2026-09-19,631,T,75,6.1NRT,299.95,13.0,D
-16.36609,29.07586,321.01,1.0,1.0,2026-09-19,631,T,75,6.1NRT,299.27,12.99,D
-9.47811,30.0619,322.38,1.01,1.01,2026-09-19,631,T,77,6.1NRT,299.79,12.99,D
-15.8472,37.24294,315.21,1.6,1.25,2026-09-19,1304,A,60,6.1NRT,296.44,12.99,D
-2.44625,105.94331,321.64,1.0,1.0,2026-09-19,134,T,75,6.1NRT,298.14,12.98,D
-15.98925,36.5731,313.32,1.81,1.32,2026-09-19,1304,A,30,6.1NRT,297.37,12.98,D
-3.28539,112.2384,321.22,1.02,1.01,2026-09-19,811,A,73,6.1NRT,297.97,12.98,D
-16.86431,135.78946,304.85,1.93,1.36,2026-09-19,1208,T,62,6.1NRT,293.07,12.97,N
-15.66011,25.7426,316.49,1.37,1.16,2026-09-19,631,T,52,6.1NRT,297.47,12.97,D
48.3702,42.66103,318.73,1.07,1.03,2026-09-19,614,T,75,6.1NRT,297.42,12.96,D
57.93762,60.06865,302.13,1.85,1.33,2026-09-19,612,T,51,6.1NRT,286.82,12.96,D
-1.47067,132.1935,301.42,1.91,1.35,2026-09-19,1212,T,38,6.1NRT,285.81,12.96,N
-1.61176,110.68689,311.2,1.57,1.23,2026-09-19,132,T,47,6.1NRT,293.58,12.95,D
-0.88522,111.41076,320.66,1.03,1.02,2026-09-19,811,A,75,6.1NRT,297.33,12.94,D
41.74125,21.29171,312.18,1.17,1.08,2026-09-19,754,T,69,6.1NRT,289.49,12.93,D
-20.76938,31.61716,314.13,1.29,1.13,2026-09-19,633,T,62,6.1NRT,296.17,12.92,D
-15.66264,25.74824,316.04,1.37,1.16,2026-09-19,631,T,47,6.1NRT,297.63,12.92,D
20.96504,85.17321,320.76,1.12,1.06,2026-09-19,956,A,44,6.1NRT,296.73,12.92,D
-16.04099,144.19897,319.97,1.38,1.16,2026-09-19,629,A,52,6.1NRT,302.82,12.9,D
45.51876,125.07765,308.96,1.72,1.29,2026-09-19,120,T,22,6.1NRT,292.47,12.9,D
-7.98092,113.55859,314.2,1.01,1.0,2026-09-19,809,A,66,6.1NRT,289.86,12.9,D
-23.83828,135.25328,309.29,1.33,1.14,2026-09-19,1206,T,77,6.1NRT,293.22,12.9,N
-3.18846,113.84683,326.56,1.02,1.01,2026-09-19,811,A,63,6.1NRT,300.69,12.89,D
35.84206,43.5512,322.29,1.13,1.06,2026-09-19,618,T,67,6.1NRT,304.42,12.88,D
-7.70973,-44.64478,321.27,1.09,1.04,2026-09-19,1128,T,71,6.1NRT,305.04,12.88,D
-2.76237,114.03661,323.16,1.04,1.02,2026-09-19,811,A,40,6.1NRT,298.04,12.87,D
-10.02513,-51.91273,300.59,2.48,1.52,2026-09-19,39,T,30,6.1NRT,288.44,12.87,N
-10.84338,31.42031,320.61,1.03,1.01,2026-09-19,631,T,74,6.1NRT,298.14,12.87,D
-28.47723,152.20667,302.52,1.61,1.25,2026-09-19,1026,T,43,6.1NRT,286.43,12.87,N
-27.82866,-67.62363,314.6,1.44,1.19,2026-09-19,1310,T,57,6.1NRT,296.01,12.85,D
-7.61711,38.85918,321.1,1.04,1.02,2026-09-19,1304,A,72,6.1NRT,299.5,12.85,D
53.08295,67.22042,309.36,1.2,1.09,2026-09-19,434,T,52,6.1NRT,288.0,12.84,D
-3.141,113.34187,321.7,1.0,1.0,2026-09-19,811,A,73,6.1NRT,300.1,12.84,D
-1.87117,113.26173,323.27,1.01,1.0,2026-09-19,811,A,76,6.1NRT,300.23,12.83,D
-14.16197,28.01879,319.94,1.08,1.04,2026-09-19,631,T,74,6.1NRT,299.04,12.83,D
-16.27608,44.64562,318.68,1.19,1.09,2026-09-19,1301,A,68,6.1NRT,301.0,12.82,D
-21.94602,43.99836,322.72,1.01,1.01,2026-09-19,1301,A,67,6.1NRT,301.6,12.81,D
-11.62287,39.31034,322.49,1.07,1.03,2026-09-19,1304,A,57,6.1NRT,302.42,12.81,D
51.87436,54.76145,306.82,1.09,1.04,2026-09-19,35,A,69,6.1NRT,282.37,12.8,N
4.74679,-61.60671,315.5,1.0,1.0,2026-09-19,43,T,91,6.1NRT,293.12,12.8,N
38.05326,67.26611,325.3,1.02,1.01,2026-09-19,438,T,75,6.1NRT,308.69,12.79,D
-1.20799,110.72508,320.61,1.1,1.05,2026-09-19,811,A,74,6.1NRT,297.84,12.77,D
-17.84004,36.51441,313.35,1.95,1.36,2026-09-19,1301,A,38,6.1NRT,299.17,12.77,D
-1.04748,31.28629,318.62,1.04,1.02,2026-09-19,629,T,61,6.1NRT,289.66,12.76,D
-17.71655,36.47336,311.79,1.95,1.36,2026-09-19,1301,A,19,6.1NRT,298.46,12.75,D
65.48553,82.96047,310.33,1.15,1.07,2026-09-19,830,A,51,6.1NRT,285.78,12.75,D
-11.0188,-54.14336,308.27,1.6,1.24,2026-09-19,39,T,74,6.1NRT,294.26,12.75,N
-3.36028,-50.45896,304.42,1.98,1.37,2026-09-19,724,A,60,6.1NRT,293.45,12.75,N
-1.9,115.8676,319.53,1.3,1.13,2026-09-19,811,A,56,6.1NRT,297.66,12.75,D
-13.54977,23.49399,308.07,2.18,1.43,2026-09-19,631,T,30,6.1NRT,293.83,12.74,D
24.57694,76.70499,311.35,1.73,1.29,2026-09-19,956,A,66,6.1NRT,293.71,12.73,D
-13.55364,23.50662,307.66,2.17,1.43,2026-09-19,631,T,47,6.1NRT,293.15,12.73,D
-2.79561,112.81245,324.26,1.0,1.0,2026-09-19,811,A,31,6.1NRT,298.75,12.73,D
-4.61296,36.63921,319.55,1.23,1.1,2026-09-19,1306,A,67,6.1NRT,301.96,12.72,D
-11.44028,-51.48113,303.23,2.52,1.53,2026-09-19,39,T,13,6.1NRT,292.88,12.71,N
-17.61921,37.0791,313.86,1.75,1.3,2026-09-19,1301,A,52,6.1NRT,300.39,12.71,D
-8.8695,-45.92455,320.11,1.23,1.1,2026-09-19,1128,T,63,6.1NRT,303.47,12.71,D
-15.80742,39.98361,320.13,1.1,1.04,2026-09-19,1304,A,72,6.1NRT,299.18,12.69,D
-17.55896,36.62682,313.2,1.89,1.34,2026-09-19,1301,A,49,6.1NRT,298.13,12.69,D
-17.3976,45.14795,319.25,1.22,1.1,2026-09-19,1301,A,52,6.1NRT,298.3,12.69,D
-5.05372,150.11069,314.14,1.12,1.05,2026-09-19,1034,T,84,6.1NRT,293.29,12.68,N
-29.21015,152.51686,303.87,1.57,1.23,2026-09-19,1026,T,57,6.1NRT,290.03,12.68,N
19.44594,-92.08502,316.39,1.14,1.06,2026-09-19,226,T,91,6.1NRT,295.04,12.67,N
-3.27785,114.4264,321.46,1.06,1.03,2026-09-19,809,A,72,6.1NRT,299.81,12.67,D
-11.82393,29.12327,319.56,1.04,1.02,2026-09-19,631,T,75,6.1NRT,297.7,12.66,D
-6.4456,-44.94679,318.58,1.16,1.07,2026-09-19,1128,T,68,6.1NRT,300.97,12.66,D
0.72606,127.83818,316.12,1.07,1.03,2026-09-19,1214,T,93,6.1NRT,295.34,12.65,N
-2.92913,112.26971,322.81,1.01,1.01,2026-09-19,811,A,59,6.1NRT,298.65,12.65,D
28.57386,119.37373,309.03,1.95,1.36,2026-09-19,124,T,42,6.1NRT,293.72,12.65,D
-9.3327,37.00966,316.79,1.34,1.15,2026-09-19,1304,A,0,6.1NRT,286.12,12.64,D
-2.33498,114.18062,319.41,1.06,1.03,2026-09-19,811,A,51,6.1NRT,296.97,12.64,D
65.43365,82.91226,311.21,1.16,1.07,2026-09-19,830,A,27,6.1NRT,287.62,12.63,D
-10.32069,31.04568,320.65,1.01,1.0,2026-09-19,631,T,75,6.1NRT,297.27,12.63,D
-3.19138,112.51228,322.11,1.01,1.0,2026-09-19,811,A,60,6.1NRT,298.62,12.63,D
-11.3998,27.63631,316.75,1.21,1.09,2026-09-19,631,T,71,6.1NRT,296.62,12.62,D
-18.17919,46.02434,318.28,1.34,1.15,2026-09-19,1301,A,66,6.1NRT,302.03,12.62,D
-7.64359,-46.10729,320.11,1.31,1.14,2026-09-19,1128,T,66,6.1NRT,304.87,12.62,D
-11.36026,130.91895,314.8,1.13,1.06,2026-09-19,1210,T,89,6.1NRT,295.47,12.61,N
2.37894,35.00832,317.7,1.25,1.11,2026-09-19,1308,A,15,6.1NRT,294.89,12.61,D
-13.44247,39.35282,320.31,1.11,1.05,2026-09-19,1304,A,57,6.1NRT,300.02,12.61,D
-3.17567,113.87218,328.05,1.02,1.01,2026-09-19,811,A,27,6.1NRT,301.86,12.61,D
-5.95119,-44.8073,320.45,1.16,1.07,2026-09-19,1128,T,71,6.1NRT,300.78,12.61,D
-10.45657,-48.67738,315.5,1.8,1.32,2026-09-19,1128,T,61,6.1NRT,302.54,12.6,D
-3.4459,104.87844,325.15,1.03,1.02,2026-09-19,134,T,23,6.1NRT,297.89,12.59,D
2.40283,112.0701,317.53,1.0,1.0,2026-09-19,811,A,37,6.1NRT,293.01,12.59,D
-2.76181,110.37737,320.63,1.19,1.08,2026-09-19,811,A,60,6.1NRT,298.28,12.58,D
-14.50556,39.06377,319.9,1.18,1.08,2026-09-19,1304,A,49,6.1NRT,297.33,12.58,D
-6.69656,-59.9558,314.8,1.0,1.0,2026-09-19,41,T,89,6.1NRT,283.22,12.57,N
50.80567,35.31321,302.67,2.48,1.52,2026-09-19,1321,A,48,6.1NRT,290.12,12.57,D
6.38678,32.75726,319.17,1.54,1.22,2026-09-19,1308,A,53,6.1NRT,298.26,12.57,D
-11.82432,31.58267,318.32,1.05,1.02,2026-09-19,631,T,71,6.1NRT,297.51,12.57,D
47.36652,32.80268,315.0,1.65,1.26,2026-09-19,1318,A,63,6.1NRT,301.96,12.57,D
-19.48769,44.81548,322.09,1.11,1.05,2026-09-19,1301,A,69,6.1NRT,302.43,12.57,D
-22.37587,44.63605,327.46,1.04,1.02,2026-09-19,1301,A,64,6.1NRT,305.74,12.56,D
6.65283,36.21252,324.07,1.02,1.01,2026-09-19,1308,A,49,6.1NRT,299.73,12.55,D
-12.78329,136.13696,316.33,1.37,1.16,2026-09-19,629,A,58,6.1NRT,298.98,12.55,D
-3.12877,112.80056,320.41,1.0,1.0,2026-09-19,811,A,72,6.1NRT,297.47,12.55,D
-15.49938,40.2099,319.7,1.07,1.03,2026-09-19,1304,A,72,6.1NRT,296.86,12.55,D
-2.16246,110.25836,322.22,1.19,1.08,2026-09-19,811,A,57,6.1NRT,296.47,12.54,D
-9.40173,37.84927,319.63,1.2,1.09,2026-09-19,1304,A,64,6.1NRT,297.57,12.53,D
-1.33122,113.40578,319.31,1.02,1.01,2026-09-19,811,A,73,6.1NRT,295.02,12.53,D
-11.44775,32.39277,320.26,1.12,1.05,2026-09-19,631,T,74,6.1NRT,299.43,12.53,D
7.3286,-62.5203,320.19,1.1,1.05,2026-09-19,1259,T,75,6.1NRT,298.2,12.53,D
-17.40995,47.01473,317.43,1.62,1.25,2026-09-19,1301,A,61,6.1NRT,302.82,12.53,D
-1.25526,116.13005,317.61,1.38,1.16,2026-09-19,811,A,61,6.1NRT,297.48,12.53,D
38.61318,-0.59134,305.02,1.88,1.34,2026-09-19,934,T,32,6.1NRT,290.02,12.52,D
-3.12176,112.66595,325.1,1.0,1.0,2026-09-19,811,A,31,6.1NRT,300.25,12.52,D
-8.55241,31.51731,319.19,1.01,1.0,2026-09-19,629,T,71,6.1NRT,293.36,12.52,D
27.64696,22.50569,310.5,1.13,1.06,2026-09-19,219,A,80,6.1NRT,293.09,12.52,N
0.50336,116.6659,313.86,1.61,1.25,2026-09-19,811,A,63,6.1NRT,296.05,12.52,D
6.78225,33.63379,318.86,1.32,1.14,2026-09-19,1308,A,71,6.1NRT,299.82,12.51,D
-4.48518,-55.49703,307.94,1.62,1.25,2026-09-19,41,T,73,6.1NRT,293.1,12.51,N
-18.82964,48.15971,309.51,1.84,1.33,2026-09-19,1301,A,50,6.1NRT,296.47,12.5,D
-12.42884,28.53143,317.55,1.07,1.03,2026-09-19,631,T,73,6.1NRT,295.66,12.5,D
-13.88286,136.4763,315.97,1.34,1.15,2026-09-19,629,A,66,6.1NRT,298.59,12.5,D
-3.02946,114.03917,324.8,1.03,1.02,2026-09-19,811,A,30,6.1NRT,302.37,12.5,D
-0.45053,111.15885,318.93,1.05,1.02,2026-09-19,811,A,73,6.1NRT,295.58,12.49,D
1.86811,34.25895,318.47,1.42,1.18,2026-09-19,1308,A,63,6.1NRT,299.89,12.49,D
46.38889,114.0003,308.74,1.25,1.11,2026-09-19,120,T,68,6.1NRT,288.69,12.49,D
33.73257,44.68964,319.88,1.38,1.16,2026-09-19,618,T,60,6.1NRT,305.9,12.48,D
-12.92366,135.23451,314.91,1.59,1.24,2026-09-19,629,A,61,6.1NRT,299.47,12.48,D
-18.12658,23.23906,311.32,1.86,1.33,2026-09-19,633,T,60,6.1NRT,297.41,12.48,D
-20.59819,116.77605,323.35,1.0,1.0,2026-09-19,807,A,66,6.1NRT,306.47,12.47,D
-18.89939,27.54086,320.29,1.03,1.02,2026-09-19,633,T,65,6.1NRT,297.39,12.47,D
-9.09456,38.27639,319.32,1.13,1.06,2026-09-19,1304,A,67,6.1NRT,299.31,12.47,D
-3.38927,31.34507,323.93,1.01,1.01,2026-09-19,629,T,77,6.1NRT,299.6,12.47,D
35.68279,43.88879,322.16,1.17,1.08,2026-09-19,618,T,66,6.1NRT,304.65,12.46,D
-23.50945,46.01653,322.96,1.13,1.06,2026-09-19,1301,A,74,6.1NRT,307.81,12.46,D
-18.41511,137.89789,323.03,1.26,1.11,2026-09-19,629,A,67,6.1NRT,308.82,12.46,D
-11.25006,39.98508,320.55,1.02,1.01,2026-09-19,1304,A,73,6.1NRT,298.04,12.45,D
-9.29763,-48.20277,313.9,1.74,1.29,2026-09-19,1128,T,57,6.1NRT,300.97,12.45,D
-8.17628,36.2738,315.21,1.45,1.19,2026-09-19,1304,A,66,6.1NRT,298.65,12.44,D
-17.93577,45.76072,317.21,1.31,1.13,2026-09-19,1301,A,47,6.1NRT,301.46,12.44,D
62.99054,87.92043,309.96,1.05,1.03,2026-09-19,828,A,69,6.1NRT,286.09,12.44,D
65.33342,80.99368,306.97,1.28,1.12,2026-09-19,830,A,0,6.1NRT,285.66,12.44,D
-14.4421,135.28549,315.38,1.66,1.27,2026-09-19,629,A,48,6.1NRT,299.16,12.43,D
-14.69026,39.05989,318.35,1.18,1.08,2026-09-19,1304,A,62,6.1NRT,296.79,12.42,D
-2.33227,116.1263,317.92,1.33,1.14,2026-09-19,811,A,67,6.1NRT,299.23,12.42,D
-1.09272,110.62305,319.35,1.11,1.05,2026-09-19,811,A,73,6.1NRT,297.33,12.4,D
-2.90317,112.83498,322.21,1.0,1.0,2026-09-19,811,A,76,6.1NRT,298.24,12.39,D
-3.25122,112.59264,320.02,1.0,1.0,2026-09-19,811,A,71,6.1NRT,297.4,12.38,D
-2.16487,110.3736,320.42,1.17,1.08,2026-09-19,811,A,71,6.1NRT,297.17,12.38,D
-6.42845,-55.56663,307.35,1.49,1.21,2026-09-19,41,T,71,6.1NRT,286.9,12.38,N
5.80371,36.15843,323.45,1.03,1.01,2026-09-19,1308,A,39,6.1NRT,298.24,12.37,D
-15.29355,24.30046,310.36,1.75,1.3,2026-09-19,631,T,59,6.1NRT,296.41,12.36,D
-16.51342,39.33585,319.89,1.2,1.09,2026-09-19,1304,A,72,6.1NRT,299.07,12.36,D
-16.89738,135.9604,304.27,1.98,1.37,2026-09-19,1208,T,30,6.1NRT,292.42,12.35,N
25.23331,118.03428,310.03,1.85,1.33,2026-09-19,124,T,35,6.1NRT,295.75,12.35,D
-6.44325,-59.97665,317.3,1.0,1.0,2026-09-19,41,T,91,6.1NRT,294.7,12.34,N
-5.65156,-43.37918,323.51,1.03,1.01,2026-09-19,1125,T,57,6.1NRT,301.78,12.34,D
-9.79066,-45.05363,319.63,1.09,1.04,2026-09-19,1128,T,70,6.1NRT,301.13,12.33,D
-9.99424,29.80294,320.85,1.02,1.01,2026-09-19,631,T,75,6.1NRT,298.92,12.33,D
-3.07976,105.30049,312.61,1.25,1.11,2026-09-19,1353,T,83,6.1NRT,293.84,12.33,N
-2.9513,113.13216,321.6,1.0,1.0,2026-09-19,811,A,55,6.1NRT,300.39,12.31,D
42.0055,25.82257,319.82,1.07,1.03,2026-09-19,1318,A,76,6.1NRT,299.19,12.31,D
-7.90073,29.99813,319.38,1.03,1.02,2026-09-19,629,T,76,6.1NRT,296.68,12.31,D
-32.34,147.55389,313.81,1.19,1.08,2026-09-19,625,A,70,6.1NRT,298.77,12.31,D
-17.77524,47.70336,313.99,1.79,1.31,2026-09-19,1301,A,36,6.1NRT,300.14,12.31,D
-1.51959,116.07887,314.44,1.36,1.15,2026-09-19,811,A,63,6.1NRT,295.82,12.3,D
3.21243,33.76015,323.12,1.0,1.0,2026-09-19,627,T,77,6.1NRT,301.52,12.3,D
10.26148,32.2216,318.07,1.46,1.19,2026-09-19,1310,A,22,6.1NRT,301.05,12.29,D
-10.96387,32.9654,321.62,1.18,1.08,2026-09-19,631,T,75,6.1NRT,302.31,12.29,D
-13.38486,39.17517,320.61,1.13,1.06,2026-09-19,1304,A,54,6.1NRT,296.29,12.29,D
-1.58505,-54.4254,313.88,1.05,1.02,2026-09-19,722,A,88,6.1NRT,293.96,12.29,N
-13.5503,23.48713,307.15,2.18,1.43,2026-09-19,631,T,51,6.1NRT,294.34,12.28,D
46.06149,121.91029,313.56,1.2,1.09,2026-09-19,120,T,74,6.1NRT,289.25,12.28,D
-11.25716,28.23264,316.99,1.13,1.06,2026-09-19,631,T,71,6.1NRT,296.32,12.28,D
31.77025,46.04615,309.66,1.45,1.19,2026-09-19,39,A,63,6.1NRT,295.44,12.27,N
-17.33444,37.63191,313.76,1.58,1.24,2026-09-19,1301,A,55,6.1NRT,299.43,12.27,D
-12.36639,134.66559,314.24,1.72,1.29,2026-09-19,629,A,55,6.1NRT,297.93,12.26,D
-17.59179,46.89277,317.1,1.57,1.24,2026-09-19,1301,A,62,6.1NRT,302.66,12.26,D
-3.07607,113.92442,326.98,1.03,1.01,2026-09-19,811,A,48,6.1NRT,300.8,12.25,D
-5.70546,34.60862,316.02,1.77,1.3,2026-09-19,1306,A,48,6.1NRT,302.49,12.25,D
26.05288,-98.20554,305.89,2.17,1.43,2026-09-19,228,T,66,6.1NRT,291.36,12.21,N
-17.82859,26.46157,318.39,1.16,1.07,2026-09-19,633,T,71,6.1NRT,300.82,12.2,D
-1.57238,112.63447,321.04,1.0,1.0,2026-09-19,811,A,75,6.1NRT,297.51,12.19,D
-13.73454,-48.80132,313.81,1.61,1.25,2026-09-19,1130,T,57,6.1NRT,301.42,12.19,D
-0.85192,117.16943,313.71,1.67,1.27,2026-09-19,811,A,57,6.1NRT,296.69,12.19,D
-10.51114,31.34612,319.45,1.02,1.01,2026-09-19,631,T,73,6.1NRT,296.87,12.19,D
6.68168,81.23132,317.38,1.14,1.06,2026-09-19,308,T,72,6.1NRT,290.13,12.18,D
-21.78102,45.82265,322.31,1.16,1.07,2026-09-19,1301,A,72,6.1NRT,306.4,12.18,D
-9.7085,30.3022,320.04,1.0,1.0,2026-09-19,631,T,74,6.1NRT,297.12,12.17,D
59.81065,109.42265,305.5,1.01,1.0,2026-09-19,1229,T,65,6.1NRT,271.73,12.15,N
-12.11345,141.86584,316.47,1.15,1.07,2026-09-19,629,A,70,6.1NRT,293.69,12.15,D
19.67386,102.3971,308.45,1.83,1.32,2026-09-19,818,A,65,6.1NRT,292.06,12.15,D
-20.22615,15.20702,309.16,1.04,1.02,2026-09-19,232,A,77,6.1NRT,282.39,12.15,N
-2.63883,112.80359,321.2,1.0,1.0,2026-09-19,811,A,74,6.1NRT,298.15,12.15,D
-5.23933,34.33074,316.13,1.83,1.32,2026-09-19,1306,A,37,6.1NRT,301.12,12.13,D
-7.04629,-42.08923,322.07,1.01,1.01,2026-09-19,1128,T,71,6.1NRT,304.56,12.13,D
-7.55725,-61.32325,307.95,1.55,1.23,2026-09-19,724,A,73,6.1NRT,293.78,12.13,N
-15.65653,28.89683,319.78,1.01,1.0,2026-09-19,631,T,59,6.1NRT,296.11,12.13,D
-13.94736,39.56501,319.89,1.1,1.05,2026-09-19,1304,A,45,6.1NRT,298.44,12.12,D
27.33201,118.7509,309.68,1.88,1.34,2026-09-19,124,T,45,6.1NRT,294.04,12.12,D
-2.95976,114.01958,321.87,1.03,1.02,2026-09-19,811,A,55,6.1NRT,298.54,12.11,D
-2.8889,111.28994,320.02,1.08,1.04,2026-09-19,811,A,52,6.1NRT,297.16,12.11,D
-12.17164,134.75005,313.6,1.68,1.27,2026-09-19,629,A,50,6.1NRT,296.14,12.11,D
17.90788,-93.51879,300.36,2.46,1.51,2026-09-19,1034,A,26,6.1NRT,288.25,12.1,N
57.55767,105.9321,302.69,1.42,1.18,2026-09-19,256,T,39,6.1NRT,279.63,12.1,D
18.43653,-93.16418,311.54,1.35,1.15,2026-09-19,226,T,82,6.1NRT,293.82,12.09,N
52.55854,39.56659,300.65,1.41,1.17,2026-09-19,211,A,31,6.1NRT,282.2,12.08,N
34.22565,-4.88814,317.62,1.31,1.13,2026-09-19,937,T,67,6.1NRT,301.25,12.08,D
-2.81565,110.40629,320.76,1.19,1.08,2026-09-19,811,A,35,6.1NRT,297.52,12.08,D
-8.78877,32.14684,320.02,1.05,1.02,2026-09-19,629,T,73,6.1NRT,298.38,12.07,D
-14.01835,130.0619,313.96,1.01,1.01,2026-09-19,1208,T,73,6.1NRT,293.32,12.07,N
-17.49364,37.451,311.93,1.64,1.26,2026-09-19,1301,A,39,6.1NRT,298.1,12.07,D
0.50086,117.20947,312.97,1.77,1.3,2026-09-19,811,A,45,6.1NRT,294.6,12.07,D
-17.58246,47.54785,315.44,1.76,1.3,2026-09-19,1301,A,54,6.1NRT,300.98,12.07,D
48.92754,-121.03407,309.31,1.04,1.02,2026-09-19,414,T,77,6.1NRT,284.2,12.07,N
35.32164,-93.40987,317.53,1.0,1.0,2026-09-19,232,T,95,6.1NRT,299.36,12.06,N
62.45432,86.47324,308.59,1.14,1.07,2026-09-19,828,A,67,6.1NRT,286.69,12.05,D
-3.22879,112.56252,322.21,1.01,1.0,2026-09-19,811,A,49,6.1NRT,299.26,12.05,D
-23.60857,134.49562,309.13,1.22,1.1,2026-09-19,1206,T,76,6.1NRT,292.81,12.05,N
8.36097,34.41124,318.47,1.14,1.06,2026-09-19,1310,A,75,6.1NRT,297.85,12.05,D
-5.12833,36.04293,318.73,1.36,1.15,2026-09-19,1306,A,61,6.1NRT,301.25,12.04,D
-3.18623,113.80112,327.26,1.02,1.01,2026-09-19,811,A,51,6.1NRT,302.25,12.04,D
-13.02555,38.90018,321.57,1.16,1.07,2026-09-19,1304,A,64,6.1NRT,299.9,12.04,D
-2.35491,112.22008,322.25,1.01,1.0,2026-09-19,811,A,51,6.1NRT,290.99,12.03,D
-13.35176,24.02112,308.7,2.0,1.38,2026-09-19,631,T,33,6.1NRT,295.44,12.03,D
-20.43059,44.76513,323.98,1.08,1.04,2026-09-19,1301,A,72,6.1NRT,306.16,12.02,D
-6.12716,29.91771,314.32,1.07,1.03,2026-09-19,629,T,69,6.1NRT,285.56,12.02,D
-13.68298,26.47339,313.67,1.31,1.14,2026-09-19,631,T,65,6.1NRT,297.01,12.01,D
-13.29804,39.26868,320.81,1.12,1.05,2026-09-19,1304,A,66,6.1NRT,298.85,12.01,D
-21.70673,44.88744,325.54,1.07,1.03,2026-09-19,1301,A,46,6.1NRT,308.1,12.01,D
-15.44594,29.09043,318.41,1.0,1.0,2026-09-19,631,T,72,6.1NRT,295.62,12.0,D
48.36851,42.67509,317.96,1.07,1.03,2026-09-19,614,T,74,6.1NRT,296.92,12.0,D
-14.10366,130.37851,315.77,1.03,1.01,2026-09-19,1208,T,92,6.1NRT,293.46,12.0,N
-6.2612,35.16364,318.11,1.64,1.26,2026-09-19,1306,A,47,6.1NRT,305.25,12.0,D
-2.97168,113.62469,321.43,1.01,1.01,2026-09-19,811,A,53,6.1NRT,298.84,12.0,D
-14.06156,136.43898,315.44,1.36,1.15,2026-09-19,629,A,56,6.1NRT,298.12,12.0,D
-6.44634,-58.14629,314.36,1.07,1.03,2026-09-19,41,T,89,6.1NRT,287.83,11.99,N
47.97459,16.88012,309.99,2.0,1.38,2026-09-19,1321,A,67,6.1NRT,297.63,11.98,D
-12.42741,28.52186,317.14,1.07,1.03,2026-09-19,631,T,73,6.1NRT,295.6,11.98,D
6.01814,-58.26185,309.02,1.47,1.2,2026-09-19,43,T,76,6.1NRT,293.64,11.97,N
-15.47434,28.59182,318.73,1.02,1.01,2026-09-19,631,T,72,6.1NRT,297.76,11.95,D
-0.56617,111.44555,319.18,1.03,1.01,2026-09-19,811,A,73,6.1NRT,298.04,11.94,D
-3.84801,138.80212,314.23,1.03,1.01,2026-09-19,631,A,74,6.1NRT,284.82,11.94,D
-17.37321,26.5041,316.33,1.17,1.08,2026-09-19,633,T,68,6.1NRT,297.27,11.94,D
-11.73975,39.91208,319.72,1.03,1.01,2026-09-19,1304,A,69,6.1NRT,299.39,11.94,D
-3.3343,112.47718,322.36,1.01,1.0,2026-09-19,811,A,31,6.1NRT,301.03,11.94,D
-9.8991,29.9703,321.31,1.01,1.01,2026-09-19,631,T,66,6.1NRT,296.4,11.94,D
66.65755,80.45747,306.8,1.2,1.09,2026-09-19,830,A,64,6.1NRT,283.49,11.94,D
-11.33573,142.14594,312.53,1.21,1.09,2026-09-19,629,A,43,6.1NRT,279.88,11.93,D
-31.90218,-65.92782,304.45,2.11,1.41,2026-09-19,1312,T,47,6.1NRT,292.13,11.93,D
4.59175,-61.52937,314.27,1.35,1.15,2026-09-19,1301,T,51,6.1NRT,297.02,11.92,D
-3.19703,112.33691,320.09,1.01,1.01,2026-09-19,811,A,71,6.1NRT,298.3,11.92,D
-2.18234,115.89277,316.53,1.29,1.13,2026-09-19,811,A,65,6.1NRT,296.84,11.92,D
-3.16819,115.67092,318.27,1.21,1.1,2026-09-19,809,A,63,6.1NRT,297.51,11.92,D
-2.91493,114.44193,320.18,1.07,1.03,2026-09-19,811,A,71,6.1NRT,299.8,11.91,D
-18.98102,138.63716,322.42,1.17,1.07,2026-09-19,629,A,65,6.1NRT,308.75,11.91,D
66.97987,80.8234,308.47,1.0,1.0,2026-09-19,432,T,67,6.1NRT,280.36,11.91,D
-0.45185,111.14984,317.88,1.05,1.02,2026-09-19,811,A,72,6.1NRT,293.67,11.91,D
-3.22019,113.81527,328.67,1.02,1.01,2026-09-19,811,A,60,6.1NRT,303.04,11.9,D
24.92953,118.30657,308.35,1.96,1.37,2026-09-19,124,T,59,6.1NRT,295.57,11.9,D
-13.60474,37.25232,313.97,1.48,1.2,2026-09-19,1304,A,46,6.1NRT,294.6,11.89,D
-10.87499,-54.09932,307.32,1.62,1.25,2026-09-19,39,T,61,6.1NRT,293.78,11.89,N
-11.96079,142.59529,312.65,1.26,1.12,2026-09-19,629,A,56,6.1NRT,284.48,11.89,D
-1.72208,110.67996,317.61,1.12,1.05,2026-09-19,811,A,69,6.1NRT,294.87,11.89,D
-10.54145,-46.74004,317.94,1.31,1.13,2026-09-19,1128,T,57,6.1NRT,301.83,11.89,D
-16.80904,37.69845,313.95,1.54,1.22,2026-09-19,1301,A,53,6.1NRT,297.73,11.88,D
-11.02331,28.26573,317.88,1.13,1.06,2026-09-19,631,T,71,6.1NRT,296.39,11.88,D
-6.10795,105.42784,319.06,1.0,1.0,2026-09-19,134,T,66,6.1NRT,298.21,11.88,D
-12.51292,32.17398,320.73,1.12,1.05,2026-09-19,631,T,75,6.1NRT,300.73,11.88,D
-3.00946,113.30779,319.59,1.0,1.0,2026-09-19,811,A,71,6.1NRT,298.48,11.88,D
-14.21828,24.85291,311.13,1.67,1.27,2026-09-19,631,T,61,6.1NRT,296.62,11.87,D
-14.30487,29.30476,319.82,1.0,1.0,2026-09-19,631,T,73,6.1NRT,298.53,11.87,D
29.94127,30.86144,325.51,1.01,1.0,2026-09-19,1314,A,70,6.1NRT,306.94,11.87,D
-7.37507,-44.73038,320.41,1.11,1.05,2026-09-19,1128,T,69,6.1NRT,304.42,11.87,D
-2.16636,110.36343,319.95,1.17,1.08,2026-09-19,811,A,71,6.1NRT,297.68,11.85,D
35.3868,44.21971,320.06,1.22,1.1,2026-09-19,618,T,63,6.1NRT,306.04,11.85,D
-7.92776,111.60656,320.02,1.17,1.08,2026-09-19,809,A,74,6.1NRT,298.51,11.85,D
-15.61429,134.41414,307.49,1.61,1.25,2026-09-19,1208,T,50,6.1NRT,293.08,11.85,N
-1.57366,112.62578,320.54,1.0,1.0,2026-09-19,811,A,74,6.1NRT,297.6,11.85,D
-7.94082,137.9986,317.15,1.01,1.01,2026-09-19,631,A,75,6.1NRT,285.05,11.84,D
-15.69488,25.69855,313.66,1.37,1.16,2026-09-19,631,T,65,6.1NRT,297.15,11.83,D
-14.25606,24.09469,308.28,1.9,1.35,2026-09-19,631,T,54,6.1NRT,295.47,11.82,D
-21.03784,44.31287,323.31,1.04,1.02,2026-09-19,1301,A,72,6.1NRT,305.67,11.81,D
23.64095,111.01012,317.81,1.01,1.01,2026-09-19,126,T,73,6.1NRT,295.65,11.81,D
-16.82502,136.68062,319.82,1.43,1.18,2026-09-19,629,A,26,6.1NRT,305.58,11.8,D
-14.29701,24.22037,310.59,1.85,1.33,2026-09-19,631,T,26,6.1NRT,296.19,11.8,D
-11.67886,-54.45575,306.86,1.48,1.2,2026-09-19,39,T,69,6.1NRT,293.87,11.79,N
-0.53957,112.11549,322.17,1.0,1.0,2026-09-19,811,A,27,6.1NRT,297.7,11.79,D
30.0533,118.56515,312.42,1.6,1.25,2026-09-19,124,T,45,6.1NRT,294.1,11.79,D
26.49318,117.74598,310.04,1.67,1.27,2026-09-19,124,T,55,6.1NRT,292.3,11.79,D
-7.10994,34.08211,318.59,1.24,1.1,2026-09-19,629,T,55,6.1NRT,298.36,11.79,D
-0.84366,110.49954,320.48,1.12,1.05,2026-09-19,811,A,73,6.1NRT,298.42,11.78,D
-14.53389,132.27744,311.38,1.21,1.1,2026-09-19,1208,T,48,6.1NRT,291.62,11.78,N
-3.11987,113.30305,322.46,1.0,1.0,2026-09-19,811,A,0,6.1NRT,298.96,11.77,D
-4.02871,136.06003,314.79,1.09,1.04,2026-09-19,631,A,62,6.1NRT,290.91,11.76,D
-1.70644,110.15005,319.75,1.19,1.08,2026-09-19,811,A,38,6.1NRT,293.66,11.76,D
-3.18261,112.51099,321.48,1.01,1.0,2026-09-19,811,A,55,6.1NRT,298.03,11.76,D
-5.14158,34.61133,315.93,1.73,1.29,2026-09-19,1306,A,38,6.1NRT,302.4,11.75,D
28.90993,20.95513,306.46,1.41,1.18,2026-09-19,219,A,68,6.1NRT,292.72,11.75,N
-11.82905,-47.63632,317.73,1.43,1.18,2026-09-19,1128,T,66,6.1NRT,302.42,11.74,D
-11.47678,32.6055,319.11,1.15,1.07,2026-09-19,631,T,73,6.1NRT,300.57,11.74,D
-2.87488,114.2794,322.69,1.05,1.03,2026-09-19,811,A,47,6.1NRT,299.89,11.74,D
27.58866,117.98204,310.59,1.65,1.26,2026-09-19,124,T,62,6.1NRT,294.1,11.74,D
23.92524,76.70633,311.75,1.79,1.31,2026-09-19,956,A,28,6.1NRT,294.91,11.73,D
44.7812,22.36207,313.64,1.3,1.13,2026-09-19,1318,A,60,6.1NRT,296.78,11.73,D
67.19325,81.98779,308.62,1.0,1.0,2026-09-19,432,T,67,6.1NRT,281.96,11.73,D
-13.03071,38.93237,321.46,1.15,1.07,2026-09-19,1304,A,68,6.1NRT,301.47,11.73,D
-17.23984,37.56968,313.92,1.59,1.24,2026-09-19,1301,A,54,6.1NRT,299.72,11.72,D
-6.49543,37.4297,319.16,1.17,1.07,2026-09-19,1304,A,70,6.1NRT,301.55,11.72,D
-11.30768,31.57744,316.73,1.04,1.02,2026-09-19,631,T,69,6.1NRT,296.09,11.72,D
-1.86436,113.36842,322.5,1.01,1.01,2026-09-19,811,A,51,6.1NRT,301.0,11.7,D
-22.231,43.82302,323.6,1.0,1.0,2026-09-19,1301,A,74,6.1NRT,305.39,11.7,D
39.43721,118.45665,311.18,1.03,1.01,2026-09-19,1223,T,82,6.1NRT,290.49,11.7,N
-3.19889,115.46227,315.88,1.18,1.08,2026-09-19,809,A,61,6.1NRT,290.81,11.7,D
-9.36299,-48.29878,312.49,1.76,1.3,2026-09-19,1128,T,50,6.1NRT,300.78,11.7,D
-16.33251,29.1709,319.9,1.0,1.0,2026-09-19,631,T,74,6.1NRT,299.35,11.69,D
-17.80999,47.95409,310.31,1.86,1.33,2026-09-19,1301,A,21,6.1NRT,296.91,11.69,D
-18.5572,45.85754,317.77,1.29,1.13,2026-09-19,1301,A,64,6.1NRT,301.77,11.68,D
-3.21006,113.82282,327.63,1.02,1.01,2026-09-19,811,A,35,6.1NRT,302.4,11.68,D
-7.47134,36.41348,319.27,1.39,1.17,2026-09-19,1304,A,53,6.1NRT,304.97,11.68,D
65.48108,82.93839,308.81,1.15,1.07,2026-09-19,830,A,48,6.1NRT,285.64,11.68,D
-1.54028,115.86957,317.55,1.31,1.14,2026-09-19,811,A,69,6.1NRT,297.46,11.68,D
-4.87439,37.14945,319.93,1.16,1.07,2026-09-19,1306,A,66,6.1NRT,301.31,11.68,D
-17.01707,38.77602,313.54,1.31,1.14,2026-09-19,1301,A,58,6.1NRT,297.66,11.67,D
9.65345,-63.54213,315.95,1.01,1.0,2026-09-19,48,T,92,6.1NRT,293.49,11.67,N
-5.49951,-38.73605,319.73,1.39,1.17,2026-09-19,1125,T,67,6.1NRT,305.04,11.67,D
-16.21583,37.03629,315.29,1.68,1.27,2026-09-19,1304,A,40,6.1NRT,299.55,11.66,D
-2.81518,110.78316,318.64,1.13,1.06,2026-09-19,811,A,61,6.1NRT,297.38,11.65,D
42.2125,123.45688,307.48,1.7,1.28,2026-09-19,120,T,64,6.1NRT,293.87,11.65,D
-8.66387,-45.44252,320.44,1.16,1.07,2026-09-19,1128,T,70,6.1NRT,303.76,11.65,D
-3.05143,114.45943,321.29,1.07,1.03,2026-09-19,811,A,72,6.1NRT,300.48,11.64,D
-3.17821,114.91574,323.26,1.11,1.05,2026-09-19,809,A,67,6.1NRT,303.01,11.63,D
-1.51553,111.9698,318.2,1.01,1.01,2026-09-19,811,A,71,6.1NRT,290.47,11.63,D
35.02379,43.49804,323.31,1.15,1.07,2026-09-19,618,T,69,6.1NRT,305.56,11.62,D
43.3893,-0.58588,310.67,1.46,1.19,2026-09-19,934,T,69,6.1NRT,292.39,11.62,D
-16.4689,24.84141,311.75,1.53,1.22,2026-09-19,633,T,60,6.1NRT,297.89,11.62,D
-3.06274,114.01395,321.3,1.03,1.02,2026-09-19,811,A,67,6.1NRT,299.51,11.62,D
63.18132,88.11669,311.49,1.04,1.02,2026-09-19,828,A,57,6.1NRT,287.55,11.61,D
-3.14218,-61.39671,310.34,1.81,1.32,2026-09-19,1304,T,58,6.1NRT,294.46,11.61,D
-0.9205,113.35892,316.81,1.02,1.01,2026-09-19,811,A,72,6.1NRT,291.92,11.6,D
-3.14839,114.67733,320.6,1.08,1.04,2026-09-19,811,A,69,6.1NRT,300.01,11.6,D
-2.02737,111.30858,321.29,1.06,1.03,2026-09-19,811,A,44,6.1NRT,294.56,11.59,D
-21.36113,45.88795,321.3,1.19,1.08,2026-09-19,1301,A,72,6.1NRT,305.55,11.59,D
-2.54326,110.74454,318.45,1.13,1.06,2026-09-19,811,A,70,6.1NRT,297.54,11.59,D
29.89937,118.45006,312.84,1.59,1.24,2026-09-19,124,T,48,6.1NRT,294.53,11.59,D
-13.93298,-41.43527,310.38,1.21,1.09,2026-09-19,1128,T,70,6.1NRT,288.21,11.59,D
25.17256,49.32351,314.61,1.0,1.0,2026-09-19,41,A,90,6.1NRT,296.19,11.59,N
-4.54028,-54.92949,305.04,1.79,1.31,2026-09-19,41,T,60,6.1NRT,287.16,11.58,N
-11.47561,-47.39783,315.61,1.4,1.17,2026-09-19,1128,T,61,6.1NRT,301.24,11.57,D
-15.53675,31.87271,316.13,1.16,1.07,2026-09-19,631,T,71,6.1NRT,293.48,11.57,D
-2.45394,35.26778,319.19,1.4,1.17,2026-09-19,1306,A,33,6.1NRT,303.78,11.55,D
30.86489,47.92051,311.37,1.13,1.06,2026-09-19,39,A,82,6.1NRT,296.76,11.55,N
-16.22049,28.27445,319.23,1.03,1.01,2026-09-19,631,T,72,6.1NRT,298.51,11.55,D
4.91784,32.79955,322.71,1.03,1.01,2026-09-19,627,T,64,6.1NRT,299.57,11.54,D
-12.55683,134.41313,305.13,1.82,1.32,2026-09-19,1210,T,63,6.1NRT,293.79,11.54,N
-18.80821,45.34207,321.46,1.2,1.09,2026-09-19,1301,A,70,6.1NRT,305.78,11.53,D
-11.06405,-47.95414,315.99,1.55,1.23,2026-09-19,1128,T,56,6.1NRT,303.57,11.53,D
-12.40051,24.66667,307.53,1.86,1.33,2026-09-19,631,T,56,6.1NRT,294.38,11.52,D
-24.28593,44.11516,323.65,1.0,1.0,2026-09-19,1259,A,70,6.1NRT,307.1,11.52,D
-8.16841,112.39458,321.06,1.08,1.04,2026-09-19,809,A,75,6.1NRT,301.94,11.52,D
-15.66578,-52.74708,308.26,1.68,1.27,2026-09-19,39,T,21,6.1NRT,296.22,11.52,N
60.47053,109.87226,303.76,1.39,1.17,2026-09-19,650,A,52,6.1NRT,283.66,11.51,D
-16.06719,45.79498,315.35,1.4,1.17,2026-09-19,1301,A,56,6.1NRT,300.55,11.5,D
-10.29213,38.28204,320.41,1.16,1.07,2026-09-19,1304,A,52,6.1NRT,301.24,11.5,D
-9.69089,-54.34024,307.84,1.62,1.25,2026-09-19,39,T,73,6.1NRT,296.35,11.5,N
-9.17401,32.73387,320.52,1.11,1.05,2026-09-19,629,T,75,6.1NRT,299.65,11.49,D
-9.30719,39.55941,319.89,1.02,1.01,2026-09-19,1304,A,68,6.1NRT,301.09,11.49,D
-8.81433,118.59367,313.78,1.56,1.23,2026-09-19,809,A,57,6.1NRT,298.09,11.49,D
-12.66572,24.87392,308.46,1.77,1.3,2026-09-19,631,T,39,6.1NRT,293.87,11.49,D
-11.67685,-54.44268,306.56,1.48,1.2,2026-09-19,39,T,68,6.1NRT,294.16,11.48,N
10.37805,108.3587,316.86,1.01,1.0,2026-09-19,128,T,67,6.1NRT,289.35,11.48,D
-17.93682,47.9699,310.71,1.86,1.33,2026-09-19,1301,A,40,6.1NRT,298.44,11.48,D
-17.1508,37.35088,312.93,1.65,1.26,2026-09-19,1301,A,52,6.1NRT,297.88,11.48,D
-10.28833,39.224,319.95,1.06,1.03,2026-09-19,1304,A,70,6.1NRT,300.57,11.48,D
-11.41201,-47.2812,318.68,1.38,1.16,2026-09-19,1128,T,68,6.1NRT,304.06,11.48,D
-1.89183,115.85483,318.46,1.29,1.13,2026-09-19,811,A,40,6.1NRT,297.73,11.48,D
-0.0278,37.98919,326.58,1.01,1.0,2026-09-19,1306,A,77,6.1NRT,308.41,11.47,D
65.75473,86.95564,309.81,1.01,1.01,2026-09-19,830,A,69,6.1NRT,286.4,11.47,D
-17.85569,29.64272,317.74,1.01,1.01,2026-09-19,633,T,71,6.1NRT,297.73,11.47,D
5.81551,36.17356,321.01,1.15,1.07,2026-09-19,627,T,69,6.1NRT,299.7,11.47,D
-12.29761,28.45889,316.69,1.08,1.04,2026-09-19,631,T,72,6.1NRT,297.0,11.47,D
23.43733,101.74344,307.29,1.71,1.28,2026-09-19,820,A,44,6.1NRT,291.73,11.46,D
-8.27477,-62.73222,300.42,1.93,1.36,2026-09-19,724,A,27,6.1NRT,284.8,11.46,N
-2.98445,114.28281,319.52,1.05,1.02,2026-09-19,811,A,70,6.1NRT,298.73,11.46,D
-20.27705,45.98624,320.78,1.24,1.11,2026-09-19,1301,A,70,6.1NRT,304.72,11.45,D
-27.99984,145.03877,322.08,1.06,1.03,2026-09-19,625,A,70,6.1NRT,307.02,11.45,D
-2.76123,110.31373,320.28,1.2,1.09,2026-09-19,811,A,68,6.1NRT,299.25,11.45,D
-15.10662,39.13357,319.71,1.18,1.08,2026-09-19,1304,A,48,6.1NRT,302.48,11.45,D
-18.40072,146.30388,304.63,1.76,1.3,2026-09-19,627,A,24,6.1NRT,287.92,11.44,D
-3.69468,114.67173,318.32,1.07,1.03,2026-09-19,809,A,71,6.1NRT,295.76,11.43,D
-1.82563,103.91678,310.54,1.09,1.04,2026-09-19,1353,T,80,6.1NRT,288.65,11.42,N
-19.25769,44.57834,319.69,1.09,1.04,2026-09-19,1301,A,67,6.1NRT,300.85,11.42,D
27.97531,118.53874,310.15,1.76,1.3,2026-09-19,124,T,49,6.1NRT,294.04,11.41,D
47.28392,1.68659,307.31,1.53,1.22,2026-09-19,932,T,55,6.1NRT,290.27,11.41,D
-14.19164,24.33624,309.64,1.82,1.32,2026-09-19,631,T,57,6.1NRT,296.41,11.41,D
-15.08292,29.64863,320.49,1.0,1.0,2026-09-19,631,T,74,6.1NRT,298.24,11.41,D
-1.24778,110.39338,319.91,1.14,1.06,2026-09-19,811,A,43,6.1NRT,297.52,11.41,D
-3.40815,112.03558,320.76,1.03,1.01,2026-09-19,811,A,73,6.1NRT,298.59,11.4,D
60.43807,96.23616,303.92,1.11,1.05,2026-09-19,253,T,57,6.1NRT,277.66,11.4,D
-1.23582,109.44125,315.03,1.29,1.13,2026-09-19,811,A,26,6.1NRT,291.38,11.39,D
-15.64502,28.87983,319.2,1.01,1.0,2026-09-19,631,T,39,6.1NRT,295.71,11.39,D
-2.31361,111.05344,319.03,1.09,1.04,2026-09-19,811,A,70,6.1NRT,297.77,11.39,D
-10.98687,38.27738,319.94,1.18,1.08,2026-09-19,1304,A,63,6.1NRT,296.83,11.39,D
-18.36208,44.9684,322.05,1.16,1.07,2026-09-19,1301,A,72,6.1NRT,305.97,11.39,D
45.6292,21.48498,314.92,1.36,1.16,2026-09-19,1318,A,59,6.1NRT,300.4,11.38,D
-20.18285,45.73537,323.25,1.21,1.09,2026-09-19,1301,A,73,6.1NRT,308.2,11.38,D
-3.33277,-59.82309,313.79,1.01,1.0,2026-09-19,41,T,86,6.1NRT,285.81,11.38,N
-13.10697,141.90051,319.13,1.12,1.06,2026-09-19,629,A,74,6.1NRT,300.17,11.36,D
23.65358,116.81261,310.98,1.63,1.26,2026-09-19,124,T,60,6.1NRT,297.52,11.36,D
-4.72184,37.10017,318.52,1.16,1.07,2026-09-19,1306,A,67,6.1NRT,300.6,11.36,D
-17.50359,24.95109,314.39,1.44,1.19,2026-09-19,633,T,56,6.1NRT,297.24,11.35,D
26.90993,116.77814,311.13,1.42,1.18,2026-09-19,124,T,65,6.1NRT,292.75,11.35,D
-12.64538,24.89387,307.54,1.77,1.3,2026-09-19,631,T,42,6.1NRT,293.87,11.35,D
-14.18004,24.33824,309.75,1.82,1.32,2026-09-19,631,T,58,6.1NRT,296.86,11.35,D
28.49335,49.70937,320.15,1.0,1.0,2026-09-19,39,A,100,6.1NRT,304.79,11.35,N
-7.02802,-44.64451,319.69,1.11,1.05,2026-09-19,1128,T,68,6.1NRT,301.75,11.34,D
-4.65143,37.08468,317.72,1.16,1.07,2026-09-19,1306,A,64,6.1NRT,301.07,11.34,D
27.91768,118.53767,310.85,1.77,1.3,2026-09-19,124,T,38,6.1NRT,293.78,11.33,D
3.67811,-61.87178,314.14,1.0,1.0,2026-09-19,43,T,89,6.1NRT,294.25,11.32,N
-12.99668,132.12985,310.02,1.25,1.11,2026-09-19,1210,T,56,6.1NRT,294.61,11.32,N
-20.25604,47.08068,311.28,1.45,1.19,2026-09-19,1301,A,49,6.1NRT,294.67,11.32,D
5.64615,104.97634,313.31,1.24,1.11,2026-09-19,132,T,58,6.1NRT,290.99,11.31,D
-5.29986,35.50396,317.2,1.49,1.21,2026-09-19,1306,A,56,6.1NRT,302.29,11.3,D
-2.20939,110.16676,315.96,1.46,1.2,2026-09-19,132,T,32,6.1NRT,296.22,11.29,D
-1.73596,116.203,314.56,1.37,1.16,2026-09-19,811,A,61,6.1NRT,296.65,11.29,D
-6.15514,-62.62722,310.68,1.62,1.25,2026-09-19,1304,T,62,6.1NRT,294.98,11.29,D
26.52456,118.28175,309.33,1.81,1.32,2026-09-19,124,T,62,6.1NRT,293.97,11.29,D
-1.89634,113.51743,322.03,1.02,1.01,2026-09-19,811,A,35,6.1NRT,299.64,11.28,D
-13.65323,38.24665,318.41,1.28,1.12,2026-09-19,1304,A,58,6.1NRT,301.41,11.28,D
-23.60718,45.1637,324.28,1.05,1.02,2026-09-19,1301,A,73,6.1NRT,309.96,11.28,D
-23.93036,46.43971,308.92,1.82,1.32,2026-09-19,457,T,60,6.1NRT,296.62,11.28,D
8.70753,-62.59012,316.17,1.0,1.0,2026-09-19,45,T,91,6.1NRT,293.6,11.28,N
-15.7103,-63.51204,303.79,1.96,1.37,2026-09-19,39,T,57,6.1NRT,285.83,11.27,N
7.40971,-62.07244,315.97,1.15,1.07,2026-09-19,1259,T,69,6.1NRT,296.15,11.27,D
-3.14456,-61.40218,313.72,1.03,1.02,2026-09-19,41,T,88,6.1NRT,290.09,11.27,N
-1.92887,115.94678,318.56,1.31,1.14,2026-09-19,811,A,57,6.1NRT,297.76,11.27,D
-3.10444,114.03853,322.92,1.03,1.02,2026-09-19,811,A,38,6.1NRT,303.55,11.27,D
-29.20687,152.5266,301.11,1.57,1.23,2026-09-19,1026,T,38,6.1NRT,290.26,11.26,N
-5.5301,-43.83888,318.76,1.06,1.03,2026-09-19,1125,T,67,6.1NRT,300.16,11.26,D
-0.6024,112.07776,318.93,1.0,1.0,2026-09-19,811,A,74,6.1NRT,296.89,11.26,D
-27.94737,152.39328,305.05,1.54,1.22,2026-09-19,1026,T,57,6.1NRT,293.74,11.25,N
-6.96148,29.62996,315.28,1.08,1.04,2026-09-19,629,T,72,6.1NRT,293.55,11.25,D
-13.73535,136.20558,314.68,1.39,1.17,2026-09-19,629,A,62,6.1NRT,297.47,11.25,D
26.28101,117.56359,310.19,1.64,1.26,2026-09-19,124,T,60,6.1NRT,294.41,11.25,D
-3.40294,114.76264,323.69,1.09,1.04,2026-09-19,809,A,52,6.1NRT,304.17,11.25,D
6.0187,34.59847,317.74,1.18,1.08,2026-09-19,1308,A,33,6.1NRT,295.8,11.24,D
-13.23384,-46.90133,318.32,1.23,1.1,2026-09-19,1128,T,69,6.1NRT,300.04,11.23,D
-15.54225,31.87628,315.49,1.16,1.07,2026-09-19,631,T,66,6.1NRT,294.26,11.23,D
-2.49943,112.88389,319.99,1.0,1.0,2026-09-19,811,A,72,6.1NRT,296.91,11.22,D
-2.92172,112.89105,324.85,1.0,1.0,2026-09-19,811,A,54,6.1NRT,301.88,11.21,D
46.40913,32.08186,314.72,1.47,1.2,2026-09-19,1318,A,44,6.1NRT,300.48,11.21,D
22.76456,115.02414,315.84,1.3,1.13,2026-09-19,126,T,25,6.1NRT,296.98,11.21,D
-11.24442,-54.10256,306.72,1.59,1.24,2026-09-19,39,T,66,6.1NRT,293.68,11.2,N
27.25345,116.87814,313.99,1.42,1.18,2026-09-19,124,T,42,6.1NRT,295.24,11.2,D
-2.88113,114.29908,321.53,1.06,1.03,2026-09-19,811,A,28,6.1NRT,299.77,11.2,D
-15.2865,40.21514,319.26,1.07,1.03,2026-09-19,1304,A,70,6.1NRT,299.05,11.2,D
-6.25027,32.64796,320.66,1.04,1.02,2026-09-19,629,T,74,6.1NRT,298.47,11.2,D
-5.73131,-43.27727,321.84,1.02,1.01,2026-09-19,1125,T,72,6.1NRT,303.56,11.19,D
-3.23956,114.62,320.72,1.08,1.04,2026-09-19,809,A,39,6.1NRT,299.74,11.19,D
-3.1092,114.50239,321.54,1.07,1.03,2026-09-19,811,A,56,6.1NRT,301.68,11.19,D
-12.91003,39.93126,321.51,1.05,1.02,2026-09-19,1304,A,70,6.1NRT,302.92,11.18,D
-31.39852,-68.42056,312.23,1.43,1.18,2026-09-19,1312,T,70,6.1NRT,299.08,11.18,D
-11.45462,32.04357,315.35,1.08,1.04,2026-09-19,631,T,66,6.1NRT,295.42,11.16,D
-11.05656,38.08759,320.82,1.21,1.09,2026-09-19,1304,A,69,6.1NRT,298.27,11.16,D
65.35,83.18485,308.72,1.15,1.07,2026-09-19,830,A,19,6.1NRT,288.9,11.15,D
-11.55336,-46.89433,316.93,1.29,1.13,2026-09-19,1128,T,65,6.1NRT,300.98,11.15,D
23.62231,116.39989,315.03,1.53,1.22,2026-09-19,124,T,10,6.1NRT,297.64,11.14,D
-12.31723,136.62314,318.21,1.25,1.11,2026-09-19,629,A,30,6.1NRT,297.69,11.13,D
-4.49475,36.75608,318.2,1.2,1.09,2026-09-19,1306,A,65,6.1NRT,301.6,11.12,D
64.70268,82.11774,304.18,1.26,1.11,2026-09-19,830,A,58,6.1NRT,286.47,11.12,D
-3.61043,105.67419,311.05,1.29,1.13,2026-09-19,1353,T,82,6.1NRT,293.15,11.11,N
-2.54138,116.02998,317.93,1.3,1.13,2026-09-19,811,A,66,6.1NRT,300.39,11.1,D
-11.08576,39.78084,321.15,1.03,1.01,2026-09-19,1304,A,70,6.1NRT,301.01,11.1,D
-12.07057,35.20353,312.34,1.73,1.29,2026-09-19,631,T,27,6.1NRT,293.25,11.1,D
-9.56444,-46.55656,316.72,1.31,1.14,2026-09-19,1128,T,51,6.1NRT,300.84,11.09,D
-29.81325,152.6171,301.68,1.57,1.24,2026-09-19,1026,T,43,6.1NRT,288.57,11.09,N
-15.75292,39.78569,319.69,1.12,1.05,2026-09-19,1304,A,45,6.1NRT,300.03,11.09,D
1.23272,36.57538,314.2,1.07,1.03,2026-09-19,1306,A,52,6.1NRT,297.11,11.08,D
31.47561,-89.57307,309.81,1.21,1.09,2026-09-19,230,T,78,6.1NRT,294.28,11.08,N
-15.92215,32.62151,314.89,1.29,1.13,2026-09-19,631,T,66,6.1NRT,295.92,11.08,D
-1.25414,110.41447,319.53,1.14,1.06,2026-09-19,811,A,59,6.1NRT,298.58,11.07,D
-3.32367,114.80314,321.08,1.09,1.04,2026-09-19,809,A,71,6.1NRT,303.0,11.07,D
-3.76065,-55.9619,306.37,1.54,1.22,2026-09-19,41,T,68,6.1NRT,286.95,11.07,N
-8.19617,37.97286,316.31,1.14,1.06,2026-09-19,1304,A,37,6.1NRT,299.24,11.07,D
-6.20341,25.75324,308.83,1.97,1.37,2026-09-19,629,T,40,6.1NRT,288.9,11.07,D
-9.99815,-48.36404,313.84,1.74,1.29,2026-09-19,1128,T,48,6.1NRT,302.99,11.05,D
-23.21178,24.23084,311.16,1.3,1.13,2026-09-19,635,T,71,6.1NRT,292.61,11.05,D
-1.91438,105.36786,310.53,1.3,1.13,2026-09-19,1353,T,80,6.1NRT,292.81,11.05,N
-2.38894,104.30515,311.0,1.12,1.06,2026-09-19,1353,T,74,6.1NRT,290.11,11.05,N
47.76394,33.3357,310.64,1.79,1.31,2026-09-19,1318,A,46,6.1NRT,298.21,11.04,D
14.51398,104.46168,311.96,1.62,1.25,2026-09-19,818,A,65,6.1NRT,293.56,11.04,D
-9.65755,29.13802,317.87,1.07,1.03,2026-09-19,631,T,71,6.1NRT,297.9,11.04,D
-11.31073,-47.27089,316.21,1.38,1.16,2026-09-19,1128,T,61,6.1NRT,300.95,11.03,D
-17.52002,45.02896,319.01,1.2,1.09,2026-09-19,1301,A,57,6.1NRT,300.05,11.03,D
-3.28657,112.49702,318.86,1.01,1.0,2026-09-19,811,A,70,6.1NRT,298.67,11.03,D
-2.55274,112.0091,319.47,1.02,1.01,2026-09-19,811,A,71,6.1NRT,298.63,11.03,D
-3.14697,114.68676,320.46,1.09,1.04,2026-09-19,811,A,49,6.1NRT,299.83,11.02,D
-2.81991,112.64708,319.59,1.0,1.0,2026-09-19,811,A,55,6.1NRT,298.57,11.01,D
-2.09624,113.41505,321.59,1.01,1.01,2026-09-19,811,A,71,6.1NRT,298.11,11.01,D
4.80797,36.36702,326.7,1.03,1.01,2026-09-19,1308,A,76,6.1NRT,308.47,11.0,D
38.69411,-90.13806,311.26,1.37,1.16,2026-09-19,232,T,80,6.1NRT,296.4,10.99,N
9.64967,-63.56131,318.03,1.0,1.0,2026-09-19,1259,T,56,6.1NRT,291.46,10.99,D
-6.95021,29.67959,317.48,1.07,1.03,2026-09-19,629,T,72,6.1NRT,294.72,10.98,D
-4.7947,-56.22485,308.83,1.42,1.18,2026-09-19,41,T,75,6.1NRT,293.55,10.97,N
-7.65296,30.19943,319.25,1.02,1.01,2026-09-19,629,T,60,6.1NRT,297.34,10.97,D
-15.16686,29.85898,318.32,1.0,1.0,2026-09-19,631,T,71,6.1NRT,297.34,10.96,D
-0.8839,111.41976,318.72,1.03,1.02,2026-09-19,811,A,73,6.1NRT,297.3,10.96,D
-13.03238,141.71872,317.86,1.1,1.05,2026-09-19,629,A,72,6.1NRT,299.86,10.96,D
-3.01447,115.07394,322.9,1.13,1.06,2026-09-19,811,A,70,6.1NRT,302.98,10.96,D
-5.48453,34.79641,315.5,1.7,1.28,2026-09-19,1306,A,46,6.1NRT,302.35,10.96,D
-5.25203,34.9659,316.28,1.63,1.26,2026-09-19,1306,A,49,6.1NRT,303.86,10.96,D
-3.44576,104.86526,312.68,1.17,1.08,2026-09-19,1353,T,85,6.1NRT,293.65,10.96,N
-2.92966,111.01439,320.96,1.11,1.05,2026-09-19,811,A,73,6.1NRT,299.02,10.95,D
-12.73636,39.85466,321.49,1.05,1.02,2026-09-19,1304,A,71,6.1NRT,302.51,10.95,D
-3.9247,30.44485,318.18,1.06,1.03,2026-09-19,629,T,43,6.1NRT,295.7,10.95,D
-15.56864,23.58897,307.72,1.96,1.37,2026-09-19,631,T,51,6.1NRT,295.88,10.94,D
-1.7446,35.28189,318.63,1.37,1.16,2026-09-19,1306,A,60,6.1NRT,306.53,10.94,D
-21.2586,32.85597,311.45,1.57,1.23,2026-09-19,633,T,65,6.1NRT,296.86,10.93,D
23.64725,116.25719,314.49,1.5,1.21,2026-09-19,124,T,52,6.1NRT,297.37,10.93,D
-10.54324,-46.7284,317.77,1.31,1.13,2026-09-19,1128,T,55,6.1NRT,301.89,10.93,D
-22.0671,46.22173,317.93,1.21,1.09,2026-09-19,1301,A,68,6.1NRT,304.47,10.93,D
-8.04285,138.74675,314.88,1.0,1.0,2026-09-19,631,A,74,6.1NRT,274.09,10.93,D
-1.99044,111.1164,319.75,1.08,1.04,2026-09-19,811,A,71,6.1NRT,296.57,10.92,D
18.38567,80.4651,318.92,1.26,1.12,2026-09-19,954,A,0,6.1NRT,300.82,10.92,D
-3.18047,112.3884,319.71,1.01,1.0,2026-09-19,811,A,64,6.1NRT,298.94,10.92,D
-7.57805,-44.90919,320.48,1.12,1.06,2026-09-19,1128,T,69,6.1NRT,304.25,10.91,D
-3.09744,113.57711,320.55,1.01,1.01,2026-09-19,811,A,42,6.1NRT,299.57,10.9,D
0.59171,111.52073,319.29,1.01,1.01,2026-09-19,811,A,74,6.1NRT,296.59,10.9,D
-5.03862,37.33368,319.53,1.14,1.06,2026-09-19,1306,A,63,6.1NRT,300.05,10.9,D
-2.78377,110.75177,317.16,1.14,1.06,2026-09-19,811,A,67,6.1NRT,297.76,10.9,D
-0.35085,116.00755,314.83,1.4,1.17,2026-09-19,811,A,66,6.1NRT,296.78,10.89,D
-10.89637,32.67906,318.81,1.14,1.06,2026-09-19,631,T,72,6.1NRT,300.73,10.89,D
-16.3966,37.24825,314.67,1.63,1.26,2026-09-19,1304,A,33,6.1NRT,299.39,10.89,D
42.01154,0.11555,309.06,1.71,1.28,2026-09-19,934,T,60,6.1NRT,295.11,10.89,D
-0.92046,117.16499,312.57,1.66,1.27,2026-09-19,811,A,40,6.1NRT,296.16,10.87,D
-0.9698,36.43192,318.75,1.14,1.06,2026-09-19,1306,A,59,6.1NRT,301.91,10.87,D
-5.66329,149.2836,311.16,1.26,1.11,2026-09-19,1034,T,81,6.1NRT,291.84,10.86,N
-21.37848,-60.22745,310.9,1.37,1.16,2026-09-19,37,T,79,6.1NRT,296.46,10.86,N
-10.99357,38.26255,320.67,1.18,1.08,2026-09-19,1304,A,60,6.1NRT,296.46,10.85,D
-18.44385,44.27575,319.97,1.08,1.04,2026-09-19,1301,A,69,6.1NRT,301.62,10.85,D
-13.07945,141.77357,317.85,1.11,1.05,2026-09-19,629,A,68,6.1NRT,297.45,10.85,D
-11.23083,39.15294,322.7,1.08,1.04,2026-09-19,1304,A,54,6.1NRT,301.98,10.85,D
-27.93236,152.40106,304.1,1.54,1.22,2026-09-19,1026,T,58,6.1NRT,293.55,10.84,N
58.42435,107.58615,303.48,1.02,1.01,2026-09-19,1229,T,55,6.1NRT,275.38,10.83,N
-21.02249,45.36074,320.42,1.13,1.06,2026-09-19,1301,A,60,6.1NRT,305.95,10.83,D
-12.28541,134.60486,303.74,1.91,1.35,2026-09-19,1210,T,57,6.1NRT,292.91,10.83,N
-5.34717,35.73582,318.5,1.44,1.19,2026-09-19,1306,A,55,6.1NRT,305.35,10.83,D
0.80642,123.4622,310.35,1.23,1.1,2026-09-19,1214,T,80,6.1NRT,293.65,10.83,N
-19.26292,45.6977,318.36,1.24,1.11,2026-09-19,1301,A,64,6.1NRT,303.38,10.82,D
-23.56804,45.86898,321.69,1.11,1.05,2026-09-19,1301,A,72,6.1NRT,307.44,10.82,D
-23.91206,46.83559,312.39,1.22,1.1,2026-09-19,1259,A,46,6.1NRT,295.08,10.81,D
-3.62864,104.54465,316.98,1.06,1.03,2026-09-19,134,T,70,6.1NRT,294.39,10.8,D
-3.65041,126.37578,311.62,1.02,1.01,2026-09-19,1212,T,83,6.1NRT,286.0,10.8,N
-3.23956,112.36691,318.64,1.01,1.01,2026-09-19,811,A,69,6.1NRT,297.73,10.8,D
-19.72996,45.85108,318.84,1.24,1.11,2026-09-19,1301,A,66,6.1NRT,303.66,10.8,D
-23.11999,44.35627,323.31,1.01,1.01,2026-09-19,1301,A,72,6.1NRT,305.77,10.79,D
-13.35478,24.03894,307.45,1.99,1.38,2026-09-19,631,T,19,6.1NRT,294.41,10.79,D
65.53611,82.99493,305.97,1.05,1.02,2026-09-19,432,T,63,6.1NRT,282.15,10.79,D
-9.27242,37.87143,319.03,1.19,1.08,2026-09-19,1304,A,35,6.1NRT,299.38,10.78,D
-9.09214,39.12809,318.8,1.04,1.02,2026-09-19,1304,A,66,6.1NRT,297.4,10.78,D
-16.05115,144.20079,318.41,1.38,1.16,2026-09-19,629,A,25,6.1NRT,302.24,10.77,D
6.80538,35.99551,319.95,1.03,1.01,2026-09-19,1308,A,76,6.1NRT,301.44,10.76,D
-18.58877,47.4266,310.67,1.65,1.26,2026-09-19,1301,A,52,6.1NRT,298.47,10.76,D
-9.95044,39.00597,319.55,1.07,1.03,2026-09-19,1304,A,70,6.1NRT,298.54,10.76,D
-15.11624,28.35694,317.47,1.04,1.02,2026-09-19,631,T,70,6.1NRT,297.62,10.76,D
-10.67661,142.13251,313.08,1.24,1.1,2026-09-19,629,A,49,6.1NRT,289.04,10.75,D
-2.36079,112.69117,318.35,1.0,1.0,2026-09-19,811,A,69,6.1NRT,296.57,10.75,D
-8.24221,-45.60106,318.75,1.2,1.09,2026-09-19,1128,T,67,6.1NRT,305.49,10.75,D
8.72652,-62.90782,315.53,1.0,1.0,2026-09-19,45,T,89,6.1NRT,294.63,10.74,N
2.77968,125.39997,312.11,1.01,1.0,2026-09-19,1214,T,77,6.1NRT,292.57,10.74,N
-2.96855,112.38985,319.1,1.01,1.0,2026-09-19,811,A,55,6.1NRT,295.47,10.73,D
-18.64175,25.3805,315.4,1.3,1.13,2026-09-19,633,T,65,6.1NRT,298.32,10.73,D
39.75182,33.94233,314.19,1.5,1.21,2026-09-19,1318,A,68,6.1NRT,298.97,10.72,D
-5.10404,34.31854,316.91,1.21,1.09,2026-09-19,629,T,71,6.1NRT,297.39,10.72,D
-3.41169,114.8904,320.82,1.1,1.05,2026-09-19,809,A,72,6.1NRT,301.62,10.71,D
-14.4555,40.55046,321.29,1.03,1.01,2026-09-19,1304,A,73,6.1NRT,302.23,10.71,D
-3.15098,113.35887,320.68,1.0,1.0,2026-09-19,811,A,55,6.1NRT,299.28,10.7,D
-9.78793,33.04344,317.61,1.16,1.07,2026-09-19,631,T,71,6.1NRT,298.51,10.7,D
0.76659,111.63486,318.4,1.01,1.0,2026-09-19,811,A,74,6.1NRT,294.45,10.69,D
-2.841,112.31963,319.14,1.01,1.0,2026-09-19,811,A,51,6.1NRT,298.55,10.69,D
-9.56264,-46.56838,316.47,1.32,1.14,2026-09-19,1128,T,44,6.1NRT,301.98,10.69,D
-17.63062,37.08062,312.94,1.75,1.3,2026-09-19,1301,A,46,6.1NRT,300.69,10.69,D
-1.35793,38.43785,320.75,1.0,1.0,2026-09-19,1306,A,56,6.1NRT,302.97,10.69,D
-3.69235,-60.62164,315.48,1.0,1.0,2026-09-19,41,T,58,6.1NRT,293.03,10.69,N
-2.74404,112.78134,319.47,1.0,1.0,2026-09-19,811,A,56,6.1NRT,298.4,10.68,D
0.69242,111.01239,311.33,1.04,1.02,2026-09-19,811,A,63,6.1NRT,273.04,10.68,D
-6.97558,114.42886,315.48,1.01,1.01,2026-09-19,809,A,64,6.1NRT,297.69,10.68,D
-3.68826,-60.60151,304.3,1.59,1.24,2026-09-19,724,A,46,6.1NRT,292.46,10.67,N
-12.22899,31.97871,320.31,1.09,1.04,2026-09-19,631,T,59,6.1NRT,300.06,10.67,D
-3.69355,-60.63044,314.93,1.0,1.0,2026-09-19,41,T,90,6.1NRT,292.89,10.66,N
-21.08984,44.81406,321.79,1.07,1.03,2026-09-19,1301,A,69,6.1NRT,304.13,10.66,D
-14.66767,29.51274,318.34,1.0,1.0,2026-09-19,631,T,70,6.1NRT,298.09,10.66,D
-7.82015,38.47828,319.17,1.08,1.04,2026-09-19,1304,A,70,6.1NRT,301.48,10.66,D
-16.07125,-52.25656,305.9,1.79,1.31,2026-09-19,39,T,66,6.1NRT,295.08,10.66,N
28.45445,117.87829,313.62,1.56,1.23,2026-09-19,124,T,49,6.1NRT,295.38,10.65,D
-19.39625,-59.80952,305.32,1.23,1.1,2026-09-19,39,T,64,6.1NRT,277.8,10.65,N
-3.39254,113.7176,321.08,1.01,1.01,2026-09-19,809,A,54,6.1NRT,295.41,10.64,D
-15.34696,39.577,317.53,1.13,1.06,2026-09-19,1304,A,66,6.1NRT,298.25,10.64,D
-23.48337,46.00049,320.84,1.13,1.06,2026-09-19,1301,A,71,6.1NRT,307.83,10.63,D
-40.82719,-65.24019,301.36,2.93,1.63,2026-09-19,1314,T,39,6.1NRT,289.38,10.63,D
23.5649,116.0979,313.75,1.47,1.2,2026-09-19,124,T,31,6.1NRT,298.03,10.63,D
-3.54365,126.21799,311.13,1.03,1.01,2026-09-19,1212,T,82,6.1NRT,283.97,10.63,N
-17.02974,135.8315,303.77,1.93,1.36,2026-09-19,1208,T,57,6.1NRT,292.93,10.62,N
37.60442,-119.62521,308.18,1.01,1.0,2026-09-19,412,T,57,6.1NRT,283.21,10.61,N
-13.47408,-43.57888,319.11,1.01,1.0,2026-09-19,1128,T,73,6.1NRT,295.52,10.61,D
62.83878,88.108,308.85,1.05,1.02,2026-09-19,828,A,46,6.1NRT,287.55,10.6,D
-4.88241,-56.07151,309.03,1.45,1.19,2026-09-19,41,T,73,6.1NRT,294.69,10.6,N
-14.95417,39.42552,318.77,1.14,1.06,2026-09-19,1304,A,63,6.1NRT,296.27,10.6,D
-0.65257,112.04065,317.39,1.0,1.0,2026-09-19,811,A,72,6.1NRT,295.68,10.59,D
-15.98381,37.23688,314.95,1.61,1.25,2026-09-19,1304,A,58,6.1NRT,300.16,10.59,D
-2.03762,112.55661,320.29,1.0,1.0,2026-09-19,811,A,72,6.1NRT,296.5,10.59,D
-11.84142,-47.62527,316.7,1.43,1.18,2026-09-19,1128,T,56,6.1NRT,301.23,10.58,D
-23.84832,135.25531,307.64,1.33,1.14,2026-09-19,1206,T,57,6.1NRT,293.75,10.58,N
-2.33008,111.45231,317.93,1.05,1.03,2026-09-19,811,A,55,6.1NRT,293.71,10.57,D
-1.91535,113.64393,320.2,1.03,1.01,2026-09-19,811,A,72,6.1NRT,302.1,10.57,D
-1.57373,110.49586,317.16,1.14,1.06,2026-09-19,811,A,36,6.1NRT,295.06,10.57,D
2.18298,117.05818,310.8,1.84,1.33,2026-09-19,811,A,62,6.1NRT,295.11,10.57,D
-18.74567,46.39202,315.93,1.39,1.17,2026-09-19,1301,A,61,6.1NRT,301.79,10.55,D
45.03251,20.56131,311.64,1.56,1.23,2026-09-19,1318,A,48,6.1NRT,295.66,10.55,D
-3.10703,112.58348,321.52,1.0,1.0,2026-09-19,811,A,50,6.1NRT,300.34,10.55,D
-1.85549,115.40818,317.65,1.22,1.1,2026-09-19,811,A,61,6.1NRT,299.61,10.54,D
-10.72236,26.7543,312.1,1.4,1.17,2026-09-19,631,T,62,6.1NRT,294.99,10.54,D
-3.51131,34.67567,317.37,1.61,1.25,2026-09-19,1306,A,47,6.1NRT,301.74,10.53,D
-3.14119,122.05815,304.4,1.77,1.3,2026-09-19,1212,T,10,6.1NRT,290.2,10.53,N
-6.15273,-57.70234,313.33,1.12,1.05,2026-09-19,41,T,86,6.1NRT,291.9,10.52,N
-12.91074,38.88193,318.41,1.15,1.07,2026-09-19,1304,A,48,6.1NRT,300.63,10.52,D
-3.17433,114.06397,321.31,1.03,1.02,2026-09-19,811,A,50,6.1NRT,300.74,10.52,D
-2.12603,113.47019,321.2,1.01,1.01,2026-09-19,811,A,72,6.1NRT,298.55,10.51,D
-30.91534,147.48567,313.8,1.24,1.11,2026-09-19,625,A,64,6.1NRT,301.9,10.51,D
-3.20875,115.50159,315.28,1.19,1.08,2026-09-19,809,A,45,6.1NRT,288.11,10.5,D
-2.84052,111.17699,318.94,1.09,1.04,2026-09-19,811,A,70,6.1NRT,297.37,10.5,D
-20.50331,44.5998,321.78,1.07,1.03,2026-09-19,1301,A,69,6.1NRT,305.24,10.49,D
-1.85266,111.36427,320.31,1.05,1.02,2026-09-19,811,A,73,6.1NRT,297.34,10.48,D
-6.33112,-55.27905,302.85,1.57,1.24,2026-09-19,41,T,38,6.1NRT,279.99,10.48,N
-2.76153,112.78393,319.64,1.0,1.0,2026-09-19,811,A,66,6.1NRT,298.46,10.48,D
-2.64766,114.31783,323.53,1.06,1.03,2026-09-19,811,A,42,6.1NRT,301.57,10.48,D
-19.43506,137.16901,319.82,1.44,1.19,2026-09-19,629,A,61,6.1NRT,308.08,10.48,D
-18.28577,44.57352,320.15,1.12,1.05,2026-09-19,1301,A,68,6.1NRT,300.8,10.46,D
-12.80871,28.47845,316.48,1.07,1.03,2026-09-19,631,T,72,6.1NRT,297.17,10.46,D
-15.75151,39.7958,319.49,1.12,1.05,2026-09-19,1304,A,45,6.1NRT,299.08,10.46,D
-15.281,38.69949,317.46,1.26,1.11,2026-09-19,1304,A,57,6.1NRT,299.34,10.46,D
-17.33254,37.62642,312.99,1.58,1.24,2026-09-19,1301,A,50,6.1NRT,299.17,10.46,D
-22.45559,45.84517,304.98,2.15,1.43,2026-09-19,457,T,42,6.1NRT,293.35,10.46,D
-2.42979,115.34005,318.86,1.19,1.08,2026-09-19,811,A,67,6.1NRT,300.32,10.46,D
-15.60594,28.2342,317.13,1.04,1.02,2026-09-19,631,T,70,6.1NRT,297.86,10.45,D
-5.71221,33.21438,317.67,1.08,1.04,2026-09-19,629,T,71,6.1NRT,296.25,10.45,D
-2.46915,112.96827,320.13,1.0,1.0,2026-09-19,811,A,72,6.1NRT,297.63,10.45,D
29.89703,-94.46693,310.76,1.1,1.05,2026-09-19,230,T,78,6.1NRT,295.13,10.45,N
0.50311,111.9921,317.86,1.0,1.0,2026-09-19,811,A,71,6.1NRT,295.11,10.44,D
-10.87506,-56.21907,312.06,1.18,1.08,2026-09-19,39,T,81,6.1NRT,294.64,10.44,N
-17.35695,37.07631,313.89,1.74,1.29,2026-09-19,1301,A,53,6.1NRT,300.64,10.43,D
26.28207,117.56984,310.13,1.64,1.26,2026-09-19,124,T,36,6.1NRT,294.36,10.43,D
-3.05868,11.65966,311.85,1.54,1.22,2026-09-19,807,T,59,6.1NRT,287.77,10.43,D
-9.76514,39.51961,317.43,1.03,1.01,2026-09-19,1304,A,61,6.1NRT,299.58,10.42,D
-19.52505,25.89898,315.0,1.18,1.08,2026-09-19,633,T,65,6.1NRT,298.0,10.42,D
-12.5819,136.26799,315.53,1.33,1.14,2026-09-19,629,A,60,6.1NRT,297.63,10.42,D
-14.2006,29.67444,317.41,1.0,1.0,2026-09-19,631,T,69,6.1NRT,296.9,10.41,D
-3.14078,112.5974,319.41,1.0,1.0,2026-09-19,811,A,64,6.1NRT,298.9,10.41,D
32.24581,51.42313,308.82,1.01,1.0,2026-09-19,39,A,76,6.1NRT,290.67,10.41,N
-16.8911,37.42427,312.31,1.61,1.25,2026-09-19,1301,A,43,6.1NRT,295.35,10.4,D
-9.96292,39.10965,320.52,1.06,1.03,2026-09-19,1304,A,72,6.1NRT,301.01,10.4,D
-3.7635,105.53709,311.53,1.26,1.12,2026-09-19,1353,T,47,6.1NRT,293.04,10.4,N
41.48623,122.7948,309.04,1.63,1.26,2026-09-19,120,T,48,6.1NRT,294.54,10.39,D
39.00727,121.4314,310.27,1.55,1.23,2026-09-19,122,T,25,6.1NRT,295.31,10.39,D
-21.8096,44.10474,320.82,1.02,1.01,2026-09-19,1301,A,64,6.1NRT,303.19,10.39,D
-0.55088,112.09937,320.23,1.0,1.0,2026-09-19,811,A,42,6.1NRT,296.63,10.39,D
-23.37578,46.20707,318.68,1.16,1.07,2026-09-19,1301,A,67,6.1NRT,302.79,10.38,D
-11.46925,-47.64589,316.09,1.46,1.19,2026-09-19,1128,T,61,6.1NRT,303.01,10.38,D
-10.07175,32.43001,314.97,1.09,1.04,2026-09-19,631,T,67,6.1NRT,294.96,10.38,D
7.9645,-62.38546,315.79,1.1,1.05,2026-09-19,1259,T,70,6.1NRT,297.68,10.38,D
44.52099,122.78954,308.98,1.39,1.17,2026-09-19,120,T,65,6.1NRT,293.74,10.38,D
8.67231,80.49162,316.22,1.32,1.14,2026-09-19,308,T,64,6.1NRT,294.22,10.38,D
-15.74368,39.78426,318.88,1.12,1.05,2026-09-19,1304,A,47,6.1NRT,298.81,10.38,D
-8.29377,137.80138,315.96,1.03,1.01,2026-09-19,631,A,72,6.1NRT,290.85,10.37,D
-17.21872,33.61528,311.51,1.56,1.23,2026-09-19,631,T,54,6.1NRT,295.36,10.36,D
-2.68303,112.31991,320.97,1.01,1.0,2026-09-19,811,A,47,6.1NRT,300.09,10.36,D
-9.57286,30.07874,318.94,1.01,1.01,2026-09-19,631,T,73,6.1NRT,298.66,10.36,D
43.49461,24.40788,319.97,1.13,1.06,2026-09-19,1318,A,73,6.1NRT,304.27,10.36,D
-13.8108,136.24693,314.33,1.39,1.17,2026-09-19,629,A,0,6.1NRT,294.84,10.36,D
-32.37779,146.66626,314.79,1.09,1.04,2026-09-19,625,A,69,6.1NRT,300.36,10.36,D
-17.84582,46.11076,318.48,1.38,1.16,2026-09-19,1301,A,61,6.1NRT,303.22,10.35,D
-9.96366,30.87546,318.97,1.0,1.0,2026-09-19,631,T,74,6.1NRT,299.78,10.35,D
-10.52565,26.94728,313.34,1.36,1.16,2026-09-19,631,T,66,6.1NRT,296.7,10.34,D
-0.42405,116.00054,314.77,1.39,1.17,2026-09-19,811,A,60,6.1NRT,297.03,10.34,D
-14.19944,27.71354,313.42,1.11,1.05,2026-09-19,631,T,55,6.1NRT,294.47,10.34,D
-3.19833,112.3281,319.61,1.01,1.01,2026-09-19,811,A,54,6.1NRT,298.24,10.34,D
-0.12425,38.10457,325.56,1.0,1.0,2026-09-19,1306,A,61,6.1NRT,309.97,10.33,D
-2.77609,114.38048,317.78,1.06,1.03,2026-09-19,811,A,69,6.1NRT,298.97,10.33,D
43.60879,122.19842,312.01,1.36,1.16,2026-09-19,120,T,48,6.1NRT,294.71,10.33,D
-4.18645,138.83066,309.59,1.03,1.01,2026-09-19,631,A,60,6.1NRT,278.59,10.31,D
-2.76272,110.30331,318.98,1.2,1.09,2026-09-19,811,A,24,6.1NRT,298.66,10.31,D
-20.47509,44.65986,321.65,1.07,1.03,2026-09-19,1301,A,68,6.1NRT,304.12,10.31,D
-20.10292,30.91795,312.91,1.16,1.07,2026-09-19,633,T,67,6.1NRT,296.82,10.31,D
-17.23805,37.5843,312.8,1.59,1.24,2026-09-19,1301,A,42,6.1NRT,298.73,10.31,D
-12.91459,141.82576,317.67,1.12,1.05,2026-09-19,629,A,66,6.1NRT,297.59,10.31,D
-12.82998,142.30597,314.03,1.18,1.08,2026-09-19,629,A,50,6.1NRT,291.06,10.3,D
-9.39464,-60.34893,313.95,1.05,1.02,2026-09-19,39,T,86,6.1NRT,296.82,10.3,N
-16.30357,-53.85897,310.84,1.37,1.16,2026-09-19,39,T,81,6.1NRT,297.75,10.3,N
-11.88255,-47.61179,317.83,1.42,1.18,2026-09-19,1128,T,47,6.1NRT,301.93,10.29,D
64.74155,84.44173,303.56,1.14,1.06,2026-09-19,432,T,56,6.1NRT,280.98,10.29,D
-23.16995,131.96658,309.44,1.81,1.32,2026-09-19,1,T,49,6.1NRT,299.27,10.29,D
25.35321,117.36735,309.0,1.65,1.26,2026-09-19,124,T,47,6.1NRT,296.14,10.28,D
-14.60741,39.99543,318.98,1.07,1.03,2026-09-19,1304,A,57,6.1NRT,299.7,10.28,D
0.57318,111.33421,318.24,1.02,1.01,2026-09-19,811,A,72,6.1NRT,296.56,10.28,D
-14.68775,-46.67375,319.41,1.15,1.07,2026-09-19,1130,T,65,6.1NRT,301.47,10.27,D
-8.9528,26.78169,310.94,1.48,1.2,2026-09-19,631,T,61,6.1NRT,294.29,10.27,D
-16.34383,44.6741,316.9,1.19,1.09,2026-09-19,1301,A,62,6.1NRT,302.75,10.27,D
-1.84301,103.98937,315.76,1.16,1.07,2026-09-19,134,T,41,6.1NRT,291.59,10.27,D
-19.34468,17.00775,303.21,1.2,1.09,2026-09-19,232,A,54,6.1NRT,284.44,10.26,N
6.11178,35.31848,316.26,1.09,1.04,2026-09-19,1308,A,61,6.1NRT,294.5,10.25,D
-11.59782,32.89126,319.06,1.19,1.09,2026-09-19,631,T,73,6.1NRT,302.59,10.25,D
-4.30786,-39.80037,318.33,1.16,1.07,2026-09-19,1125,T,68,6.1NRT,302.85,10.25,D
-18.12955,23.25604,309.96,1.85,1.33,2026-09-19,633,T,53,6.1NRT,297.23,10.24,D
-1.30456,112.45267,317.3,1.0,1.0,2026-09-19,811,A,71,6.1NRT,295.35,10.24,D
-5.94024,-44.81617,318.16,1.16,1.07,2026-09-19,1128,T,64,6.1NRT,300.19,10.24,D
-0.47647,38.02429,323.04,1.01,1.0,2026-09-19,1306,A,52,6.1NRT,304.39,10.24,D
48.20385,38.16208,306.95,1.61,1.25,2026-09-19,614,T,60,6.1NRT,291.67,10.24,D
-6.76269,-59.42231,314.39,1.0,1.0,2026-09-19,41,T,89,6.1NRT,294.68,10.23,N
-10.68972,-60.73145,304.56,1.26,1.12,2026-09-19,724,A,61,6.1NRT,284.43,10.23,N
-20.09196,28.63711,314.62,1.0,1.0,2026-09-19,633,T,71,6.1NRT,293.77,10.23,D
35.65397,44.52433,321.08,1.25,1.11,2026-09-19,618,T,66,6.1NRT,307.43,10.23,D
19.39697,-92.04881,313.76,1.13,1.06,2026-09-19,226,T,83,6.1NRT,293.8,10.22,N
38.94756,125.8055,316.64,1.04,1.02,2026-09-19,644,A,75,6.1NRT,299.52,10.22,D
-12.86704,-46.34098,317.0,1.16,1.07,2026-09-19,1128,T,66,6.1NRT,300.9,10.21,D
-14.7325,32.64746,314.65,1.25,1.11,2026-09-19,631,T,65,6.1NRT,296.36,10.21,D
5.70028,38.02717,316.83,1.02,1.01,2026-09-19,1308,A,43,6.1NRT,298.88,10.2,D
-7.87135,30.29679,318.49,1.02,1.01,2026-09-19,629,T,57,6.1NRT,299.79,10.2,D
-0.70451,110.81319,316.84,1.08,1.04,2026-09-19,811,A,69,6.1NRT,293.95,10.2,D
-2.76329,110.36703,318.73,1.19,1.09,2026-09-19,811,A,45,6.1NRT,298.25,10.2,D
-3.61377,105.65749,309.36,1.29,1.13,2026-09-19,1353,T,77,6.1NRT,293.12,10.19,N
-3.55804,114.65799,321.22,1.07,1.03,2026-09-19,809,A,74,6.1NRT,302.96,10.19,D
-8.40578,32.44061,319.31,1.06,1.03,2026-09-19,629,T,65,6.1NRT,300.23,10.18,D
-11.40754,39.26664,316.63,1.07,1.03,2026-09-19,1304,A,61,6.1NRT,293.46,10.18,D
-12.70026,-45.9679,318.6,1.12,1.05,2026-09-19,1128,T,52,6.1NRT,299.37,10.18,D
-20.80381,44.5094,321.68,1.05,1.03,2026-09-19,1301,A,69,6.1NRT,304.68,10.18,D
-7.78431,-44.89116,320.62,1.12,1.05,2026-09-19,1128,T,54,6.1NRT,305.68,10.18,D
-23.48822,46.08884,319.04,1.14,1.06,2026-09-19,1301,A,68,6.1NRT,302.99,10.18,D
-15.44154,40.35837,317.08,1.06,1.03,2026-09-19,1304,A,68,6.1NRT,296.66,10.18,D
-13.88181,-48.59882,313.77,1.55,1.23,2026-09-19,1130,T,57,6.1NRT,301.76,10.18,D
-2.91924,-43.51986,318.12,1.08,1.04,2026-09-19,1125,T,70,6.1NRT,299.48,10.17,D
-19.52907,44.61372,320.79,1.09,1.04,2026-09-19,1301,A,67,6.1NRT,305.23,10.17,D
48.37925,42.66345,316.57,1.07,1.03,2026-09-19,614,T,52,6.1NRT,295.77,10.17,D
-13.33307,33.03386,313.87,1.27,1.12,2026-09-19,631,T,54,6.1NRT,297.33,10.17,D
-3.77331,105.5385,311.52,1.26,1.12,2026-09-19,1353,T,53,6.1NRT,294.27,10.17,N
-15.56444,28.63822,317.03,1.02,1.01,2026-09-19,631,T,70,6.1NRT,297.33,10.16,D
-3.20907,115.13545,319.89,1.13,1.06,2026-09-19,809,A,70,6.1NRT,301.77,10.16,D
45.01186,0.1305,308.35,1.46,1.19,2026-09-19,932,T,65,6.1NRT,294.25,10.16,D
-17.13408,24.39513,310.31,1.6,1.24,2026-09-19,633,T,53,6.1NRT,297.43,10.15,D
-2.5824,110.4749,317.53,1.17,1.08,2026-09-19,811,A,68,6.1NRT,297.68,10.15,D
-4.74941,31.17939,317.15,1.01,1.0,2026-09-19,629,T,74,6.1NRT,291.48,10.15,D
-6.51779,32.12534,319.1,1.02,1.01,2026-09-19,629,T,51,6.1NRT,297.87,10.15,D
-2.97605,112.8425,321.05,1.0,1.0,2026-09-19,811,A,54,6.1NRT,300.76,10.14,D
-16.45819,39.6011,317.74,1.16,1.07,2026-09-19,1304,A,68,6.1NRT,298.68,10.14,D
-10.86242,31.36184,318.01,1.02,1.01,2026-09-19,631,T,71,6.1NRT,298.61,10.14,D
57.94844,60.06721,302.69,1.76,1.3,2026-09-19,1006,A,47,6.1NRT,289.09,10.14,D
-2.76073,104.28259,312.44,1.11,1.05,2026-09-19,1353,T,85,6.1NRT,292.89,10.12,N
-6.36864,-58.31564,313.61,1.05,1.02,2026-09-19,41,T,86,6.1NRT,295.3,10.12,N
37.40751,39.09808,319.17,1.1,1.04,2026-09-19,618,T,70,6.1NRT,301.67,10.12,D
27.14433,118.12805,308.3,1.72,1.29,2026-09-19,124,T,58,6.1NRT,293.22,10.11,D
-13.50605,29.0739,316.05,1.02,1.01,2026-09-19,631,T,70,6.1NRT,296.72,10.11,D
-10.46946,30.92117,317.94,1.0,1.0,2026-09-19,631,T,71,6.1NRT,297.32,10.1,D
52.5464,39.64144,304.05,1.55,1.23,2026-09-19,614,T,33,6.1NRT,288.17,10.1,D
-2.41864,30.6197,317.62,1.07,1.03,2026-09-19,629,T,34,6.1NRT,299.61,10.1,D
-2.41919,112.91865,318.72,1.0,1.0,2026-09-19,811,A,70,6.1NRT,297.44,10.1,D
-8.12541,-44.82602,318.7,1.1,1.05,2026-09-19,1128,T,67,6.1NRT,303.81,10.09,D
35.18248,-92.73412,307.21,1.24,1.11,2026-09-19,1028,A,71,6.1NRT,293.41,10.09,N
-15.57571,26.36525,314.43,1.25,1.11,2026-09-19,631,T,67,6.1NRT,297.58,10.09,D
-7.29751,26.3544,310.21,1.69,1.28,2026-09-19,629,T,60,6.1NRT,293.14,10.09,D
-3.173,114.07297,320.5,1.03,1.02,2026-09-19,811,A,37,6.1NRT,300.34,10.09,D
37.62632,-119.59476,306.09,1.01,1.0,2026-09-19,1206,A,29,6.1NRT,275.48,10.08,N
-28.96099,152.49889,302.91,1.56,1.23,2026-09-19,1026,T,43,6.1NRT,290.6,10.08,N
24.60482,76.9808,310.24,1.65,1.26,2026-09-19,956,A,44,6.1NRT,293.63,10.08,D
-2.83604,111.07909,316.13,1.1,1.05,2026-09-19,811,A,65,6.1NRT,296.49,10.08,D
18.50754,-96.12961,300.8,2.19,1.44,2026-09-19,226,T,34,6.1NRT,285.29,10.08,N
37.62801,-119.60561,306.04,1.01,1.0,2026-09-19,1206,A,34,6.1NRT,274.45,10.08,N
-19.80293,-59.97754,309.74,1.27,1.12,2026-09-19,37,T,76,6.1NRT,294.98,10.07,N
-23.46196,46.07344,319.61,1.14,1.06,2026-09-19,1301,A,69,6.1NRT,307.16,10.07,D
-21.84234,45.84078,319.61,1.16,1.07,2026-09-19,1301,A,68,6.1NRT,303.98,10.07,D
-5.9136,35.76936,317.33,1.46,1.19,2026-09-19,1306,A,60,6.1NRT,304.58,10.07,D
65.75134,86.93544,307.78,1.01,1.01,2026-09-19,830,A,66,6.1NRT,286.06,10.07,D
-6.60315,108.25581,305.37,1.78,1.31,2026-09-19,1350,T,64,6.1NRT,292.93,10.06,N
-3.13398,112.39951,319.76,1.01,1.0,2026-09-19,811,A,67,6.1NRT,298.79,10.06,D
-1.68518,116.06846,314.31,1.35,1.15,2026-09-19,811,A,52,6.1NRT,296.19,10.06,D
-2.29667,116.43528,313.8,1.4,1.17,2026-09-19,811,A,55,6.1NRT,298.45,10.05,D
-8.94612,29.06656,318.15,1.09,1.04,2026-09-19,631,T,72,6.1NRT,298.29,10.05,D
-9.82607,-46.39237,316.48,1.27,1.12,2026-09-19,1128,T,54,6.1NRT,301.58,10.05,D
-2.80447,111.73812,318.68,1.04,1.02,2026-09-19,811,A,60,6.1NRT,298.97,10.05,D
-7.76871,-44.86859,320.25,1.12,1.05,2026-09-19,1128,T,39,6.1NRT,304.09,10.05,D
57.56287,105.94269,300.3,1.42,1.18,2026-09-19,256,T,26,6.1NRT,279.38,10.04,D
-0.54109,112.04454,318.29,1.0,1.0,2026-09-19,811,A,73,6.1NRT,296.4,10.02,D
6.09707,36.4702,317.18,1.18,1.08,2026-09-19,627,T,53,6.1NRT,296.65,10.02,D
-7.80349,-44.95427,318.89,1.12,1.06,2026-09-19,1128,T,66,6.1NRT,303.67,10.02,D
-14.58804,38.74563,315.45,1.23,1.1,2026-09-19,1304,A,38,6.1NRT,296.27,10.02,D
-23.91405,46.82358,311.55,1.22,1.1,2026-09-19,1259,A,32,6.1NRT,293.66,10.02,D
-4.92037,38.22392,321.07,1.05,1.02,2026-09-19,1306,A,74,6.1NRT,304.29,10.01,D
-3.11596,114.02189,319.74,1.03,1.02,2026-09-19,811,A,22,6.1NRT,300.75,10.0,D
-15.23431,31.67664,313.85,1.13,1.06,2026-09-19,631,T,64,6.1NRT,295.21,10.0,D
-2.92322,114.38641,317.64,1.06,1.03,2026-09-19,811,A,51,6.1NRT,299.29,9.99,D
-1.72304,113.01324,319.59,1.0,1.0,2026-09-19,811,A,71,6.1NRT,299.32,9.98,D
-1.17177,113.47862,317.23,1.03,1.01,2026-09-19,811,A,61,6.1NRT,296.34,9.98,D
31.21136,48.95795,311.5,1.05,1.02,2026-09-19,39,A,82,6.1NRT,298.19,9.98,N
-14.72907,40.50003,318.87,1.04,1.02,2026-09-19,1304,A,69,6.1NRT,298.66,9.97,D
-6.75511,-59.43237,314.04,1.0,1.0,2026-09-19,41,T,88,6.1NRT,294.44,9.97,N
-9.85149,38.78988,322.1,1.09,1.04,2026-09-19,1304,A,73,6.1NRT,304.02,9.97,D
-15.53335,134.48473,305.27,1.63,1.26,2026-09-19,1208,T,33,6.1NRT,292.58,9.96,N
-19.86487,44.77153,319.69,1.1,1.04,2026-09-19,1301,A,64,6.1NRT,303.86,9.96,D
-6.05748,-43.76501,318.9,1.05,1.02,2026-09-19,1128,T,68,6.1NRT,300.73,9.95,D
-13.44385,39.3429,317.77,1.11,1.05,2026-09-19,1304,A,51,6.1NRT,299.41,9.95,D
-1.71363,112.80962,319.48,1.0,1.0,2026-09-19,811,A,72,6.1NRT,299.19,9.95,D
-14.84454,38.95672,314.39,1.2,1.09,2026-09-19,1304,A,41,6.1NRT,293.1,9.95,D
-12.51428,32.18404,319.46,1.12,1.06,2026-09-19,631,T,73,6.1NRT,301.37,9.95,D
-9.12269,30.15601,318.22,1.01,1.01,2026-09-19,631,T,71,6.1NRT,298.8,9.94,D
-23.83623,135.26602,306.52,1.33,1.14,2026-09-19,1206,T,65,6.1NRT,293.7,9.94,N
8.28298,-64.10913,314.4,1.06,1.03,2026-09-19,45,T,77,6.1NRT,294.68,9.94,N
-2.89023,103.81383,309.53,1.06,1.03,2026-09-19,1353,T,54,6.1NRT,290.2,9.94,N
-1.92793,115.9525,317.22,1.31,1.14,2026-09-19,811,A,48,6.1NRT,297.21,9.93,D
66.65481,80.46857,304.96,1.2,1.09,2026-09-19,830,A,43,6.1NRT,283.63,9.93,D
66.70502,80.42342,303.69,1.2,1.09,2026-09-19,830,A,54,6.1NRT,283.73,9.92,D
29.02731,48.07161,313.27,1.07,1.03,2026-09-19,39,A,86,6.1NRT,299.11,9.91,N
-16.2626,45.29542,315.9,1.3,1.13,2026-09-19,1301,A,57,6.1NRT,299.45,9.91,D
-11.25137,39.97601,317.99,1.02,1.01,2026-09-19,1304,A,69,6.1NRT,297.6,9.91,D
-3.11729,114.01291,318.5,1.03,1.01,2026-09-19,811,A,50,6.1NRT,299.19,9.9,D
33.45461,-87.90539,305.96,1.59,1.24,2026-09-19,232,T,62,6.1NRT,293.5,9.9,N
-6.97521,106.33871,315.82,1.04,1.02,2026-09-19,134,T,54,6.1NRT,295.64,9.9,D
-14.16912,28.01161,316.36,1.08,1.04,2026-09-19,631,T,69,6.1NRT,298.17,9.9,D
21.24064,106.94596,315.87,1.01,1.0,2026-09-19,818,A,70,6.1NRT,295.56,9.89,D
65.09786,78.29713,306.0,1.0,1.0,2026-09-19,432,T,63,6.1NRT,281.62,9.89,D
69.26805,109.58766,308.69,1.0,1.0,2026-09-19,652,A,67,6.1NRT,281.54,9.89,D
-1.54858,104.38541,312.86,1.16,1.07,2026-09-19,1353,T,86,6.1NRT,292.23,9.88,N
-2.29603,112.1787,319.8,1.01,1.01,2026-09-19,811,A,54,6.1NRT,297.76,9.88,D
-4.57104,140.02577,308.17,1.13,1.06,2026-09-19,631,A,59,6.1NRT,291.6,9.87,D
27.4178,118.34973,308.1,1.76,1.3,2026-09-19,124,T,47,6.1NRT,293.29,9.86,D
-15.84052,40.07606,317.75,1.09,1.04,2026-09-19,1304,A,69,6.1NRT,301.14,9.86,D
-11.18442,39.47514,318.38,1.05,1.02,2026-09-19,1304,A,35,6.1NRT,302.83,9.84,D
-13.47281,-43.58794,318.36,1.01,1.0,2026-09-19,1128,T,72,6.1NRT,295.97,9.84,D
44.33053,22.69656,316.02,1.28,1.12,2026-09-19,1318,A,59,6.1NRT,299.73,9.84,D
-19.37976,31.19504,312.04,1.18,1.08,2026-09-19,633,T,64,6.1NRT,296.11,9.84,D
-9.78923,-45.06324,317.16,1.09,1.04,2026-09-19,1128,T,66,6.1NRT,300.9,9.84,D
65.46485,83.06635,305.13,1.15,1.07,2026-09-19,830,A,61,6.1NRT,285.71,9.84,D
-2.68087,114.34164,320.0,1.06,1.03,2026-09-19,811,A,58,6.1NRT,301.17,9.84,D
-18.13143,47.98517,309.9,1.85,1.33,2026-09-19,1301,A,25,6.1NRT,297.57,9.83,D
9.73655,-63.47824,313.8,1.01,1.0,2026-09-19,48,T,88,6.1NRT,293.12,9.82,N
31.36255,45.96806,306.0,1.45,1.19,2026-09-19,39,A,66,6.1NRT,295.68,9.82,N
27.5777,117.97961,309.29,1.65,1.26,2026-09-19,124,T,55,6.1NRT,294.5,9.82,D
47.27709,1.69874,305.7,1.54,1.22,2026-09-19,932,T,55,6.1NRT,290.84,9.81,D
-1.08073,112.2676,316.74,1.0,1.0,2026-09-19,811,A,71,6.1NRT,296.75,9.81,D
28.88246,118.47678,310.62,1.67,1.27,2026-09-19,124,T,46,6.1NRT,294.05,9.81,D
-22.14168,45.9212,315.89,1.16,1.07,2026-09-19,1301,A,63,6.1NRT,299.55,9.81,D
-3.42266,111.93676,318.84,1.04,1.02,2026-09-19,811,A,23,6.1NRT,298.07,9.81,D
-0.88494,38.20377,320.04,1.0,1.0,2026-09-19,1306,A,58,6.1NRT,303.19,9.79,D
-15.22232,39.42027,316.87,1.15,1.07,2026-09-19,1304,A,62,6.1NRT,300.52,9.79,D
-14.87305,28.27174,316.08,1.05,1.02,2026-09-19,631,T,67,6.1NRT,297.45,9.79,D
-15.58538,-56.52845,306.01,1.04,1.02,2026-09-19,39,T,46,6.1NRT,287.5,9.79,N
27.50593,52.63859,312.53,1.23,1.1,2026-09-19,39,A,85,6.1NRT,301.3,9.79,N
-3.07598,112.52774,317.8,1.01,1.0,2026-09-19,811,A,68,6.1NRT,298.61,9.79,D
6.05687,35.57388,313.86,1.07,1.03,2026-09-19,1308,A,48,6.1NRT,297.05,9.78,D
-10.70769,-60.74555,313.11,1.11,1.05,2026-09-19,39,T,79,6.1NRT,294.33,9.78,N
-18.6873,45.63721,318.05,1.25,1.11,2026-09-19,1301,A,62,6.1NRT,302.55,9.78,D
-23.56523,45.94492,320.28,1.12,1.06,2026-09-19,1301,A,70,6.1NRT,307.57,9.78,D
-9.09081,39.13727,317.18,1.04,1.02,2026-09-19,1304,A,62,6.1NRT,299.72,9.76,D
-13.88124,136.48833,314.38,1.34,1.15,2026-09-19,629,A,58,6.1NRT,297.19,9.75,D
41.84459,15.24563,315.15,1.13,1.06,2026-09-19,754,T,75,6.1NRT,293.51,9.74,D
-21.49364,45.97086,319.63,1.19,1.09,2026-09-19,1301,A,55,6.1NRT,306.46,9.74,D
-2.56737,111.59271,316.73,1.05,1.02,2026-09-19,811,A,57,6.1NRT,292.55,9.74,D
-11.3113,27.38192,312.59,1.25,1.11,2026-09-19,631,T,65,6.1NRT,295.47,9.74,D
35.20094,43.78426,318.57,1.18,1.08,2026-09-19,618,T,55,6.1NRT,304.34,9.74,D
-3.25636,112.2522,317.74,1.02,1.01,2026-09-19,811,A,67,6.1NRT,300.74,9.74,D
-3.11597,112.8876,319.75,1.0,1.0,2026-09-19,811,A,71,6.1NRT,300.32,9.74,D
-3.06861,114.40528,319.17,1.06,1.03,2026-09-19,811,A,61,6.1NRT,300.8,9.73,D
66.66605,80.44598,303.99,1.2,1.09,2026-09-19,830,A,58,6.1NRT,284.1,9.73,D
-10.15748,-45.56131,317.04,1.14,1.06,2026-09-19,1128,T,61,6.1NRT,299.87,9.73,D
-13.30015,31.06771,312.13,1.04,1.02,2026-09-19,631,T,59,6.1NRT,291.93,9.73,D
41.14975,122.3908,311.24,1.3,1.13,2026-09-19,644,A,64,6.1NRT,298.25,9.72,D
14.90422,105.07043,314.08,1.44,1.19,2026-09-19,818,A,65,6.1NRT,295.37,9.72,D
-16.74064,46.38689,317.04,1.5,1.21,2026-09-19,1301,A,41,6.1NRT,301.08,9.71,D
0.15954,111.35292,317.66,1.02,1.01,2026-09-19,811,A,72,6.1NRT,296.57,9.71,D
8.15238,33.84902,315.37,1.23,1.1,2026-09-19,1308,A,51,6.1NRT,294.81,9.71,D
46.41096,32.10049,313.57,1.48,1.2,2026-09-19,1318,A,51,6.1NRT,300.75,9.71,D
-1.70494,110.16035,317.53,1.19,1.08,2026-09-19,811,A,40,6.1NRT,293.89,9.71,D
-16.5149,39.32492,317.32,1.2,1.09,2026-09-19,1304,A,68,6.1NRT,298.95,9.71,D
-1.81202,113.33615,320.34,1.01,1.01,2026-09-19,811,A,31,6.1NRT,300.0,9.7,D
-2.7819,110.9478,316.38,1.11,1.05,2026-09-19,811,A,64,6.1NRT,297.49,9.7,D
-18.92098,44.70842,318.5,1.12,1.05,2026-09-19,1301,A,64,6.1NRT,302.84,9.7,D
-2.05924,116.17419,314.25,1.35,1.15,2026-09-19,811,A,56,6.1NRT,298.28,9.7,D
23.8251,116.8289,309.77,1.62,1.25,2026-09-19,124,T,57,6.1NRT,296.82,9.69,D
50.34993,33.65231,300.62,2.86,1.61,2026-09-19,752,T,23,6.1NRT,285.76,9.69,D
-15.22386,30.32794,319.05,1.02,1.01,2026-09-19,631,T,73,6.1NRT,299.22,9.69,D
-5.04577,150.0995,311.11,1.12,1.05,2026-09-19,1034,T,74,6.1NRT,293.29,9.69,N
-10.48373,-46.30189,317.44,1.23,1.1,2026-09-19,1128,T,63,6.1NRT,303.22,9.69,D
-17.01697,18.39196,304.38,1.36,1.15,2026-09-19,232,A,60,6.1NRT,289.49,9.69,N
-13.71026,40.01006,321.08,1.05,1.03,2026-09-19,1304,A,69,6.1NRT,303.07,9.68,D
-2.91242,115.88364,316.15,1.26,1.11,2026-09-19,811,A,62,6.1NRT,298.84,9.68,D
-1.76678,113.33843,319.43,1.01,1.01,2026-09-19,811,A,71,6.1NRT,299.87,9.68,D
-17.04981,37.97367,312.67,1.48,1.2,2026-09-19,1301,A,54,6.1NRT,297.93,9.68,D
-19.97288,44.55982,317.55,1.07,1.03,2026-09-19,1301,A,56,6.1NRT,304.94,9.67,D
-6.32106,-62.67562,309.81,1.61,1.25,2026-09-19,1304,T,61,6.1NRT,296.06,9.67,D
-4.79657,28.64702,315.36,1.28,1.12,2026-09-19,629,T,63,6.1NRT,297.24,9.66,D
-8.48538,36.27068,314.34,1.46,1.2,2026-09-19,1304,A,57,6.1NRT,294.55,9.65,D
-8.43927,116.67866,315.54,1.19,1.08,2026-09-19,809,A,63,6.1NRT,298.24,9.65,D
-7.98935,-44.18715,320.84,1.05,1.02,2026-09-19,1128,T,70,6.1NRT,305.63,9.64,D
-3.52888,114.60596,319.25,1.07,1.03,2026-09-19,809,A,71,6.1NRT,301.28,9.64,D
-15.69288,25.68606,311.56,1.38,1.16,2026-09-19,631,T,59,6.1NRT,297.38,9.64,D
9.38447,-64.54099,312.71,1.07,1.03,2026-09-19,48,T,85,6.1NRT,292.63,9.64,N
-17.45147,44.41775,318.26,1.12,1.06,2026-09-19,1301,A,66,6.1NRT,300.76,9.63,D
23.65145,76.92212,311.33,1.75,1.3,2026-09-19,956,A,54,6.1NRT,294.84,9.63,D
-21.54888,45.9922,319.61,1.19,1.09,2026-09-19,1301,A,54,6.1NRT,304.15,9.63,D
21.91229,110.56569,316.52,1.02,1.01,2026-09-19,126,T,70,6.1NRT,297.83,9.63,D
-6.12185,38.53576,319.83,1.04,1.02,2026-09-19,1304,A,74,6.1NRT,299.73,9.63,D
-8.44421,117.30802,313.35,1.29,1.13,2026-09-19,809,A,45,6.1NRT,295.39,9.63,D
-4.31379,104.70313,311.58,1.12,1.06,2026-09-19,1353,T,83,6.1NRT,293.19,9.62,N
-12.12898,-45.15769,317.94,1.05,1.02,2026-09-19,1128,T,68,6.1NRT,302.3,9.62,D
-9.2186,37.46451,317.28,1.25,1.11,2026-09-19,1304,A,56,6.1NRT,299.15,9.62,D
-3.68994,-60.60405,313.26,1.0,1.0,2026-09-19,41,T,77,6.1NRT,292.24,9.62,N
-3.03729,112.48627,319.09,1.01,1.0,2026-09-19,811,A,71,6.1NRT,299.95,9.62,D
-18.73232,46.16402,316.79,1.34,1.15,2026-09-19,1301,A,63,6.1NRT,301.66,9.61,D
-22.90295,-43.73033,312.17,1.15,1.07,2026-09-19,1130,T,58,6.1NRT,293.72,9.61,D
-17.21339,37.7486,311.35,1.54,1.22,2026-09-19,1301,A,41,6.1NRT,297.52,9.61,D
-2.51964,115.29733,318.17,1.18,1.08,2026-09-19,811,A,64,6.1NRT,301.54,9.61,D
-6.98984,-42.86545,321.56,1.0,1.0,2026-09-19,1128,T,71,6.1NRT,305.89,9.6,D
-3.12446,114.08752,318.97,1.04,1.02,2026-09-19,811,A,56,6.1NRT,300.66,9.6,D
25.17404,49.31391,312.32,1.0,1.0,2026-09-19,41,A,85,6.1NRT,296.29,9.6,N
-1.68185,112.46188,319.09,1.0,1.0,2026-09-19,811,A,71,6.1NRT,298.41,9.6,D
-18.32171,45.34059,315.66,1.22,1.1,2026-09-19,1301,A,55,6.1NRT,300.88,9.6,D
-20.23033,15.23587,306.23,1.04,1.02,2026-09-19,232,A,33,6.1NRT,282.49,9.6,N
0.65834,127.88194,311.75,1.07,1.03,2026-09-19,1214,T,83,6.1NRT,293.41,9.6,N
-16.56039,39.30371,316.97,1.21,1.09,2026-09-19,1304,A,55,6.1NRT,298.68,9.6,D
-18.51093,25.39708,314.22,1.3,1.13,2026-09-19,633,T,42,6.1NRT,298.34,9.6,D
0.6111,116.2583,312.12,1.5,1.21,2026-09-19,811,A,60,6.1NRT,296.5,9.6,D
-3.03591,104.36003,311.29,1.11,1.05,2026-09-19,1353,T,11,6.1NRT,288.49,9.6,N
-23.5635,45.95559,319.9,1.12,1.06,2026-09-19,1301,A,69,6.1NRT,306.39,9.59,D
-3.69152,-60.60767,303.94,1.59,1.24,2026-09-19,724,A,37,6.1NRT,292.13,9.59,N
-19.92162,45.50954,321.26,1.18,1.08,2026-09-19,1301,A,65,6.1NRT,307.42,9.59,D
-1.16293,113.47732,316.99,1.03,1.01,2026-09-19,811,A,50,6.1NRT,295.88,9.59,D
-6.30243,-45.68658,318.4,1.29,1.13,2026-09-19,1128,T,67,6.1NRT,304.09,9.58,D
6.26826,33.8271,318.71,1.31,1.13,2026-09-19,1308,A,34,6.1NRT,301.31,9.58,D
28.34072,117.21922,314.62,1.42,1.18,2026-09-19,124,T,36,6.1NRT,296.17,9.58,D
-3.99902,136.07904,312.3,1.09,1.04,2026-09-19,631,A,32,6.1NRT,290.32,9.57,D
24.35064,109.8954,314.35,1.1,1.05,2026-09-19,126,T,68,6.1NRT,295.84,9.57,D
-1.92718,115.95791,317.11,1.31,1.14,2026-09-19,811,A,43,6.1NRT,296.96,9.57,D
-2.82784,110.3235,317.99,1.2,1.09,2026-09-19,811,A,44,6.1NRT,298.68,9.56,D
-9.57415,30.08773,318.12,1.01,1.01,2026-09-19,631,T,71,6.1NRT,299.03,9.56,D
-2.92939,112.83886,320.74,1.0,1.0,2026-09-19,811,A,47,6.1NRT,299.84,9.56,D
-18.85344,33.90281,306.36,1.73,1.29,2026-09-19,633,T,31,6.1NRT,293.7,9.55,D
25.69423,117.85965,306.56,1.76,1.3,2026-09-19,124,T,42,6.1NRT,293.74,9.55,D
-17.21695,33.60085,311.15,1.56,1.23,2026-09-19,631,T,49,6.1NRT,295.94,9.55,D
60.43768,97.66688,302.37,1.05,1.02,2026-09-19,253,T,52,6.1NRT,277.97,9.55,D
1.2262,-50.99466,304.92,1.51,1.21,2026-09-19,722,A,62,6.1NRT,292.83,9.54,N
65.432,83.70425,304.98,1.12,1.05,2026-09-19,830,A,60,6.1NRT,285.96,9.54,D
-11.64122,40.02191,320.63,1.02,1.01,2026-09-19,1304,A,71,6.1NRT,301.84,9.54,D
-4.60296,104.26398,315.71,1.06,1.03,2026-09-19,134,T,70,6.1NRT,292.25,9.54,D
20.91483,78.23975,312.32,1.6,1.24,2026-09-19,956,A,27,6.1NRT,293.14,9.52,D
-6.12907,-59.94801,307.76,1.31,1.14,2026-09-19,724,A,72,6.1NRT,293.78,9.52,N
-15.77581,39.805,317.73,1.12,1.05,2026-09-19,1304,A,68,6.1NRT,297.65,9.52,D
-16.37493,29.34171,315.79,1.0,1.0,2026-09-19,631,T,68,6.1NRT,296.34,9.51,D
-1.66508,116.06557,313.61,1.35,1.15,2026-09-19,811,A,46,6.1NRT,296.46,9.51,D
-12.65372,141.89793,316.1,1.13,1.06,2026-09-19,629,A,70,6.1NRT,298.06,9.5,D
-2.84802,102.98492,314.66,1.01,1.01,2026-09-19,1353,T,90,6.1NRT,291.07,9.48,N
-12.43769,40.13136,319.45,1.03,1.01,2026-09-19,1304,A,67,6.1NRT,301.49,9.48,D
-2.20397,110.40567,317.45,1.17,1.08,2026-09-19,811,A,52,6.1NRT,297.61,9.47,D
-11.3404,-47.35151,314.46,1.4,1.17,2026-09-19,1128,T,38,6.1NRT,300.63,9.47,D
-12.84537,28.4173,315.53,1.07,1.03,2026-09-19,631,T,70,6.1NRT,297.5,9.47,D
-7.61399,36.70932,309.5,1.33,1.14,2026-09-19,1304,A,35,6.1NRT,290.43,9.47,D
-13.77666,40.13256,319.32,1.05,1.02,2026-09-19,1304,A,66,6.1NRT,300.59,9.47,D
44.7354,23.1715,313.51,1.2,1.09,2026-09-19,1318,A,71,6.1NRT,299.63,9.47,D
-2.46033,112.94251,317.77,1.0,1.0,2026-09-19,811,A,56,6.1NRT,297.9,9.47,D
-1.77157,110.7267,317.37,1.11,1.05,2026-09-19,811,A,64,6.1NRT,297.14,9.47,D
5.90314,36.02707,322.74,1.04,1.02,2026-09-19,1308,A,53,6.1NRT,305.82,9.46,D
-10.22842,-57.82981,312.07,1.03,1.01,2026-09-19,39,T,84,6.1NRT,294.44,9.45,N
-2.90662,151.9976,314.21,1.0,1.0,2026-09-19,1034,T,84,6.1NRT,295.29,9.45,N
-5.04003,37.32377,317.82,1.14,1.06,2026-09-19,1306,A,31,6.1NRT,302.58,9.45,D
-5.0679,35.53733,315.56,1.47,1.2,2026-09-19,1306,A,40,6.1NRT,303.21,9.44,D
-14.26317,24.28341,307.63,1.83,1.33,2026-09-19,631,T,50,6.1NRT,295.83,9.44,D
-2.52939,110.47205,318.44,1.17,1.08,2026-09-19,811,A,36,6.1NRT,297.56,9.44,D
-1.2695,116.10238,315.24,1.37,1.16,2026-09-19,811,A,34,6.1NRT,297.12,9.43,D
-16.27435,44.6564,315.73,1.19,1.09,2026-09-19,1301,A,61,6.1NRT,300.22,9.43,D
-8.6656,-47.45801,313.94,1.57,1.23,2026-09-19,1128,T,55,6.1NRT,302.81,9.43,D
-10.12252,-45.56063,317.74,1.14,1.06,2026-09-19,1128,T,52,6.1NRT,302.54,9.42,D
-7.3039,38.92522,316.81,1.03,1.02,2026-09-19,1304,A,67,6.1NRT,297.88,9.41,D
-13.61909,27.85207,315.74,1.11,1.05,2026-09-19,631,T,69,6.1NRT,298.59,9.41,D
-9.70625,-54.82441,306.26,1.5,1.21,2026-09-19,39,T,18,6.1NRT,288.02,9.41,N
-13.81246,136.23451,313.5,1.39,1.17,2026-09-19,629,A,54,6.1NRT,295.9,9.41,D
-3.15621,113.94216,322.57,1.03,1.01,2026-09-19,811,A,23,6.1NRT,301.38,9.4,D
-22.4837,45.7607,318.01,1.13,1.06,2026-09-19,1301,A,49,6.1NRT,302.82,9.4,D
25.69779,117.71263,306.75,1.72,1.29,2026-09-19,124,T,52,6.1NRT,294.33,9.4,D
-21.69498,-60.14042,308.66,1.37,1.16,2026-09-19,37,T,75,6.1NRT,294.41,9.4,N
-9.09314,38.2864,315.75,1.13,1.06,2026-09-19,1304,A,62,6.1NRT,297.24,9.4,D
-3.25406,114.70866,320.48,1.09,1.04,2026-09-19,809,A,71,6.1NRT,302.85,9.39,D
-15.99761,-61.60528,307.07,1.44,1.19,2026-09-19,39,T,70,6.1NRT,292.65,9.38,N
-18.9611,138.60663,318.98,1.17,1.08,2026-09-19,629,A,62,6.1NRT,307.18,9.37,D
66.65801,80.45033,304.59,1.0,1.0,2026-09-19,432,T,59,6.1NRT,281.15,9.36,D
-13.68112,26.46156,311.38,1.32,1.14,2026-09-19,631,T,60,6.1NRT,296.77,9.36,D
-16.99255,-45.47329,315.95,1.01,1.0,2026-09-19,1130,T,69,6.1NRT,298.89,9.35,D
45.75081,115.72367,304.32,1.01,1.0,2026-09-19,1227,T,59,6.1NRT,283.09,9.35,N
-9.52133,29.15106,314.82,1.07,1.03,2026-09-19,631,T,65,6.1NRT,294.27,9.35,D
41.43877,122.85139,306.64,1.65,1.26,2026-09-19,120,T,60,6.1NRT,294.3,9.35,D
-2.33504,111.4811,316.52,1.05,1.02,2026-09-19,811,A,66,6.1NRT,293.46,9.35,D
-1.78939,13.70434,302.32,1.6,1.24,2026-09-19,226,A,48,6.1NRT,289.16,9.34,N
26.49606,117.72988,308.33,1.66,1.27,2026-09-19,124,T,38,6.1NRT,292.36,9.34,D
-5.29601,35.49559,315.24,1.49,1.21,2026-09-19,1306,A,48,6.1NRT,302.87,9.34,D
-4.87611,35.28666,314.96,1.53,1.22,2026-09-19,1306,A,25,6.1NRT,302.8,9.34,D
-15.95124,26.14824,314.45,1.28,1.12,2026-09-19,631,T,62,6.1NRT,298.13,9.34,D
-16.3417,31.92447,314.77,1.19,1.09,2026-09-19,631,T,63,6.1NRT,297.77,9.33,D
-11.75795,39.5937,314.77,1.05,1.02,2026-09-19,1304,A,48,6.1NRT,298.59,9.33,D
-21.8822,45.47563,322.8,1.12,1.05,2026-09-19,1301,A,40,6.1NRT,309.2,9.33,D
-4.60335,36.63781,316.96,1.23,1.1,2026-09-19,1306,A,56,6.1NRT,300.98,9.33,D
-10.8903,-54.05234,305.06,1.63,1.26,2026-09-19,39,T,37,6.1NRT,293.47,9.32,N
-2.97007,112.31827,318.71,1.01,1.01,2026-09-19,811,A,40,6.1NRT,297.86,9.32,D
-12.7102,40.22864,319.23,1.03,1.01,2026-09-19,1304,A,66,6.1NRT,303.37,9.32,D
-5.46392,150.00999,309.97,1.14,1.06,2026-09-19,1034,T,79,6.1NRT,293.12,9.31,N
-3.01592,112.87507,322.34,1.0,1.0,2026-09-19,811,A,54,6.1NRT,301.1,9.31,D
-3.37134,115.2225,318.08,1.14,1.06,2026-09-19,809,A,63,6.1NRT,301.14,9.31,D
-23.46663,47.40279,310.89,1.34,1.15,2026-09-19,1259,A,28,6.1NRT,295.67,9.31,D
24.85065,108.18606,315.97,1.06,1.03,2026-09-19,820,A,69,6.1NRT,298.26,9.31,D
44.41896,22.72315,314.44,1.27,1.12,2026-09-19,1318,A,61,6.1NRT,292.1,9.31,D
-15.26357,40.37767,317.82,1.05,1.02,2026-09-19,1304,A,68,6.1NRT,299.11,9.31,D
-7.76395,36.28829,310.81,1.43,1.18,2026-09-19,1304,A,59,6.1NRT,296.44,9.3,D
-1.65618,116.33323,312.4,1.4,1.17,2026-09-19,811,A,55,6.1NRT,296.79,9.3,D
-2.83283,106.25216,307.06,1.45,1.19,2026-09-19,1353,T,64,6.1NRT,293.12,9.3,N
-2.89121,112.67311,317.66,1.0,1.0,2026-09-19,811,A,0,6.1NRT,300.41,9.3,D
-6.94084,-55.04378,307.0,1.6,1.25,2026-09-19,41,T,31,6.1NRT,295.94,9.29,N
-16.91358,38.15132,311.51,1.43,1.18,2026-09-19,1301,A,49,6.1NRT,296.12,9.29,D
-18.54931,25.57309,313.09,1.27,1.12,2026-09-19,633,T,63,6.1NRT,298.37,9.28,D
-24.48167,43.89988,320.17,1.0,1.0,2026-09-19,1259,A,62,6.1NRT,305.09,9.28,D
-18.02359,45.97074,315.68,1.34,1.15,2026-09-19,1301,A,54,6.1NRT,301.86,9.27,D
23.29099,116.23442,315.63,1.51,1.21,2026-09-19,126,T,36,6.1NRT,298.66,9.27,D
-8.35763,-47.57227,313.85,1.62,1.25,2026-09-19,1128,T,40,6.1NRT,301.75,9.27,D
-3.0605,11.67305,310.6,1.54,1.22,2026-09-19,807,T,43,6.1NRT,287.57,9.26,D
26.50713,117.73196,308.25,1.66,1.27,2026-09-19,124,T,45,6.1NRT,292.18,9.26,D
-15.43168,26.77199,314.59,1.2,1.09,2026-09-19,631,T,66,6.1NRT,298.1,9.26,D
-13.71515,24.53283,307.5,1.8,1.31,2026-09-19,631,T,47,6.1NRT,296.04,9.26,D
-11.7593,39.58422,314.14,1.05,1.03,2026-09-19,1304,A,34,6.1NRT,298.72,9.25,D
43.15658,-0.61579,305.08,1.47,1.2,2026-09-19,934,T,60,6.1NRT,291.95,9.25,D
-8.22934,112.03822,317.2,1.12,1.06,2026-09-19,809,A,40,6.1NRT,298.82,9.24,D
-3.48389,-59.58223,312.73,1.01,1.01,2026-09-19,41,T,86,6.1NRT,295.91,9.24,N
-2.61244,108.04901,303.22,2.01,1.38,2026-09-19,1353,T,46,6.1NRT,290.94,9.23,N
-2.85676,110.4295,316.64,1.18,1.08,2026-09-19,811,A,65,6.1NRT,298.32,9.23,D
-7.79445,38.71888,318.64,1.05,1.03,2026-09-19,1304,A,69,6.1NRT,299.3,9.23,D
2.98674,113.67278,315.4,1.12,1.05,2026-09-19,811,A,70,6.1NRT,296.57,9.23,D
-13.90674,131.79781,310.52,1.17,1.07,2026-09-19,1208,T,67,6.1NRT,296.38,9.23,N
-34.46039,150.87668,307.38,1.65,1.26,2026-09-19,625,A,49,6.1NRT,296.54,9.22,D
-22.9124,-43.73168,312.24,1.15,1.07,2026-09-19,1130,T,39,6.1NRT,293.51,9.22,D
-3.45026,104.87231,310.82,1.17,1.08,2026-09-19,1353,T,81,6.1NRT,293.35,9.22,N
-3.17117,112.51253,316.99,1.01,1.0,2026-09-19,811,A,66,6.1NRT,298.14,9.22,D
-17.01536,18.3796,303.71,1.35,1.15,2026-09-19,232,A,57,6.1NRT,289.32,9.21,N
-9.51362,29.16186,314.91,1.07,1.03,2026-09-19,631,T,66,6.1NRT,294.59,9.21,D
-14.49494,27.12897,313.98,1.18,1.08,2026-09-19,631,T,65,6.1NRT,297.72,9.21,D
-0.37874,38.05652,324.79,1.01,1.0,2026-09-19,1306,A,76,6.1NRT,308.47,9.2,D
-17.22263,44.22348,317.19,1.11,1.05,2026-09-19,1301,A,44,6.1NRT,299.69,9.2,D
-7.03689,29.25885,312.0,1.12,1.05,2026-09-19,629,T,63,6.1NRT,290.85,9.2,D
-8.11933,113.30177,319.27,1.02,1.01,2026-09-19,809,A,71,6.1NRT,299.86,9.2,D
-21.53064,43.8647,320.51,1.01,1.0,2026-09-19,1301,A,69,6.1NRT,304.71,9.19,D
-2.82756,122.1756,304.52,1.71,1.28,2026-09-19,1212,T,60,6.1NRT,289.74,9.19,N
0.84037,122.96432,309.34,1.32,1.14,2026-09-19,1214,T,17,6.1NRT,293.09,9.19,N
-17.0885,37.75492,311.36,1.54,1.22,2026-09-19,1301,A,29,6.1NRT,296.48,9.18,D
-2.90468,105.16386,310.32,1.23,1.1,2026-09-19,1353,T,59,6.1NRT,293.53,9.18,N
-14.45304,39.44698,318.25,1.12,1.06,2026-09-19,1304,A,49,6.1NRT,301.73,9.17,D
62.26926,94.02768,304.98,1.03,1.02,2026-09-19,828,A,60,6.1NRT,286.74,9.17,D
-3.21054,115.12556,318.98,1.13,1.06,2026-09-19,809,A,68,6.1NRT,301.71,9.17,D
-8.11803,113.31071,319.66,1.02,1.01,2026-09-19,809,A,74,6.1NRT,298.32,9.16,D
-23.59606,46.04938,318.77,1.13,1.06,2026-09-19,1259,A,58,6.1NRT,305.56,9.16,D
-3.75531,-55.95526,305.31,1.54,1.22,2026-09-19,41,T,64,6.1NRT,286.76,9.16,N
-4.95194,35.47598,315.21,1.48,1.2,2026-09-19,1306,A,42,6.1NRT,303.48,9.16,D
43.91246,87.30922,311.07,1.45,1.19,2026-09-19,300,T,61,6.1NRT,297.67,9.16,D
-14.90406,29.3725,318.4,1.0,1.0,2026-09-19,631,T,70,6.1NRT,300.28,9.15,D
-7.75432,-46.72284,315.42,1.43,1.18,2026-09-19,1128,T,46,6.1NRT,303.51,9.15,D
-7.57172,-57.69061,311.92,1.09,1.04,2026-09-19,41,T,82,6.1NRT,295.38,9.15,N
-14.4336,39.78865,316.38,1.09,1.04,2026-09-19,1304,A,48,6.1NRT,298.52,9.15,D
48.02112,17.44933,309.86,1.87,1.34,2026-09-19,1321,A,67,6.1NRT,298.32,9.15,D
-6.20077,-57.7752,309.48,1.11,1.05,2026-09-19,41,T,76,6.1NRT,289.66,9.15,N
65.07278,72.10883,302.4,1.25,1.11,2026-09-19,432,T,25,6.1NRT,281.2,9.14,D
-16.0234,-61.81855,305.11,1.49,1.2,2026-09-19,39,T,63,6.1NRT,292.92,9.14,N
-13.22797,40.09858,318.14,1.04,1.02,2026-09-19,1304,A,60,6.1NRT,300.1,9.14,D
-2.37317,114.91485,316.53,1.13,1.06,2026-09-19,811,A,54,6.1NRT,299.98,9.14,D
6.43614,35.5754,317.2,1.06,1.03,2026-09-19,1308,A,41,6.1NRT,298.15,9.14,D
-18.74498,44.7701,317.08,1.13,1.06,2026-09-19,1301,A,58,6.1NRT,300.26,9.13,D
-2.91456,115.51666,313.87,1.2,1.09,2026-09-19,811,A,56,6.1NRT,296.31,9.13,D
-20.59691,46.40749,315.66,1.3,1.13,2026-09-19,1301,A,62,6.1NRT,304.19,9.13,D
38.87661,-96.22179,311.55,1.04,1.02,2026-09-19,232,T,80,6.1NRT,295.22,9.13,N
-11.23209,40.04709,317.0,1.02,1.01,2026-09-19,1304,A,67,6.1NRT,297.9,9.12,D
-0.94397,113.77244,314.19,1.05,1.02,2026-09-19,811,A,62,6.1NRT,292.7,9.12,D
51.56289,52.74471,305.6,1.44,1.19,2026-09-19,614,T,58,6.1NRT,293.1,9.12,D
-8.20475,38.8794,317.56,1.05,1.02,2026-09-19,1304,A,67,6.1NRT,300.54,9.12,D
-6.95504,109.36025,314.22,1.5,1.21,2026-09-19,134,T,57,6.1NRT,294.71,9.11,D
1.23099,38.82347,325.98,1.01,1.01,2026-09-19,1306,A,60,6.1NRT,311.6,9.11,D
-2.56564,116.01741,316.3,1.3,1.13,2026-09-19,811,A,64,6.1NRT,299.97,9.11,D
29.06033,20.78711,302.68,1.46,1.19,2026-09-19,219,A,51,6.1NRT,292.63,9.11,N
-7.23137,29.45537,314.31,1.09,1.04,2026-09-19,629,T,71,6.1NRT,290.62,9.1,D
-11.30819,-46.75404,315.56,1.28,1.12,2026-09-19,1128,T,60,6.1NRT,301.53,9.1,D
-17.01299,37.6231,311.89,1.57,1.23,2026-09-19,1301,A,49,6.1NRT,296.28,9.09,D
-18.9664,138.60196,319.85,1.17,1.08,2026-09-19,629,A,46,6.1NRT,307.03,9.09,D
-1.89013,115.86613,317.38,1.3,1.13,2026-09-19,811,A,30,6.1NRT,297.33,9.08,D
-3.17891,112.45995,318.85,1.01,1.0,2026-09-19,811,A,38,6.1NRT,299.4,9.08,D
-10.6635,39.05359,317.46,1.08,1.04,2026-09-19,1304,A,63,6.1NRT,299.63,9.07,D
-20.76998,46.54044,314.99,1.31,1.14,2026-09-19,1301,A,61,6.1NRT,303.1,9.06,D
-3.25547,114.69923,319.66,1.08,1.04,2026-09-19,809,A,70,6.1NRT,302.02,9.06,D
-13.67048,38.35968,319.03,1.26,1.11,2026-09-19,1304,A,47,6.1NRT,303.33,9.06,D
-10.52753,26.95936,312.22,1.36,1.16,2026-09-19,631,T,64,6.1NRT,295.8,9.06,D
-10.70676,28.99167,315.84,1.06,1.03,2026-09-19,631,T,69,6.1NRT,297.7,9.06,D
-5.93997,-42.08722,321.32,1.0,1.0,2026-09-19,1125,T,72,6.1NRT,303.23,9.05,D
-13.17541,131.8176,311.51,1.19,1.09,2026-09-19,1210,T,43,6.1NRT,296.42,9.05,N
-13.14279,-45.23121,316.25,1.04,1.02,2026-09-19,1128,T,66,6.1NRT,299.27,9.05,D
-17.08849,37.84024,312.47,1.51,1.21,2026-09-19,1301,A,16,6.1NRT,297.79,9.05,D
-3.13787,112.81645,319.4,1.0,1.0,2026-09-19,811,A,24,6.1NRT,299.86,9.04,D
8.72365,-62.90635,314.0,1.04,1.02,2026-09-19,1259,T,60,6.1NRT,290.55,9.04,D
-7.85335,38.30399,319.74,1.09,1.04,2026-09-19,1304,A,71,6.1NRT,304.32,9.04,D
7.18471,-61.86607,314.62,1.19,1.08,2026-09-19,1259,T,55,6.1NRT,295.62,9.03,D
44.39349,23.08849,316.69,1.23,1.1,2026-09-19,1318,A,71,6.1NRT,298.07,9.02,D
-4.53171,-54.93696,303.78,1.79,1.31,2026-09-19,41,T,18,6.1NRT,286.18,9.02,N
-6.92022,-63.11777,304.0,1.37,1.16,2026-09-19,41,T,54,6.1NRT,281.92,9.02,N
-3.8606,105.86311,308.65,1.32,1.14,2026-09-19,1353,T,75,6.1NRT,293.97,9.02,N
28.37096,117.39291,312.75,1.46,1.19,2026-09-19,124,T,32,6.1NRT,295.57,9.02,D
0.79297,116.53394,311.0,1.59,1.24,2026-09-19,811,A,57,6.1NRT,296.04,9.02,D
-10.76226,29.56066,314.88,1.02,1.01,2026-09-19,631,T,62,6.1NRT,295.6,9.01,D
-2.55677,112.91903,317.44,1.0,1.0,2026-09-19,811,A,68,6.1NRT,297.06,9.0,D
-2.92035,105.12232,310.28,1.22,1.1,2026-09-19,1353,T,54,6.1NRT,292.71,9.0,N
-13.36064,39.80722,320.07,1.06,1.03,2026-09-19,1304,A,67,6.1NRT,303.25,9.0,D
-2.81204,111.74847,317.89,1.04,1.02,2026-09-19,811,A,38,6.1NRT,299.53,9.0,D
-9.93669,29.96766,315.8,1.01,1.01,2026-09-19,631,T,62,6.1NRT,300.03,8.99,D
30.7607,48.28026,310.01,1.09,1.04,2026-09-19,39,A,78,6.1NRT,299.29,8.99,N
2.78092,125.40888,309.71,1.01,1.0,2026-09-19,1214,T,67,6.1NRT,291.58,8.99,N
-3.47772,114.69681,320.02,1.08,1.04,2026-09-19,809,A,71,6.1NRT,301.78,8.98,D
-3.32628,114.16338,316.56,1.04,1.02,2026-09-19,809,A,63,6.1NRT,298.5,8.98,D
-2.15944,112.17009,318.14,1.01,1.0,2026-09-19,811,A,60,6.1NRT,296.48,8.98,D
66.70962,80.43167,304.7,1.0,1.0,2026-09-19,432,T,56,6.1NRT,280.24,8.98,D
-19.4036,44.64787,318.93,1.1,1.04,2026-09-19,1301,A,64,6.1NRT,303.89,8.97,D
-13.35653,24.38182,307.11,1.87,1.34,2026-09-19,631,T,46,6.1NRT,294.75,8.97,D
-15.97183,-63.24298,302.15,1.89,1.34,2026-09-19,39,T,47,6.1NRT,288.82,8.97,N
6.36179,36.09655,320.75,1.12,1.06,2026-09-19,627,T,52,6.1NRT,301.77,8.97,D
-14.45165,39.45709,317.75,1.12,1.06,2026-09-19,1304,A,53,6.1NRT,300.72,8.95,D
-17.57723,-45.38333,312.89,1.0,1.0,2026-09-19,1130,T,65,6.1NRT,295.7,8.95,D
-16.43251,38.10133,313.63,1.42,1.18,2026-09-19,1304,A,57,6.1NRT,298.1,8.95,D
-1.30837,103.78416,309.33,1.09,1.04,2026-09-19,1353,T,53,6.1NRT,288.86,8.94,N
31.27998,48.11804,309.21,1.12,1.05,2026-09-19,39,A,76,6.1NRT,297.29,8.94,N
23.90671,106.20878,315.15,1.01,1.01,2026-09-19,820,A,70,6.1NRT,295.79,8.94,D
-7.06367,37.4299,314.48,1.18,1.08,2026-09-19,1304,A,43,6.1NRT,298.51,8.94,D
-10.27203,39.14548,317.61,1.06,1.03,2026-09-19,1304,A,64,6.1NRT,298.36,8.94,D
-9.57662,29.21412,313.96,1.06,1.03,2026-09-19,631,T,64,6.1NRT,295.54,8.94,D
-11.43802,30.93249,315.77,1.01,1.0,2026-09-19,631,T,70,6.1NRT,297.99,8.94,D
-12.01512,142.58833,308.98,1.26,1.11,2026-09-19,629,A,62,6.1NRT,283.95,8.93,D
-14.05608,28.92562,316.3,1.02,1.01,2026-09-19,631,T,68,6.1NRT,298.36,8.93,D
37.47626,-98.09348,308.5,1.26,1.11,2026-09-19,232,T,70,6.1NRT,295.64,8.92,N
-9.15087,32.03442,317.57,1.04,1.02,2026-09-19,629,T,70,6.1NRT,298.57,8.92,D
-19.02517,44.818,316.66,1.12,1.06,2026-09-19,1301,A,60,6.1NRT,300.76,8.92,D
-1.57228,110.50571,316.04,1.13,1.06,2026-09-19,811,A,34,6.1NRT,294.07,8.92,D
-11.28237,40.27192,317.93,1.01,1.0,2026-09-19,1304,A,70,6.1NRT,300.5,8.91,D
-13.61758,27.84211,315.18,1.11,1.05,2026-09-19,631,T,68,6.1NRT,298.35,8.91,D
-3.11397,104.25848,310.8,1.1,1.05,2026-09-19,1353,T,81,6.1NRT,288.75,8.91,N
-13.64953,39.98557,320.78,1.05,1.03,2026-09-19,1304,A,55,6.1NRT,303.49,8.91,D
-15.65691,134.28828,304.99,1.57,1.24,2026-09-19,1208,T,62,6.1NRT,293.55,8.91,N
-6.76391,-59.43112,312.81,1.0,1.0,2026-09-19,41,T,85,6.1NRT,294.56,8.9,N
12.98264,104.7166,311.53,1.65,1.26,2026-09-19,816,A,39,6.1NRT,290.99,8.9,D
1.11348,124.62513,308.92,1.07,1.03,2026-09-19,1214,T,76,6.1NRT,288.51,8.89,N
-2.13483,113.4715,319.97,1.01,1.01,2026-09-19,811,A,55,6.1NRT,298.7,8.89,D
-3.11822,114.50374,319.01,1.07,1.03,2026-09-19,811,A,49,6.1NRT,301.08,8.88,D
-7.76149,38.7555,318.84,1.05,1.02,2026-09-19,1304,A,69,6.1NRT,300.99,8.88,D
-4.66696,104.42715,309.03,1.08,1.04,2026-09-19,1350,T,66,6.1NRT,292.12,8.88,N
48.23059,42.52404,314.49,1.08,1.04,2026-09-19,614,T,70,6.1NRT,295.41,8.86,D
-0.09711,35.95858,313.54,1.32,1.14,2026-09-19,629,T,71,6.1NRT,296.76,8.86,D
-1.10922,115.65838,314.15,1.29,1.13,2026-09-19,811,A,63,6.1NRT,296.95,8.86,D
-10.58153,-46.54514,316.0,1.27,1.12,2026-09-19,1128,T,48,6.1NRT,302.49,8.86,D
-3.24343,112.34048,316.03,1.01,1.01,2026-09-19,811,A,64,6.1NRT,298.78,8.86,D
-2.80772,106.35294,306.56,1.48,1.2,2026-09-19,1353,T,62,6.1NRT,292.72,8.86,N
-0.57259,37.87411,324.39,1.01,1.01,2026-09-19,1306,A,76,6.1NRT,308.08,8.86,D
-3.10635,112.4044,317.92,1.01,1.0,2026-09-19,811,A,63,6.1NRT,297.91,8.85,D
-9.15599,32.2041,316.5,1.06,1.03,2026-09-19,629,T,68,6.1NRT,299.31,8.85,D
-19.33625,44.48473,315.08,1.08,1.04,2026-09-19,1301,A,52,6.1NRT,299.37,8.85,D
-3.33884,105.42284,308.45,1.26,1.11,2026-09-19,1353,T,71,6.1NRT,292.26,8.84,N
-10.5002,-46.27754,317.41,1.23,1.1,2026-09-19,1128,T,52,6.1NRT,303.88,8.84,D
-18.09672,47.97838,309.89,1.85,1.33,2026-09-19,1301,A,20,6.1NRT,298.51,8.83,D
-3.03186,104.3893,308.83,1.12,1.05,2026-09-19,1353,T,54,6.1NRT,284.73,8.83,N
-9.51669,32.82349,316.23,1.12,1.06,2026-09-19,631,T,69,6.1NRT,298.99,8.82,D
-2.61685,112.64924,318.68,1.0,1.0,2026-09-19,811,A,43,6.1NRT,298.42,8.82,D
-3.19778,111.90071,319.35,1.04,1.02,2026-09-19,811,A,33,6.1NRT,298.77,8.82,D
-1.41169,121.29586,300.1,1.9,1.35,2026-09-19,1214,T,9,6.1NRT,286.27,8.81,N
-2.40948,104.34493,314.81,1.1,1.05,2026-09-19,134,T,65,6.1NRT,294.34,8.81,D
-3.16885,112.46742,317.95,1.01,1.0,2026-09-19,811,A,51,6.1NRT,299.31,8.8,D
-10.9653,32.97595,318.74,1.18,1.08,2026-09-19,631,T,72,6.1NRT,302.43,8.79,D
-7.5582,28.97325,310.34,1.14,1.06,2026-09-19,629,T,62,6.1NRT,289.36,8.79,D
-13.87731,25.30865,308.83,1.57,1.23,2026-09-19,631,T,53,6.1NRT,296.38,8.79,D
-24.60581,31.65025,309.21,1.44,1.19,2026-09-19,635,T,50,6.1NRT,288.38,8.78,D
-9.97154,29.83389,317.12,1.02,1.01,2026-09-19,631,T,70,6.1NRT,299.02,8.78,D
-2.59643,112.64942,316.38,1.0,1.0,2026-09-19,811,A,66,6.1NRT,296.86,8.77,D
-8.47977,-47.01333,314.48,1.46,1.2,2026-09-19,1128,T,52,6.1NRT,302.52,8.77,D
-2.91788,112.91714,319.16,1.0,1.0,2026-09-19,811,A,40,6.1NRT,300.75,8.77,D
35.08227,43.43629,320.22,1.14,1.07,2026-09-19,618,T,61,6.1NRT,305.85,8.77,D
-2.9886,110.86085,317.87,1.13,1.06,2026-09-19,811,A,21,6.1NRT,298.77,8.77,D
42.7105,24.18246,306.99,1.53,1.22,2026-09-19,754,T,26,6.1NRT,292.66,8.76,D
-5.59279,34.35649,311.81,1.23,1.1,2026-09-19,629,T,56,6.1NRT,295.03,8.76,D
-2.49865,110.35275,314.65,1.18,1.08,2026-09-19,811,A,62,6.1NRT,297.49,8.76,D
-19.65446,44.7528,318.91,1.1,1.05,2026-09-19,1301,A,47,6.1NRT,305.13,8.76,D
44.26224,121.59107,311.32,1.24,1.11,2026-09-19,120,T,64,6.1NRT,294.99,8.76,D
28.99453,117.54707,310.76,1.45,1.19,2026-09-19,124,T,45,6.1NRT,294.01,8.76,D
-18.6318,25.38224,313.97,1.3,1.13,2026-09-19,633,T,45,6.1NRT,298.98,8.75,D
-7.09183,-42.08648,320.2,1.01,1.01,2026-09-19,1128,T,55,6.1NRT,305.32,8.75,D
-14.72163,32.80763,312.22,1.28,1.12,2026-09-19,631,T,60,6.1NRT,296.06,8.75,D
43.82151,122.2349,308.73,1.36,1.15,2026-09-19,120,T,60,6.1NRT,293.67,8.74,D
-3.17877,113.97295,319.71,1.03,1.01,2026-09-19,811,A,56,6.1NRT,299.97,8.74,D
-13.1186,40.14588,318.33,1.04,1.02,2026-09-19,1304,A,64,6.1NRT,297.67,8.73,D
-13.81701,39.51314,319.58,1.1,1.05,2026-09-19,1304,A,24,6.1NRT,297.87,8.73,D
-10.86112,27.92968,312.61,1.18,1.08,2026-09-19,631,T,61,6.1NRT,295.93,8.73,D
5.64273,104.9808,310.99,1.24,1.11,2026-09-19,132,T,45,6.1NRT,290.94,8.73,D
-0.47625,111.617,317.93,1.02,1.01,2026-09-19,811,A,57,6.1NRT,298.63,8.72,D
-9.09011,32.52378,315.92,1.08,1.04,2026-09-19,629,T,68,6.1NRT,297.41,8.72,D
-19.83132,44.92281,319.02,1.11,1.05,2026-09-19,1301,A,63,6.1NRT,302.62,8.71,D
-5.45933,38.82569,315.96,1.02,1.01,2026-09-19,1306,A,69,6.1NRT,298.92,8.71,D
-0.46873,111.6069,318.1,1.02,1.01,2026-09-19,811,A,59,6.1NRT,298.97,8.71,D
-9.70721,30.29329,316.28,1.0,1.0,2026-09-19,631,T,35,6.1NRT,297.51,8.71,D
-2.75359,103.33597,313.21,1.23,1.1,2026-09-19,134,T,62,6.1NRT,294.31,8.7,D
-3.03368,104.3888,315.31,1.08,1.04,2026-09-19,134,T,57,6.1NRT,295.13,8.7,D
-1.83817,116.21303,312.73,1.37,1.16,2026-09-19,811,A,54,6.1NRT,297.07,8.7,D
-15.19457,30.31329,317.76,1.02,1.01,2026-09-19,631,T,69,6.1NRT,299.25,8.7,D
-10.62456,40.23022,319.05,1.01,1.0,2026-09-19,1304,A,49,6.1NRT,300.71,8.69,D
-17.67021,25.72719,312.67,1.28,1.12,2026-09-19,633,T,60,6.1NRT,298.26,8.69,D
-2.14265,113.41864,317.48,1.01,1.01,2026-09-19,811,A,66,6.1NRT,297.69,8.69,D
-12.99497,132.14108,306.52,1.25,1.11,2026-09-19,1210,T,27,6.1NRT,289.06,8.68,N
8.55833,-64.13099,313.03,1.0,1.0,2026-09-19,1259,T,62,6.1NRT,289.07,8.68,D
-1.23177,111.81348,316.01,1.02,1.01,2026-09-19,811,A,68,6.1NRT,296.36,8.66,D
-5.66095,-43.38661,318.71,1.03,1.01,2026-09-19,1125,T,66,6.1NRT,301.88,8.66,D
-22.9859,45.16805,317.88,1.06,1.03,2026-09-19,1301,A,63,6.1NRT,305.05,8.65,D
-0.35087,116.00203,313.03,1.39,1.17,2026-09-19,811,A,62,6.1NRT,296.91,8.65,D
-8.46928,-47.01152,314.91,1.46,1.2,2026-09-19,1128,T,53,6.1NRT,302.97,8.64,D
-13.87503,25.29457,308.73,1.57,1.23,2026-09-19,631,T,53,6.1NRT,296.32,8.64,D
-3.17678,114.92539,321.29,1.11,1.05,2026-09-19,809,A,32,6.1NRT,303.81,8.64,D
-1.95981,113.02491,318.37,1.0,1.0,2026-09-19,811,A,69,6.1NRT,298.93,8.63,D
43.38425,-0.59345,308.09,1.46,1.19,2026-09-19,934,T,44,6.1NRT,294.24,8.63,D
-18.509,25.38508,313.73,1.3,1.13,2026-09-19,633,T,41,6.1NRT,298.75,8.63,D
44.49281,124.08582,307.36,1.62,1.25,2026-09-19,120,T,50,6.1NRT,294.99,8.63,D
-7.11738,-44.0282,318.2,1.05,1.02,2026-09-19,1128,T,64,6.1NRT,304.05,8.63,D
-16.18107,-61.78588,304.75,1.49,1.2,2026-09-19,39,T,61,6.1NRT,292.53,8.62,N
-8.71147,30.75407,316.07,1.0,1.0,2026-09-19,629,T,61,6.1NRT,298.2,8.62,D
-16.18151,130.48857,312.58,1.01,1.01,2026-09-19,1208,T,85,6.1NRT,296.42,8.62,N
-6.44445,-59.98548,312.59,1.0,1.0,2026-09-19,41,T,54,6.1NRT,293.94,8.62,N
-12.57187,136.26656,314.62,1.33,1.14,2026-09-19,629,A,24,6.1NRT,298.64,8.62,D
-10.90897,31.75897,315.3,1.05,1.02,2026-09-19,631,T,65,6.1NRT,297.09,8.61,D
-13.00569,-46.98962,315.18,1.25,1.11,2026-09-19,1128,T,42,6.1NRT,300.23,8.61,D
0.59116,128.40768,309.2,1.13,1.06,2026-09-19,1214,T,77,6.1NRT,294.51,8.61,N
-18.68468,25.39106,311.92,1.29,1.13,2026-09-19,633,T,50,6.1NRT,298.06,8.61,D
-4.49243,-54.99034,303.6,1.78,1.31,2026-09-19,41,T,26,6.1NRT,289.41,8.61,N
-3.3471,105.43528,307.75,1.26,1.12,2026-09-19,1353,T,68,6.1NRT,292.19,8.61,N
-11.36811,130.93037,309.69,1.13,1.06,2026-09-19,1210,T,76,6.1NRT,295.07,8.61,N
-2.7528,110.275,315.84,1.2,1.09,2026-09-19,811,A,58,6.1NRT,297.54,8.61,D
-14.66638,29.5037,315.74,1.0,1.0,2026-09-19,631,T,66,6.1NRT,297.5,8.6,D
25.25373,48.10949,310.02,1.01,1.01,2026-09-19,41,A,79,6.1NRT,296.75,8.6,N
65.50323,83.04859,303.82,1.15,1.07,2026-09-19,830,A,56,6.1NRT,285.64,8.6,D
-2.89927,103.88155,309.16,1.07,1.03,2026-09-19,1353,T,57,6.1NRT,291.55,8.6,N
-10.2448,30.57511,316.66,1.0,1.0,2026-09-19,631,T,69,6.1NRT,298.48,8.6,D
6.86698,35.98588,317.18,1.03,1.01,2026-09-19,1308,A,49,6.1NRT,301.47,8.59,D
-7.43379,33.26423,315.84,1.13,1.06,2026-09-19,629,T,67,6.1NRT,297.53,8.59,D
-12.8385,40.03773,318.8,1.04,1.02,2026-09-19,1304,A,65,6.1NRT,300.57,8.59,D
-15.11442,29.0997,315.98,1.01,1.0,2026-09-19,631,T,68,6.1NRT,299.21,8.58,D
-15.86094,-61.40782,305.36,1.39,1.17,2026-09-19,39,T,64,6.1NRT,292.84,8.58,N
-7.59075,-43.4429,318.99,1.01,1.01,2026-09-19,1128,T,67,6.1NRT,303.2,8.58,D
27.99247,22.32375,304.26,1.16,1.07,2026-09-19,219,A,59,6.1NRT,291.9,8.58,N
-2.92094,30.52176,316.09,1.07,1.03,2026-09-19,629,T,66,6.1NRT,295.63,8.58,D
-1.85708,115.39758,316.08,1.22,1.1,2026-09-19,811,A,38,6.1NRT,299.31,8.57,D
-2.2784,115.44309,317.01,1.21,1.09,2026-09-19,811,A,43,6.1NRT,299.92,8.57,D
-1.03177,116.88687,311.92,1.58,1.24,2026-09-19,811,A,53,6.1NRT,298.24,8.57,D
39.43068,118.46874,314.15,1.11,1.05,2026-09-19,122,T,70,6.1NRT,298.32,8.57,D
-7.15877,37.34335,317.09,1.2,1.09,2026-09-19,1304,A,50,6.1NRT,300.77,8.57,D
-2.76432,110.81926,315.14,1.13,1.06,2026-09-19,811,A,28,6.1NRT,297.87,8.56,D
-15.6252,30.96808,314.91,1.06,1.03,2026-09-19,631,T,66,6.1NRT,295.78,8.56,D
-2.66818,110.71922,316.28,1.14,1.06,2026-09-19,811,A,39,6.1NRT,298.11,8.55,D
-2.56071,112.19984,318.18,1.01,1.01,2026-09-19,811,A,54,6.1NRT,297.48,8.55,D
-13.63922,39.99362,320.49,1.05,1.03,2026-09-19,1304,A,67,6.1NRT,303.84,8.54,D
-15.03234,30.47164,317.66,1.02,1.01,2026-09-19,631,T,70,6.1NRT,299.62,8.54,D
-8.60564,-54.59705,306.96,1.2,1.09,2026-09-19,724,A,70,6.1NRT,294.73,8.54,N
-10.50375,-46.71644,316.86,1.31,1.13,2026-09-19,1128,T,64,6.1NRT,303.65,8.54,D
-7.87244,-45.11332,318.43,1.14,1.07,2026-09-19,1128,T,64,6.1NRT,305.39,8.54,D
-3.14385,112.89736,318.85,1.0,1.0,2026-09-19,811,A,32,6.1NRT,300.73,8.54,D
10.21401,-64.61322,311.89,1.06,1.03,2026-09-19,48,T,84,6.1NRT,294.44,8.54,N
4.91657,32.80854,320.08,1.03,1.01,2026-09-19,627,T,48,6.1NRT,299.16,8.52,D
42.76543,75.93158,316.96,1.01,1.01,2026-09-19,1002,A,76,6.1NRT,301.67,8.52,D
-1.77301,110.71704,316.84,1.11,1.05,2026-09-19,811,A,36,6.1NRT,296.88,8.52,D
-7.83731,-55.4146,305.69,1.46,1.19,2026-09-19,41,T,65,6.1NRT,295.59,8.52,N
-15.91257,37.92147,314.24,1.44,1.19,2026-09-19,1304,A,56,6.1NRT,298.76,8.52,D
-3.16677,113.73816,318.14,1.02,1.01,2026-09-19,811,A,30,6.1NRT,298.07,8.51,D
-23.48455,46.31948,314.49,1.17,1.08,2026-09-19,1301,A,57,6.1NRT,302.16,8.51,D
-3.08397,112.41257,317.15,1.01,1.0,2026-09-19,811,A,48,6.1NRT,297.99,8.5,D
-17.6421,27.65258,316.99,1.05,1.02,2026-09-19,633,T,69,6.1NRT,299.49,8.5,D
-14.33871,25.54375,310.3,1.48,1.2,2026-09-19,631,T,42,6.1NRT,296.04,8.5,D
-21.59296,45.54212,319.89,1.13,1.06,2026-09-19,1301,A,68,6.1NRT,305.4,8.5,D
-1.76808,113.32964,318.77,1.01,1.01,2026-09-19,811,A,22,6.1NRT,300.45,8.5,D
-11.83102,-47.62359,315.16,1.43,1.18,2026-09-19,1128,T,52,6.1NRT,301.27,8.5,D
-4.11581,114.63636,315.1,1.06,1.03,2026-09-19,809,A,41,6.1NRT,293.11,8.49,D
-20.89837,46.87508,311.23,1.37,1.16,2026-09-19,1301,A,45,6.1NRT,298.24,8.49,D
28.99824,117.17948,312.17,1.38,1.16,2026-09-19,124,T,44,6.1NRT,295.09,8.49,D
21.678,78.03727,310.29,1.6,1.24,2026-09-19,956,A,61,6.1NRT,292.7,8.49,D
-3.22102,114.68822,317.39,1.08,1.04,2026-09-19,809,A,64,6.1NRT,300.27,8.48,D
-3.00699,110.99294,317.18,1.11,1.05,2026-09-19,811,A,63,6.1NRT,298.29,8.48,D
-6.32873,-55.28521,301.79,1.57,1.24,2026-09-19,41,T,21,6.1NRT,278.59,8.48,N
-23.29016,45.58651,321.06,1.09,1.04,2026-09-19,1301,A,69,6.1NRT,309.95,8.48,D
0.92594,121.40497,304.84,1.71,1.28,2026-09-19,1214,T,62,6.1NRT,292.88,8.48,N
-16.70463,29.84586,314.19,1.01,1.01,2026-09-19,631,T,67,6.1NRT,295.94,8.48,D
-6.24897,32.63879,318.09,1.04,1.02,2026-09-19,629,T,70,6.1NRT,298.15,8.47,D
-11.23339,40.03805,316.59,1.02,1.01,2026-09-19,1304,A,66,6.1NRT,299.19,8.47,D
40.5938,122.37456,312.1,1.34,1.15,2026-09-19,644,A,52,6.1NRT,298.88,8.47,D
-2.89028,111.28056,317.26,1.08,1.04,2026-09-19,811,A,42,6.1NRT,297.82,8.46,D
-9.52427,28.18166,314.57,1.19,1.08,2026-09-19,631,T,66,6.1NRT,297.53,8.45,D
-13.04276,39.70642,319.01,1.07,1.03,2026-09-19,1304,A,65,6.1NRT,297.63,8.45,D
-8.4992,-57.624,310.06,1.0,1.0,2026-09-19,724,A,79,6.1NRT,294.52,8.45,N
51.59638,52.94196,303.86,1.47,1.2,2026-09-19,614,T,53,6.1NRT,291.85,8.45,D
-8.53368,140.41998,314.16,1.08,1.04,2026-09-19,629,A,40,6.1NRT,290.26,8.45,D
-1.61868,110.68768,315.77,1.11,1.05,2026-09-19,811,A,66,6.1NRT,297.16,8.44,D
63.22648,106.70932,300.04,1.4,1.17,2026-09-19,652,A,22,6.1NRT,284.06,8.44,D
-3.95084,138.79715,309.91,1.03,1.01,2026-09-19,631,A,69,6.1NRT,284.38,8.44,D
-2.79994,112.21787,316.56,1.01,1.01,2026-09-19,811,A,50,6.1NRT,298.07,8.43,D
-3.12007,104.41759,308.41,1.12,1.05,2026-09-19,1353,T,61,6.1NRT,285.26,8.43,N
-12.54595,40.27551,319.69,1.02,1.01,2026-09-19,1304,A,67,6.1NRT,303.44,8.42,D
27.59541,116.63517,311.77,1.35,1.15,2026-09-19,124,T,39,6.1NRT,295.18,8.42,D
-12.52896,40.14223,317.23,1.03,1.01,2026-09-19,1304,A,61,6.1NRT,300.6,8.41,D
60.84374,97.36306,302.12,1.14,1.06,2026-09-19,828,A,51,6.1NRT,284.45,8.41,D
-2.52492,110.50238,317.69,1.16,1.07,2026-09-19,811,A,31,6.1NRT,298.87,8.41,D
-2.14135,113.42744,317.7,1.01,1.01,2026-09-19,811,A,62,6.1NRT,298.09,8.41,D
-20.07895,-45.81599,312.1,1.0,1.0,2026-09-19,1130,T,70,6.1NRT,293.13,8.41,D
-3.22681,114.70458,319.65,1.09,1.04,2026-09-19,809,A,44,6.1NRT,302.27,8.41,D
-13.94892,136.58865,313.52,1.32,1.14,2026-09-19,629,A,35,6.1NRT,296.33,8.39,D
-7.86947,-45.13359,318.43,1.15,1.07,2026-09-19,1128,T,56,6.1NRT,304.44,8.38,D
-15.82322,25.21376,309.68,1.47,1.2,2026-09-19,631,T,54,6.1NRT,296.62,8.37,D
-22.14999,46.1063,316.81,1.19,1.08,2026-09-19,1301,A,66,6.1NRT,305.09,8.37,D
-9.39589,-60.35824,311.52,1.05,1.02,2026-09-19,39,T,80,6.1NRT,296.65,8.37,N
-2.81661,110.77331,315.46,1.13,1.06,2026-09-19,811,A,35,6.1NRT,297.22,8.37,D
-15.53903,28.72349,315.5,1.01,1.01,2026-09-19,631,T,67,6.1NRT,297.44,8.37,D
-9.37148,37.47621,313.65,1.25,1.11,2026-09-19,1304,A,55,6.1NRT,297.94,8.37,D
-21.87049,45.84618,317.5,1.16,1.07,2026-09-19,1301,A,44,6.1NRT,304.7,8.36,D
-3.1609,114.71783,317.43,1.09,1.04,2026-09-19,811,A,48,6.1NRT,299.6,8.36,D
-9.89196,-57.80068,310.64,1.04,1.02,2026-09-19,39,T,79,6.1NRT,294.31,8.36,N
-12.71877,132.13666,308.18,1.26,1.11,2026-09-19,1210,T,74,6.1NRT,294.57,8.36,N
-1.58459,115.84702,314.96,1.31,1.13,2026-09-19,811,A,63,6.1NRT,297.01,8.36,D
-3.95529,138.88953,312.19,1.04,1.02,2026-09-19,631,A,68,6.1NRT,285.58,8.35,D
28.98105,116.91994,312.42,1.33,1.14,2026-09-19,124,T,62,6.1NRT,294.58,8.35,D
-11.09973,38.44355,319.77,1.16,1.07,2026-09-19,1304,A,66,6.1NRT,300.13,8.35,D
-20.51661,44.27315,316.55,1.04,1.02,2026-09-19,1301,A,46,6.1NRT,302.84,8.34,D
-3.38655,113.87952,316.34,1.02,1.01,2026-09-19,809,A,60,6.1NRT,297.15,8.34,D
23.73701,86.43362,317.01,1.01,1.01,2026-09-19,304,T,56,6.1NRT,296.28,8.34,D
-3.55768,115.46886,312.23,1.17,1.08,2026-09-19,809,A,58,6.1NRT,292.28,8.34,D
-16.55501,46.32502,317.54,1.5,1.21,2026-09-19,1301,A,50,6.1NRT,303.37,8.33,D
-1.86346,115.42038,316.23,1.22,1.1,2026-09-19,811,A,41,6.1NRT,299.6,8.33,D
-6.90572,-41.70362,318.19,1.03,1.01,2026-09-19,1128,T,65,6.1NRT,304.52,8.32,D
-3.22931,114.63178,317.53,1.08,1.04,2026-09-19,809,A,45,6.1NRT,299.88,8.32,D
-3.27012,112.5483,317.04,1.01,1.0,2026-09-19,811,A,46,6.1NRT,298.18,8.32,D
8.40819,81.08068,316.33,1.21,1.09,2026-09-19,308,T,65,6.1NRT,296.53,8.32,D
-14.79765,-48.57647,313.03,1.49,1.21,2026-09-19,1130,T,56,6.1NRT,301.04,8.31,D
18.4206,-93.19936,308.59,1.35,1.15,2026-09-19,226,T,74,6.1NRT,293.07,8.31,N
12.21293,-9.23654,308.36,1.66,1.27,2026-09-19,941,T,56,6.1NRT,291.21,8.31,D
-1.97382,113.99942,316.64,1.05,1.02,2026-09-19,811,A,28,6.1NRT,297.23,8.3,D
-6.9594,109.35384,313.58,1.5,1.21,2026-09-19,134,T,62,6.1NRT,295.08,8.3,D
-11.21692,33.25823,314.37,1.24,1.1,2026-09-19,631,T,63,6.1NRT,299.77,8.3,D
-9.83986,33.28065,315.1,1.2,1.09,2026-09-19,631,T,52,6.1NRT,297.49,8.3,D
51.41096,42.30433,309.0,1.17,1.08,2026-09-19,614,T,65,6.1NRT,294.0,8.3,D
-6.93711,-55.03644,306.45,1.6,1.25,2026-09-19,41,T,14,6.1NRT,295.73,8.29,N
-15.67448,-52.72974,305.43,1.68,1.27,2026-09-19,39,T,14,6.1NRT,294.74,8.29,N
-26.03608,29.20769,307.81,1.11,1.05,2026-09-19,635,T,62,6.1NRT,290.56,8.29,D
13.55018,109.09827,314.22,1.0,1.0,2026-09-19,816,A,72,6.1NRT,293.52,8.29,D
-11.32828,132.44914,306.93,1.38,1.16,2026-09-19,1210,T,50,6.1NRT,293.42,8.29,N
-7.89171,37.98526,316.67,1.13,1.06,2026-09-19,1304,A,49,6.1NRT,301.91,8.28,D
-2.62493,110.51216,316.28,1.16,1.07,2026-09-19,811,A,46,6.1NRT,297.62,8.28,D
-3.08128,105.2896,308.65,1.24,1.11,2026-09-19,1353,T,70,6.1NRT,293.59,8.28,N
-19.26921,44.68468,318.06,1.1,1.05,2026-09-19,1301,A,63,6.1NRT,303.75,8.28,D
-0.29723,111.06846,313.37,1.05,1.02,2026-09-19,811,A,65,6.1NRT,291.36,8.28,D
-4.06977,-56.25879,307.17,1.45,1.19,2026-09-19,41,T,71,6.1NRT,293.34,8.27,N
-6.621,-55.69754,304.19,1.45,1.19,2026-09-19,41,T,59,6.1NRT,292.2,8.27,N
22.0714,106.49621,313.2,1.02,1.01,2026-09-19,818,A,65,6.1NRT,294.93,8.27,D
-12.40773,28.07525,313.43,1.12,1.05,2026-09-19,631,T,67,6.1NRT,297.19,8.26,D
-14.61616,28.28183,314.06,1.05,1.02,2026-09-19,631,T,63,6.1NRT,297.38,8.26,D
-2.92555,105.15588,308.59,1.23,1.1,2026-09-19,1353,T,70,6.1NRT,293.15,8.26,N
-11.06898,-47.94689,313.41,1.55,1.23,2026-09-19,1128,T,46,6.1NRT,302.57,8.26,D
-13.90045,136.5695,314.32,1.33,1.14,2026-09-19,629,A,58,6.1NRT,296.32,8.25,D
-10.10787,39.32433,315.94,1.05,1.02,2026-09-19,1304,A,63,6.1NRT,298.63,8.25,D
-10.90349,31.5174,314.98,1.03,1.02,2026-09-19,631,T,65,6.1NRT,298.14,8.24,D
9.73778,-63.46933,311.73,1.01,1.0,2026-09-19,48,T,83,6.1NRT,293.17,8.24,N
-14.07493,26.42095,311.25,1.31,1.13,2026-09-19,631,T,60,6.1NRT,297.32,8.24,D
-12.85306,39.74327,317.87,1.06,1.03,2026-09-19,1304,A,62,6.1NRT,301.33,8.24,D
-3.36897,113.68129,315.69,1.01,1.01,2026-09-19,809,A,56,6.1NRT,295.87,8.23,D
-10.064,29.89733,317.29,1.01,1.01,2026-09-19,631,T,70,6.1NRT,299.33,8.23,D
-17.61793,45.05216,315.48,1.2,1.09,2026-09-19,1301,A,48,6.1NRT,300.16,8.23,D
0.09137,110.9489,314.69,1.05,1.02,2026-09-19,811,A,66,6.1NRT,294.28,8.23,D
-2.90189,112.84368,318.54,1.0,1.0,2026-09-19,811,A,60,6.1NRT,298.33,8.23,D
-17.0139,38.57196,311.45,1.35,1.15,2026-09-19,1301,A,52,6.1NRT,298.29,8.23,D
-10.89775,32.68927,316.07,1.14,1.07,2026-09-19,631,T,67,6.1NRT,299.36,8.22,D
-22.37738,44.62632,323.85,1.04,1.02,2026-09-19,1301,A,24,6.1NRT,306.03,8.22,D
-21.37996,-60.24042,308.88,1.37,1.16,2026-09-19,37,T,73,6.1NRT,296.66,8.22,N
-12.96489,-42.66535,317.72,1.05,1.02,2026-09-19,1128,T,70,6.1NRT,299.06,8.21,D
-19.8827,46.55241,314.96,1.36,1.16,2026-09-19,1301,A,50,6.1NRT,303.8,8.21,D
-0.85287,110.50089,316.78,1.12,1.05,2026-09-19,811,A,60,6.1NRT,298.13,8.21,D
46.87245,24.32946,312.21,1.04,1.02,2026-09-19,1318,A,72,6.1NRT,297.39,8.21,D
50.65125,119.39383,303.3,1.15,1.07,2026-09-19,646,A,55,6.1NRT,287.55,8.21,D
-12.95149,132.08252,309.13,1.24,1.11,2026-09-19,1210,T,77,6.1NRT,295.42,8.2,N
-17.40682,47.02367,314.7,1.62,1.25,2026-09-19,1301,A,55,6.1NRT,302.25,8.2,D
-12.58105,-47.08465,314.33,1.29,1.13,2026-09-19,1128,T,55,6.1NRT,300.94,8.2,D
-23.23634,46.0847,317.57,1.15,1.07,2026-09-19,1301,A,65,6.1NRT,305.61,8.19,D
-2.0843,112.11729,317.56,1.01,1.01,2026-09-19,811,A,67,6.1NRT,298.47,8.19,D
-2.33433,115.23624,314.27,1.17,1.08,2026-09-19,811,A,60,6.1NRT,300.34,8.18,D
21.37337,77.81451,310.09,1.68,1.27,2026-09-19,956,A,55,6.1NRT,293.93,8.18,D
-5.02845,35.81324,315.63,1.4,1.17,2026-09-19,1306,A,50,6.1NRT,303.44,8.18,D
-3.04006,104.3686,314.66,1.08,1.04,2026-09-19,134,T,65,6.1NRT,295.01,8.18,D
-19.2536,30.24014,311.95,1.07,1.03,2026-09-19,633,T,65,6.1NRT,297.38,8.18,D
-16.51786,39.15668,314.41,1.23,1.1,2026-09-19,1304,A,59,6.1NRT,297.36,8.18,D
-1.53917,104.38407,310.77,1.16,1.07,2026-09-19,1353,T,70,6.1NRT,292.52,8.17,N
-14.09343,130.38641,311.16,1.03,1.01,2026-09-19,1208,T,82,6.1NRT,293.72,8.17,N
65.8539,76.95911,301.63,1.04,1.02,2026-09-19,432,T,48,6.1NRT,280.21,8.16,D
-23.14384,45.45717,320.37,1.08,1.04,2026-09-19,1301,A,68,6.1NRT,308.64,8.16,D
-7.79197,38.99018,316.41,1.04,1.02,2026-09-19,1304,A,64,6.1NRT,298.94,8.16,D
-7.17141,31.46968,316.9,1.0,1.0,2026-09-19,629,T,45,6.1NRT,296.89,8.16,D
-11.93773,-55.91684,307.06,1.19,1.08,2026-09-19,39,T,70,6.1NRT,288.24,8.16,N
-19.11925,45.04419,316.13,1.15,1.07,2026-09-19,1301,A,34,6.1NRT,302.23,8.15,D
-16.30098,28.25583,315.33,1.03,1.01,2026-09-19,631,T,65,6.1NRT,297.95,8.15,D
0.59249,128.41754,308.16,1.13,1.06,2026-09-19,1214,T,74,6.1NRT,294.11,8.15,N
-3.16697,111.98792,318.35,1.03,1.01,2026-09-19,811,A,36,6.1NRT,298.77,8.14,D
-1.60808,110.69601,315.39,1.11,1.05,2026-09-19,811,A,65,6.1NRT,295.83,8.14,D
-3.43964,115.08131,319.58,1.12,1.06,2026-09-19,809,A,30,6.1NRT,299.94,8.13,D
-12.79921,39.99377,318.61,1.04,1.02,2026-09-19,1304,A,58,6.1NRT,301.84,8.13,D
-13.29884,31.05836,310.1,1.04,1.02,2026-09-19,631,T,50,6.1NRT,292.72,8.13,D
-2.01079,105.48123,307.39,1.32,1.14,2026-09-19,1353,T,71,6.1NRT,292.47,8.13,N
-16.58521,35.77323,301.46,1.38,1.16,2026-09-19,54,A,41,6.1NRT,290.07,8.12,N
-3.01273,112.71453,316.8,1.0,1.0,2026-09-19,811,A,51,6.1NRT,299.0,8.12,D
35.31588,115.59935,305.63,1.15,1.07,2026-09-19,1223,T,65,6.1NRT,287.87,8.12,N
47.28091,1.67953,303.97,1.53,1.22,2026-09-19,932,T,46,6.1NRT,290.71,8.12,D
65.22405,82.90001,302.15,1.17,1.08,2026-09-19,830,A,51,6.1NRT,286.57,8.12,D
-3.24717,114.01704,318.79,1.03,1.01,2026-09-19,811,A,37,6.1NRT,300.22,8.11,D
-7.09487,28.9589,311.0,1.15,1.07,2026-09-19,629,T,66,6.1NRT,292.99,8.11,D
-22.58738,133.42607,306.34,1.11,1.05,2026-09-19,1206,T,25,6.1NRT,291.8,8.1,N
-22.22007,44.0155,316.74,1.01,1.0,2026-09-19,1301,A,25,6.1NRT,297.65,8.1,D
-2.44913,113.28596,316.2,1.01,1.0,2026-09-19,811,A,61,6.1NRT,297.27,8.1,D
-2.17266,112.71325,316.59,1.0,1.0,2026-09-19,811,A,57,6.1NRT,296.49,8.09,D
-16.45035,29.93948,314.69,1.01,1.01,2026-09-19,631,T,68,6.1NRT,297.34,8.09,D
20.9511,86.05216,315.93,1.01,1.0,2026-09-19,304,T,68,6.1NRT,295.8,8.09,D
-6.82261,-40.855,316.43,1.09,1.04,2026-09-19,1128,T,65,6.1NRT,302.01,8.09,D
-6.0854,-55.55606,305.18,1.51,1.21,2026-09-19,41,T,63,6.1NRT,292.5,8.09,N
6.57793,36.53261,320.35,1.01,1.0,2026-09-19,1308,A,39,6.1NRT,302.48,8.09,D
-13.81166,29.84841,314.1,1.0,1.0,2026-09-19,631,T,64,6.1NRT,296.59,8.08,D
-15.74465,25.23325,309.62,1.47,1.2,2026-09-19,631,T,54,6.1NRT,297.14,8.08,D
-14.84661,18.96225,301.25,1.38,1.16,2026-09-19,230,A,39,6.1NRT,287.83,8.08,N
-1.60129,115.80347,313.93,1.3,1.13,2026-09-19,811,A,61,6.1NRT,297.3,8.08,D
-12.94871,136.4285,312.72,1.31,1.14,2026-09-19,629,A,38,6.1NRT,295.82,8.08,D
-7.37637,-68.01487,312.14,1.01,1.0,2026-09-19,1304,T,67,6.1NRT,297.33,8.08,D
34.61337,43.78543,318.43,1.2,1.09,2026-09-19,618,T,53,6.1NRT,305.13,8.07,D
-5.40234,33.95739,312.76,1.16,1.07,2026-09-19,629,T,57,6.1NRT,284.47,8.07,D
36.92265,120.75578,308.75,1.58,1.24,2026-09-19,122,T,55,6.1NRT,295.7,8.07,D
-3.14192,104.2414,315.77,1.09,1.04,2026-09-19,134,T,45,6.1NRT,296.2,8.07,D
-2.18476,112.44833,317.08,1.0,1.0,2026-09-19,811,A,67,6.1NRT,297.09,8.07,D
-0.92418,117.1576,310.5,1.66,1.27,2026-09-19,811,A,40,6.1NRT,296.14,8.06,D
35.45537,44.42075,317.57,1.25,1.11,2026-09-19,618,T,49,6.1NRT,304.39,8.06,D
44.49675,124.0666,306.84,1.62,1.25,2026-09-19,120,T,45,6.1NRT,295.05,8.05,D
43.74099,125.07297,304.14,1.91,1.35,2026-09-19,120,T,43,6.1NRT,291.52,8.05,D
-21.41022,45.18975,317.0,1.1,1.05,2026-09-19,1301,A,59,6.1NRT,303.93,8.04,D
-17.05102,24.65112,310.3,1.54,1.22,2026-09-19,633,T,53,6.1NRT,297.88,8.04,D
-13.04142,39.71595,317.93,1.07,1.03,2026-09-19,1304,A,58,6.1NRT,299.72,8.04,D
-1.6669,116.05353,311.87,1.34,1.15,2026-09-19,811,A,26,6.1NRT,295.96,8.03,D
-3.44955,-58.21342,310.72,1.12,1.06,2026-09-19,41,T,77,6.1NRT,295.03,8.03,N
7.07354,-61.60695,315.92,1.23,1.1,2026-09-19,1259,T,68,6.1NRT,297.24,8.03,D
-10.86426,-54.10517,303.42,1.38,1.16,2026-09-19,724,A,36,6.1NRT,291.28,8.03,N
47.49594,37.79384,305.99,1.65,1.26,2026-09-19,614,T,49,6.1NRT,295.09,8.02,D
65.61668,84.83196,302.8,1.07,1.03,2026-09-19,830,A,54,6.1NRT,284.76,8.02,D
-2.96527,106.86896,315.99,1.02,1.01,2026-09-19,134,T,66,6.1NRT,297.28,8.02,D
-21.56805,44.1123,319.88,1.02,1.01,2026-09-19,1301,A,56,6.1NRT,305.55,8.01,D
-9.59727,39.52842,318.22,1.03,1.01,2026-09-19,1304,A,61,6.1NRT,303.87,8.01,D
-15.70083,25.73572,311.75,1.37,1.16,2026-09-19,631,T,60,6.1NRT,297.15,8.01,D
-13.81038,29.83941,313.91,1.0,1.0,2026-09-19,631,T,63,6.1NRT,296.18,8.01,D
-9.93865,39.65934,317.08,1.02,1.01,2026-09-19,1304,A,65,6.1NRT,300.81,8.0,D
-18.18029,45.70884,313.15,1.29,1.13,2026-09-19,1301,A,17,6.1NRT,299.79,8.0,D
-18.1993,31.93293,309.92,1.25,1.11,2026-09-19,633,T,61,6.1NRT,297.17,8.0,D
62.83539,88.08898,305.08,1.05,1.03,2026-09-19,828,A,28,6.1NRT,287.21,8.0,D
-7.68246,38.98703,314.59,1.03,1.02,2026-09-19,1304,A,58,6.1NRT,297.56,8.0,D
-23.82083,46.3819,313.65,1.17,1.07,2026-09-19,1259,A,33,6.1NRT,298.67,7.99,D
-2.12939,112.94665,316.93,1.0,1.0,2026-09-19,811,A,67,6.1NRT,296.43,7.99,D
-16.17045,-61.78738,304.32,1.49,1.2,2026-09-19,39,T,59,6.1NRT,292.44,7.99,N
-3.6843,115.17803,311.67,1.13,1.06,2026-09-19,809,A,60,6.1NRT,291.75,7.99,D
-7.3474,39.12455,314.4,1.02,1.01,2026-09-19,1304,A,61,6.1NRT,294.87,7.98,D
-14.08795,39.82175,314.17,1.08,1.04,2026-09-19,1304,A,38,6.1NRT,297.22,7.98,D
35.31144,-93.41875,311.87,1.0,1.0,2026-09-19,232,T,81,6.1NRT,298.96,7.98,N
-2.54975,110.63436,314.85,1.15,1.07,2026-09-19,811,A,56,6.1NRT,296.82,7.98,D
9.70274,-63.52775,309.4,1.01,1.0,2026-09-19,48,T,77,6.1NRT,291.87,7.97,N
-10.9337,31.87025,315.08,1.06,1.03,2026-09-19,631,T,64,6.1NRT,297.79,7.97,D
-6.13437,-59.95443,312.42,1.0,1.0,2026-09-19,41,T,83,6.1NRT,296.13,7.97,N
-6.9847,-42.19207,319.32,1.01,1.0,2026-09-19,1128,T,30,6.1NRT,304.43,7.97,D
65.34449,90.14268,303.64,1.01,1.0,2026-09-19,830,A,57,6.1NRT,285.64,7.96,D
22.67817,114.3573,313.89,1.2,1.09,2026-09-19,126,T,30,6.1NRT,300.12,7.95,D
42.55327,-1.96002,310.17,1.3,1.13,2026-09-19,934,T,69,6.1NRT,296.02,7.95,D
-3.19872,114.02171,318.93,1.03,1.01,2026-09-19,811,A,66,6.1NRT,300.71,7.95,D
-17.67853,31.46001,311.34,1.16,1.07,2026-09-19,633,T,59,6.1NRT,297.36,7.94,D
-17.8347,26.43865,314.42,1.16,1.07,2026-09-19,633,T,64,6.1NRT,299.59,7.93,D
-6.92775,-55.0313,306.23,1.6,1.25,2026-09-19,41,T,18,6.1NRT,295.29,7.93,N
-2.91298,112.88976,322.47,1.0,1.0,2026-09-19,811,A,29,6.1NRT,301.84,7.93,D
-19.88488,46.53937,314.88,1.36,1.15,2026-09-19,1301,A,49,6.1NRT,303.97,7.93,D
-12.54864,28.90231,310.71,1.04,1.02,2026-09-19,631,T,61,6.1NRT,294.83,7.92,D
-7.57485,-57.69156,308.62,1.01,1.01,2026-09-19,724,A,75,6.1NRT,292.8,7.92,N
6.20444,35.0887,315.84,1.03,1.02,2026-09-19,627,T,56,6.1NRT,297.87,7.92,D
46.06823,121.92849,309.53,1.2,1.09,2026-09-19,120,T,35,6.1NRT,290.09,7.92,D
-14.52325,40.26501,316.98,1.05,1.02,2026-09-19,1304,A,62,6.1NRT,298.99,7.91,D
-9.37291,-60.32358,311.15,1.05,1.02,2026-09-19,39,T,79,6.1NRT,296.42,7.91,N
62.84721,88.10072,304.73,1.05,1.02,2026-09-19,828,A,45,6.1NRT,285.82,7.91,D
-2.77433,111.06454,314.83,1.1,1.05,2026-09-19,811,A,37,6.1NRT,297.11,7.9,D
-10.58802,29.75596,314.09,1.02,1.01,2026-09-19,631,T,61,6.1NRT,296.49,7.89,D
44.23077,22.72394,317.27,1.28,1.12,2026-09-19,1318,A,62,6.1NRT,303.57,7.89,D
-7.83851,38.158,317.11,1.11,1.05,2026-09-19,1304,A,67,6.1NRT,301.86,7.89,D
-4.70835,-55.6925,303.97,1.56,1.23,2026-09-19,41,T,23,6.1NRT,293.06,7.89,N
-2.83122,112.63094,317.34,1.0,1.0,2026-09-19,811,A,45,6.1NRT,299.17,7.89,D
-15.83723,-60.23662,307.1,1.18,1.08,2026-09-19,39,T,70,6.1NRT,292.95,7.89,N
-2.28198,114.96502,315.64,1.14,1.06,2026-09-19,811,A,49,6.1NRT,299.57,7.88,D
-16.36946,39.11168,315.61,1.23,1.1,2026-09-19,1304,A,64,6.1NRT,298.73,7.88,D
-16.37621,29.08365,315.97,1.0,1.0,2026-09-19,631,T,62,6.1NRT,298.36,7.88,D
-11.32455,132.47391,306.99,1.39,1.17,2026-09-19,1210,T,27,6.1NRT,293.42,7.88,N
-15.88813,30.59986,316.47,1.04,1.02,2026-09-19,631,T,67,6.1NRT,297.48,7.88,D
-1.1814,104.23762,309.13,1.15,1.07,2026-09-19,1353,T,76,6.1NRT,293.22,7.87,N
65.40714,110.66485,302.77,1.04,1.02,2026-09-19,652,A,51,6.1NRT,278.82,7.87,D
-2.99162,114.73832,317.18,1.09,1.04,2026-09-19,811,A,64,6.1NRT,301.25,7.87,D
-3.0528,114.45016,317.86,1.07,1.03,2026-09-19,811,A,39,6.1NRT,299.88,7.86,D
-14.01622,136.46997,313.61,1.35,1.15,2026-09-19,629,A,53,6.1NRT,298.46,7.86,D
-2.67297,112.32738,318.2,1.01,1.0,2026-09-19,811,A,55,6.1NRT,298.81,7.86,D
-14.91492,25.37603,309.75,1.49,1.2,2026-09-19,631,T,51,6.1NRT,297.08,7.86,D
45.75954,115.72123,301.86,1.01,1.0,2026-09-19,1227,T,45,6.1NRT,280.99,7.86,N
23.63963,111.01976,313.16,1.01,1.01,2026-09-19,126,T,66,6.1NRT,295.33,7.86,D
60.43067,97.80269,300.48,1.15,1.07,2026-09-19,828,A,38,6.1NRT,284.03,7.86,D
-1.63498,110.51032,315.12,1.14,1.06,2026-09-19,811,A,65,6.1NRT,296.92,7.85,D
-8.42462,113.6806,314.92,1.01,1.0,2026-09-19,809,A,68,6.1NRT,298.86,7.85,D
41.73404,123.55014,305.71,1.77,1.3,2026-09-19,120,T,52,6.1NRT,293.24,7.85,D
-3.15803,111.97095,315.95,1.03,1.01,2026-09-19,811,A,60,6.1NRT,300.09,7.85,D
-11.74301,40.34518,316.22,1.01,1.01,2026-09-19,1304,A,58,6.1NRT,301.97,7.85,D
44.14511,22.99289,310.97,1.25,1.11,2026-09-19,754,T,31,6.1NRT,291.09,7.85,D
-3.19292,113.93853,321.6,1.03,1.01,2026-09-19,811,A,33,6.1NRT,301.14,7.84,D
-21.20735,46.084,318.44,1.22,1.1,2026-09-19,1301,A,66,6.1NRT,306.74,7.84,D
0.78978,-59.20258,308.14,1.11,1.05,2026-09-19,43,T,74,6.1NRT,293.56,7.83,N
-9.33477,-60.31643,310.13,1.05,1.02,2026-09-19,39,T,75,6.1NRT,296.16,7.83,N
-11.21236,26.61557,308.96,1.4,1.17,2026-09-19,631,T,57,6.1NRT,294.77,7.83,D
-13.23214,-46.91248,315.79,1.23,1.1,2026-09-19,1128,T,46,6.1NRT,300.41,7.82,D
-20.22755,15.21669,303.87,1.04,1.02,2026-09-19,232,A,9,6.1NRT,282.49,7.82,N
-3.00913,114.80924,317.12,1.1,1.05,2026-09-19,811,A,54,6.1NRT,299.93,7.82,D
-19.41455,137.02217,316.93,1.47,1.2,2026-09-19,629,A,47,6.1NRT,306.2,7.82,D
-10.86839,-56.18877,309.46,1.07,1.03,2026-09-19,724,A,9,6.1NRT,294.53,7.81,N
-8.60715,-54.58648,306.08,1.2,1.09,2026-09-19,724,A,57,6.1NRT,294.64,7.81,N
-2.85774,114.33316,316.65,1.06,1.03,2026-09-19,811,A,62,6.1NRT,299.32,7.81,D
-17.68664,30.70158,312.85,1.08,1.04,2026-09-19,633,T,65,6.1NRT,296.2,7.81,D
-8.3805,113.73719,318.15,1.0,1.0,2026-09-19,809,A,62,6.1NRT,300.68,7.8,D
-2.88734,111.04748,315.91,1.1,1.05,2026-09-19,811,A,26,6.1NRT,299.05,7.8,D
-2.78666,112.87332,319.55,1.0,1.0,2026-09-19,811,A,16,6.1NRT,300.88,7.8,D
-1.65786,110.48344,314.99,1.14,1.06,2026-09-19,811,A,40,6.1NRT,295.56,7.79,D
-2.0358,110.35854,316.64,1.17,1.08,2026-09-19,811,A,65,6.1NRT,296.27,7.79,D
-11.81535,-46.86061,314.85,1.28,1.12,2026-09-19,1128,T,40,6.1NRT,301.83,7.79,D
-40.71498,-65.39534,300.69,2.86,1.61,2026-09-19,1314,T,40,6.1NRT,289.53,7.79,D
-9.83387,39.10674,316.33,1.06,1.03,2026-09-19,1304,A,60,6.1NRT,295.7,7.79,D
-6.44765,-58.15569,309.66,1.07,1.03,2026-09-19,41,T,77,6.1NRT,287.44,7.79,N
-3.77487,105.52746,308.71,1.26,1.12,2026-09-19,1353,T,49,6.1NRT,293.91,7.78,N
-14.42348,28.66568,314.7,1.03,1.01,2026-09-19,631,T,65,6.1NRT,297.44,7.78,D
-10.85303,-56.2011,308.97,1.18,1.08,2026-09-19,39,T,64,6.1NRT,295.38,7.78,N
-3.00085,114.48983,317.27,1.07,1.03,2026-09-19,811,A,64,6.1NRT,301.36,7.78,D
-1.93886,114.05012,316.63,1.05,1.02,2026-09-19,811,A,28,6.1NRT,298.5,7.78,D
-1.31751,103.78548,307.71,1.09,1.04,2026-09-19,1353,T,52,6.1NRT,287.65,7.77,N
-2.74786,112.38975,317.23,1.01,1.0,2026-09-19,811,A,51,6.1NRT,299.61,7.77,D
27.64998,22.48353,303.71,1.13,1.06,2026-09-19,219,A,57,6.1NRT,292.36,7.77,N
32.30993,-6.57801,316.86,1.16,1.07,2026-09-19,937,T,65,6.1NRT,301.72,7.76,D
6.70283,36.74863,317.62,1.0,1.0,2026-09-19,1308,A,64,6.1NRT,303.34,7.76,D
33.4527,-87.89962,304.73,1.59,1.24,2026-09-19,232,T,56,6.1NRT,293.39,7.76,N
-10.03947,39.025,316.45,1.07,1.03,2026-09-19,1304,A,60,6.1NRT,301.36,7.76,D
-17.84554,46.11687,316.29,1.38,1.16,2026-09-19,1301,A,23,6.1NRT,302.41,7.75,D
26.0214,116.66999,307.9,1.45,1.19,2026-09-19,124,T,56,6.1NRT,292.19,7.75,D
65.40769,82.83105,301.84,1.05,1.02,2026-09-19,432,T,49,6.1NRT,282.72,7.75,D
-7.98421,113.7973,315.09,1.0,1.0,2026-09-19,809,A,50,6.1NRT,298.36,7.75,D
-3.18491,115.49151,312.73,1.19,1.08,2026-09-19,809,A,15,6.1NRT,289.25,7.75,D
-0.29067,38.09116,324.62,1.0,1.0,2026-09-19,1306,A,76,6.1NRT,310.68,7.75,D
-12.98206,37.62083,313.73,1.37,1.16,2026-09-19,1304,A,42,6.1NRT,295.21,7.75,D
-0.36964,111.45306,317.23,1.03,1.01,2026-09-19,811,A,62,6.1NRT,297.3,7.75,D
43.16498,0.76128,303.36,1.74,1.29,2026-09-19,934,T,38,6.1NRT,291.84,7.74,D
-16.44399,26.1533,312.5,1.26,1.11,2026-09-19,631,T,61,6.1NRT,298.89,7.74,D
19.36458,-92.01115,311.33,1.13,1.06,2026-09-19,226,T,74,6.1NRT,294.78,7.74,N
-13.38328,25.61376,308.62,1.52,1.22,2026-09-19,631,T,55,6.1NRT,296.23,7.73,D
-11.87444,39.68439,316.09,1.05,1.02,2026-09-19,1304,A,60,6.1NRT,298.87,7.73,D
28.18004,116.595,310.47,1.31,1.14,2026-09-19,124,T,44,6.1NRT,295.19,7.73,D
-13.18338,131.82982,309.43,1.19,1.09,2026-09-19,1210,T,49,6.1NRT,295.77,7.72,N
-18.69237,25.4387,311.13,1.29,1.13,2026-09-19,633,T,54,6.1NRT,297.94,7.72,D
63.61517,93.72981,301.95,1.05,1.02,2026-09-19,828,A,50,6.1NRT,282.94,7.72,D
42.8171,122.46909,306.05,1.46,1.19,2026-09-19,120,T,51,6.1NRT,294.06,7.72,D
-2.02743,114.38114,315.21,1.08,1.04,2026-09-19,811,A,48,6.1NRT,297.77,7.72,D
-17.78695,45.60204,317.09,1.28,1.12,2026-09-19,1301,A,58,6.1NRT,303.04,7.71,D
-15.47941,40.28579,315.2,1.06,1.03,2026-09-19,1304,A,49,6.1NRT,297.55,7.71,D
-12.80932,27.99223,312.26,1.12,1.05,2026-09-19,631,T,65,6.1NRT,295.99,7.71,D
-1.94155,116.27075,311.86,1.38,1.16,2026-09-19,811,A,48,6.1NRT,297.86,7.71,D
6.92529,36.50092,312.51,1.0,1.0,2026-09-19,1308,A,64,6.1NRT,297.63,7.71,D
-19.38793,44.45296,316.05,1.08,1.04,2026-09-19,1301,A,0,6.1NRT,302.47,7.71,D
-11.47538,32.59526,314.98,1.15,1.07,2026-09-19,631,T,66,6.1NRT,299.82,7.7,D
-12.13034,-45.14841,316.27,1.05,1.02,2026-09-19,1128,T,52,6.1NRT,302.66,7.7,D
-35.78646,137.02553,300.57,1.11,1.05,2026-09-19,1204,T,30,6.1NRT,282.38,7.69,N
-7.36569,111.29171,319.13,1.2,1.09,2026-09-19,809,A,69,6.1NRT,301.17,7.69,D
-11.31261,-47.25877,314.03,1.38,1.16,2026-09-19,1128,T,40,6.1NRT,301.56,7.69,D
-3.72547,105.43575,308.0,1.25,1.11,2026-09-19,1353,T,73,6.1NRT,294.29,7.69,N
-17.15515,25.21097,312.21,1.4,1.17,2026-09-19,633,T,60,6.1NRT,299.03,7.69,D
-5.74128,-57.60415,309.98,1.14,1.06,2026-09-19,41,T,19,6.1NRT,294.92,7.68,N
-6.44283,-59.98016,305.41,1.3,1.13,2026-09-19,724,A,64,6.1NRT,292.84,7.67,N
6.21467,35.08087,316.34,1.03,1.02,2026-09-19,627,T,39,6.1NRT,298.72,7.67,D
-14.50546,29.60459,314.89,1.0,1.0,2026-09-19,631,T,64,6.1NRT,297.41,7.67,D
42.83847,88.03857,314.69,1.29,1.13,2026-09-19,300,T,66,6.1NRT,301.76,7.66,D
-12.27957,40.19806,316.65,1.02,1.01,2026-09-19,1304,A,57,6.1NRT,301.72,7.66,D
-10.38121,30.82182,315.26,1.0,1.0,2026-09-19,631,T,66,6.1NRT,298.26,7.66,D
43.58369,122.27583,309.09,1.38,1.16,2026-09-19,120,T,49,6.1NRT,294.25,7.66,D
0.80847,123.54848,307.08,1.22,1.1,2026-09-19,1214,T,70,6.1NRT,290.89,7.65,N
-2.60739,114.33354,316.99,1.06,1.03,2026-09-19,811,A,57,6.1NRT,298.88,7.65,D
-2.80129,103.32376,310.29,1.03,1.01,2026-09-19,1353,T,80,6.1NRT,291.87,7.65,N
-15.21366,30.31998,317.09,1.02,1.01,2026-09-19,631,T,44,6.1NRT,299.47,7.65,D
-17.87197,27.77076,313.66,1.04,1.02,2026-09-19,633,T,63,6.1NRT,298.02,7.65,D
-12.71152,40.21949,317.93,1.03,1.01,2026-09-19,1304,A,63,6.1NRT,301.88,7.64,D
-21.91657,44.90709,320.0,1.06,1.03,2026-09-19,1301,A,58,6.1NRT,306.77,7.64,D
-16.87269,30.12256,314.15,1.03,1.01,2026-09-19,631,T,67,6.1NRT,298.36,7.64,D
-15.47571,28.60111,313.78,1.02,1.01,2026-09-19,631,T,64,6.1NRT,296.82,7.63,D
53.08109,67.23807,302.99,1.2,1.09,2026-09-19,434,T,51,6.1NRT,287.44,7.63,D
-2.4114,104.34845,309.48,1.13,1.06,2026-09-19,1353,T,77,6.1NRT,293.6,7.63,N
-9.85549,39.47444,315.25,1.03,1.02,2026-09-19,1304,A,60,6.1NRT,300.68,7.63,D
30.21502,47.40505,308.64,1.17,1.08,2026-09-19,39,A,75,6.1NRT,298.08,7.63,N
-3.26888,114.42505,316.53,1.06,1.03,2026-09-19,809,A,63,6.1NRT,299.04,7.63,D
46.07087,121.91363,309.07,1.2,1.09,2026-09-19,120,T,21,6.1NRT,289.96,7.63,D
-5.66227,-43.37758,317.77,1.03,1.01,2026-09-19,1125,T,61,6.1NRT,301.2,7.62,D
-13.81056,29.90376,313.13,1.0,1.0,2026-09-19,631,T,61,6.1NRT,296.31,7.62,D
-9.74994,-46.07412,314.86,1.22,1.1,2026-09-19,1128,T,30,6.1NRT,301.37,7.62,D
30.17591,47.41049,309.07,1.17,1.08,2026-09-19,39,A,67,6.1NRT,298.24,7.62,N
-7.21114,30.0745,307.92,1.04,1.02,2026-09-19,629,T,55,6.1NRT,276.17,7.61,D
-3.71238,-60.63678,311.53,1.0,1.0,2026-09-19,41,T,39,6.1NRT,292.28,7.61,N
-18.89046,45.40916,318.68,1.21,1.09,2026-09-19,1301,A,54,6.1NRT,304.63,7.61,D
67.28172,83.02189,302.78,1.06,1.03,2026-09-19,830,A,54,6.1NRT,283.9,7.61,D
-1.30393,112.77773,315.39,1.0,1.0,2026-09-19,811,A,65,6.1NRT,296.75,7.61,D
-23.66244,134.48859,304.97,1.21,1.09,2026-09-19,1206,T,62,6.1NRT,292.63,7.6,N
-1.68825,112.41839,316.56,1.0,1.0,2026-09-19,811,A,67,6.1NRT,298.41,7.6,D
-8.16084,-54.82014,304.22,1.59,1.24,2026-09-19,39,T,46,6.1NRT,293.91,7.6,N
-15.24119,31.68024,310.42,1.13,1.06,2026-09-19,631,T,56,6.1NRT,294.36,7.59,D
62.82357,88.18665,303.98,1.05,1.02,2026-09-19,828,A,55,6.1NRT,286.66,7.59,D
-7.90871,39.01382,316.48,1.04,1.02,2026-09-19,1304,A,64,6.1NRT,299.48,7.58,D
-12.80711,132.0134,308.44,1.24,1.1,2026-09-19,1210,T,46,6.1NRT,295.3,7.58,N
-10.17475,40.0072,316.87,1.01,1.0,2026-09-19,1304,A,60,6.1NRT,301.25,7.58,D
-2.24657,110.24455,316.15,1.19,1.09,2026-09-19,811,A,41,6.1NRT,296.28,7.57,D
-3.02765,104.01716,311.52,1.08,1.04,2026-09-19,1353,T,81,6.1NRT,293.38,7.57,N
36.77149,43.32743,316.11,1.08,1.04,2026-09-19,618,T,57,6.1NRT,302.89,7.57,D
-13.71384,25.23169,308.46,1.6,1.24,2026-09-19,631,T,49,6.1NRT,296.57,7.57,D
-19.61127,46.14151,316.08,1.3,1.13,2026-09-19,1301,A,53,6.1NRT,304.32,7.57,D
14.99201,108.78084,312.8,1.0,1.0,2026-09-19,818,A,69,6.1NRT,288.58,7.56,D
-9.96493,30.88434,315.71,1.0,1.0,2026-09-19,631,T,60,6.1NRT,298.68,7.55,D
-21.63262,44.71498,318.52,1.05,1.03,2026-09-19,1301,A,47,6.1NRT,305.35,7.55,D
-3.57337,115.04495,315.59,1.11,1.05,2026-09-19,809,A,50,6.1NRT,299.87,7.54,D
-12.66145,141.90958,314.34,1.14,1.06,2026-09-19,629,A,18,6.1NRT,298.59,7.54,D
0.64376,110.99761,307.53,1.04,1.02,2026-09-19,811,A,38,6.1NRT,272.97,7.54,D
23.77874,86.20846,314.01,1.02,1.01,2026-09-19,304,T,65,6.1NRT,295.99,7.53,D
-8.14786,-54.80796,304.5,1.59,1.24,2026-09-19,39,T,35,6.1NRT,293.58,7.53,N
-19.40801,-44.82632,311.2,1.01,1.0,2026-09-19,1130,T,67,6.1NRT,293.97,7.53,D
-8.10939,27.97694,310.96,1.27,1.12,2026-09-19,629,T,66,6.1NRT,290.77,7.53,D
-14.139,-45.16833,315.45,1.02,1.01,2026-09-19,1130,T,58,6.1NRT,299.27,7.53,D
65.41112,82.80168,301.12,1.16,1.07,2026-09-19,830,A,45,6.1NRT,285.99,7.52,D
23.26081,113.48351,313.0,1.08,1.04,2026-09-19,126,T,61,6.1NRT,297.73,7.52,D
10.05498,-64.88467,310.24,1.09,1.04,2026-09-19,48,T,79,6.1NRT,293.48,7.51,N
65.40353,110.64457,302.2,1.04,1.02,2026-09-19,652,A,51,6.1NRT,279.78,7.51,D
-2.81651,112.91328,316.6,1.0,1.0,2026-09-19,811,A,68,6.1NRT,299.47,7.51,D
-19.36162,44.56131,315.16,1.09,1.04,2026-09-19,1301,A,43,6.1NRT,301.36,7.51,D
45.70423,125.26595,303.19,1.74,1.29,2026-09-19,120,T,55,6.1NRT,292.33,7.51,D
-9.18098,27.40577,311.41,1.33,1.14,2026-09-19,631,T,51,6.1NRT,295.42,7.51,D
-13.73589,39.30225,318.68,1.12,1.06,2026-09-19,1304,A,51,6.1NRT,301.49,7.51,D
-0.51719,112.08544,317.16,1.0,1.0,2026-09-19,811,A,71,6.1NRT,296.46,7.51,D
0.96975,122.20737,306.22,1.48,1.2,2026-09-19,1214,T,66,6.1NRT,294.78,7.51,N
-12.92181,135.24869,312.16,1.58,1.24,2026-09-19,629,A,52,6.1NRT,296.53,7.51,D
8.29865,38.54283,304.7,1.49,1.21,2026-09-19,627,T,51,6.1NRT,291.32,7.5,D
-0.79407,102.90845,302.62,1.03,1.01,2026-09-19,1353,T,33,6.1NRT,281.94,7.5,N
-0.60112,112.08646,314.54,1.0,1.0,2026-09-19,811,A,68,6.1NRT,296.83,7.5,D
20.96515,86.01594,314.78,1.01,1.0,2026-09-19,304,T,66,6.1NRT,296.23,7.5,D
8.68632,-63.15925,313.87,1.02,1.01,2026-09-19,1259,T,61,6.1NRT,294.72,7.5,D
-14.84855,40.44448,316.15,1.04,1.02,2026-09-19,1304,A,37,6.1NRT,298.27,7.5,D
8.15404,33.85971,312.53,1.22,1.1,2026-09-19,1308,A,29,6.1NRT,292.85,7.5,D
46.37114,122.22329,307.0,1.21,1.1,2026-09-19,120,T,65,6.1NRT,286.65,7.49,D
46.05885,121.92513,308.61,1.2,1.09,2026-09-19,120,T,45,6.1NRT,289.66,7.49,D
43.4934,122.25552,307.48,1.38,1.16,2026-09-19,120,T,38,6.1NRT,296.29,7.49,D
-2.92986,110.88557,315.23,1.12,1.06,2026-09-19,811,A,33,6.1NRT,297.68,7.49,D
-15.42279,-61.31857,304.79,1.35,1.15,2026-09-19,39,T,62,6.1NRT,293.0,7.49,N
-2.79118,115.88181,314.37,1.26,1.12,2026-09-19,811,A,58,6.1NRT,299.07,7.49,D
-18.18124,46.01206,314.04,1.34,1.15,2026-09-19,1301,A,52,6.1NRT,301.37,7.48,D
-1.78048,104.24699,307.95,1.13,1.06,2026-09-19,1353,T,27,6.1NRT,292.73,7.48,N
-1.6834,116.08037,312.72,1.35,1.15,2026-09-19,811,A,42,6.1NRT,296.29,7.48,D
-14.20876,32.94578,313.63,1.29,1.13,2026-09-19,631,T,62,6.1NRT,299.45,7.46,D
-1.99121,114.93384,314.22,1.14,1.07,2026-09-19,811,A,43,6.1NRT,298.62,7.45,D
0.22443,111.91785,314.52,1.0,1.0,2026-09-19,811,A,68,6.1NRT,295.92,7.45,D
-2.38568,106.23593,305.66,1.47,1.2,2026-09-19,1353,T,29,6.1NRT,292.92,7.44,N
-24.50253,46.33271,318.96,1.14,1.06,2026-09-19,1259,A,66,6.1NRT,307.47,7.44,D
29.8576,47.72478,308.02,1.12,1.06,2026-09-19,39,A,72,6.1NRT,297.85,7.44,N
-12.01302,40.13045,317.62,1.02,1.01,2026-09-19,1304,A,65,6.1NRT,301.94,7.44,D
30.16501,47.4206,308.5,1.17,1.07,2026-09-19,39,A,74,6.1NRT,298.3,7.44,N
-3.2978,112.27637,315.24,1.02,1.01,2026-09-19,811,A,38,6.1NRT,299.86,7.44,D
-7.70227,39.10068,314.59,1.03,1.01,2026-09-19,1304,A,58,6.1NRT,297.26,7.43,D
-18.80982,45.33223,318.18,1.2,1.09,2026-09-19,1301,A,50,6.1NRT,304.94,7.43,D
35.30291,44.16569,316.83,1.22,1.1,2026-09-19,618,T,48,6.1NRT,304.54,7.43,D
-17.31372,25.05095,310.96,1.43,1.18,2026-09-19,633,T,47,6.1NRT,297.85,7.43,D
-21.734,45.54202,317.79,1.13,1.06,2026-09-19,1301,A,63,6.1NRT,305.85,7.42,D
-8.38927,113.73849,317.36,1.0,1.0,2026-09-19,809,A,51,6.1NRT,300.26,7.41,D
41.11435,123.7523,301.45,1.89,1.34,2026-09-19,120,T,17,6.1NRT,289.05,7.41,D
-5.85404,38.21548,312.46,1.06,1.03,2026-09-19,1306,A,52,6.1NRT,297.22,7.41,D
-5.73002,-43.28622,318.21,1.02,1.01,2026-09-19,1125,T,65,6.1NRT,304.06,7.4,D
-2.80384,110.28801,314.71,1.2,1.09,2026-09-19,811,A,41,6.1NRT,297.0,7.4,D
-16.30017,29.52719,313.3,1.0,1.0,2026-09-19,631,T,59,6.1NRT,295.93,7.39,D
-10.81349,40.11848,314.42,1.01,1.01,2026-09-19,1304,A,55,6.1NRT,298.64,7.39,D
-3.53028,114.59666,316.49,1.07,1.03,2026-09-19,809,A,64,6.1NRT,300.7,7.39,D
-23.65463,134.47528,305.53,1.21,1.09,2026-09-19,1206,T,44,6.1NRT,290.66,7.39,N
-10.71694,-60.74427,309.98,1.11,1.05,2026-09-19,39,T,75,6.1NRT,294.54,7.38,N
-13.56696,27.8045,313.09,1.12,1.05,2026-09-19,631,T,64,6.1NRT,298.66,7.38,D
-22.66638,44.60697,319.04,1.03,1.01,2026-09-19,1301,A,62,6.1NRT,306.27,7.38,D
-9.33226,32.89124,314.93,1.13,1.06,2026-09-19,629,T,67,6.1NRT,299.37,7.37,D
-3.32112,115.19918,316.58,1.14,1.06,2026-09-19,809,A,44,6.1NRT,301.91,7.37,D
-21.6944,44.55434,319.0,1.04,1.02,2026-09-19,1301,A,65,6.1NRT,305.96,7.37,D
-3.03172,112.27906,314.22,1.01,1.01,2026-09-19,811,A,56,6.1NRT,298.2,7.37,D
-10.9802,29.40726,313.89,1.03,1.01,2026-09-19,631,T,65,6.1NRT,297.01,7.37,D
35.02176,43.51023,319.85,1.15,1.07,2026-09-19,618,T,60,6.1NRT,305.73,7.37,D
-3.1725,114.95441,319.4,1.11,1.05,2026-09-19,809,A,61,6.1NRT,301.26,7.36,D
-2.23913,116.53923,313.08,1.42,1.18,2026-09-19,811,A,14,6.1NRT,297.54,7.36,D
9.72781,-63.46252,312.74,1.0,1.0,2026-09-19,1259,T,27,6.1NRT,289.76,7.36,D
34.11712,-93.2484,310.1,1.0,1.0,2026-09-19,232,T,76,6.1NRT,297.27,7.35,N
-2.7512,114.42415,314.73,1.07,1.03,2026-09-19,811,A,63,6.1NRT,299.02,7.35,D
-2.55396,110.73606,314.45,1.13,1.06,2026-09-19,811,A,61,6.1NRT,297.63,7.35,D
57.43229,78.69157,301.84,1.18,1.08,2026-09-19,434,T,46,6.1NRT,282.98,7.34,D
-15.63108,26.80446,311.85,1.19,1.08,2026-09-19,631,T,61,6.1NRT,296.93,7.34,D
-2.91935,115.51273,313.66,1.2,1.09,2026-09-19,811,A,45,6.1NRT,299.07,7.34,D
-2.43258,116.07784,313.81,1.31,1.14,2026-09-19,811,A,55,6.1NRT,299.72,7.34,D
-18.00783,30.97682,312.33,1.11,1.05,2026-09-19,633,T,64,6.1NRT,297.99,7.34,D
-12.79576,132.02292,308.35,1.24,1.11,2026-09-19,1210,T,27,6.1NRT,295.03,7.33,N
-8.07983,38.46648,316.6,1.08,1.04,2026-09-19,1304,A,65,6.1NRT,298.16,7.33,D
-3.80941,103.82053,314.76,1.12,1.06,2026-09-19,134,T,67,6.1NRT,295.75,7.33,D
45.94739,2.18063,300.89,1.76,1.3,2026-09-19,932,T,39,6.1NRT,289.62,7.3,D
-5.25209,32.56018,315.7,1.03,1.01,2026-09-19,629,T,69,6.1NRT,298.03,7.3,D
-20.46915,44.63829,319.29,1.07,1.03,2026-09-19,1301,A,58,6.1NRT,305.39,7.3,D
-7.77005,30.23514,314.78,1.02,1.01,2026-09-19,629,T,52,6.1NRT,295.32,7.3,D
-7.64795,38.5807,317.26,1.06,1.03,2026-09-19,1304,A,54,6.1NRT,301.99,7.3,D
-15.80941,39.90237,315.06,1.11,1.05,2026-09-19,1304,A,63,6.1NRT,299.42,7.29,D
-14.94385,26.79386,312.73,1.21,1.09,2026-09-19,631,T,60,6.1NRT,298.01,7.29,D
-21.76962,43.70238,317.31,1.0,1.0,2026-09-19,1301,A,58,6.1NRT,302.2,7.29,D
-11.74431,40.33619,316.26,1.01,1.01,2026-09-19,1304,A,54,6.1NRT,302.48,7.29,D
-20.56473,46.28446,316.33,1.28,1.12,2026-09-19,1301,A,62,6.1NRT,305.0,7.29,D
27.37994,95.33962,311.54,1.0,1.0,2026-09-19,1359,T,80,6.1NRT,295.27,7.29,N
20.96646,86.00654,314.6,1.01,1.0,2026-09-19,304,T,66,6.1NRT,295.54,7.28,D
30.5686,50.01812,311.17,1.0,1.0,2026-09-19,39,A,82,6.1NRT,299.79,7.27,N
-10.27162,26.89217,311.23,1.39,1.17,2026-09-19,631,T,61,6.1NRT,296.71,7.26,D
-5.25421,36.74246,315.66,1.23,1.1,2026-09-19,1306,A,29,6.1NRT,303.17,7.26,D
9.64588,-63.53196,310.13,1.01,1.0,2026-09-19,48,T,79,6.1NRT,293.01,7.26,N
-14.90537,30.09272,315.39,1.01,1.0,2026-09-19,631,T,65,6.1NRT,298.95,7.26,D
-22.10112,46.22335,314.59,1.21,1.09,2026-09-19,1301,A,61,6.1NRT,303.97,7.26,D
31.2373,47.96358,305.81,1.13,1.06,2026-09-19,39,A,66,6.1NRT,294.58,7.25,N
-3.0845,105.31056,315.72,1.02,1.01,2026-09-19,134,T,51,6.1NRT,297.05,7.25,D
-5.91391,-59.95275,310.92,1.0,1.0,2026-09-19,41,T,80,6.1NRT,296.06,7.25,N
-2.46672,112.89904,316.34,1.0,1.0,2026-09-19,811,A,38,6.1NRT,297.69,7.25,D
-7.6092,38.91403,313.05,1.04,1.02,2026-09-19,1304,A,45,6.1NRT,297.37,7.25,D
-16.83977,25.9255,311.87,1.28,1.12,2026-09-19,633,T,59,6.1NRT,297.93,7.25,D
22.49218,108.98175,311.27,1.16,1.07,2026-09-19,126,T,59,6.1NRT,296.52,7.24,D
-7.9855,113.78852,314.65,1.0,1.0,2026-09-19,809,A,57,6.1NRT,299.35,7.24,D
7.89116,-63.48183,311.36,1.02,1.01,2026-09-19,45,T,61,6.1NRT,292.92,7.24,N
-2.64011,112.79489,314.96,1.0,1.0,2026-09-19,811,A,64,6.1NRT,297.9,7.24,D
-6.76702,-55.84926,301.9,1.41,1.18,2026-09-19,41,T,40,6.1NRT,283.72,7.24,N
66.65493,80.47144,300.87,1.0,1.0,2026-09-19,432,T,42,6.1NRT,280.32,7.24,D
-2.80314,111.74716,315.7,1.04,1.02,2026-09-19,811,A,64,6.1NRT,298.75,7.23,D
-1.65437,116.34541,310.73,1.41,1.17,2026-09-19,811,A,45,6.1NRT,296.86,7.23,D
-3.73452,-54.64359,305.09,1.07,1.03,2026-09-19,724,A,63,6.1NRT,283.84,7.23,N
-21.786,45.83017,319.03,1.16,1.07,2026-09-19,1301,A,55,6.1NRT,305.51,7.23,D
-10.86591,-54.09298,303.07,1.38,1.16,2026-09-19,724,A,15,6.1NRT,291.81,7.23,N
-16.02046,144.25935,314.53,1.39,1.17,2026-09-19,629,A,56,6.1NRT,302.83,7.22,D
-16.40953,39.63042,314.19,1.15,1.07,2026-09-19,1304,A,60,6.1NRT,299.02,7.22,D
-22.3928,45.11403,316.38,1.07,1.03,2026-09-19,1301,A,56,6.1NRT,304.52,7.21,D
-1.93677,113.43886,317.06,1.02,1.01,2026-09-19,811,A,25,6.1NRT,299.54,7.21,D
-2.70717,115.1517,317.34,1.15,1.07,2026-09-19,811,A,63,6.1NRT,300.64,7.21,D
-15.77597,28.88465,313.43,1.01,1.0,2026-09-19,631,T,57,6.1NRT,298.51,7.2,D
-9.41638,28.82068,313.29,1.11,1.05,2026-09-19,631,T,40,6.1NRT,293.87,7.2,D
-3.38674,114.75443,317.99,1.09,1.04,2026-09-19,809,A,15,6.1NRT,299.84,7.19,D
-12.02487,142.5899,307.13,1.26,1.11,2026-09-19,629,A,47,6.1NRT,283.64,7.19,D
-2.89685,114.25461,317.0,1.05,1.02,2026-09-19,811,A,16,6.1NRT,299.58,7.19,D
-10.48716,-46.29769,316.13,1.23,1.1,2026-09-19,1128,T,21,6.1NRT,302.93,7.19,D
-13.69874,28.13204,314.26,1.08,1.04,2026-09-19,631,T,45,6.1NRT,297.54,7.19,D
-12.22631,31.95919,316.72,1.09,1.04,2026-09-19,631,T,55,6.1NRT,299.87,7.18,D
-3.21887,114.63981,316.17,1.08,1.04,2026-09-19,809,A,42,6.1NRT,298.84,7.18,D
-2.2386,110.43142,316.88,1.16,1.07,2026-09-19,811,A,64,6.1NRT,299.2,7.18,D
-15.18425,24.96414,308.12,1.57,1.24,2026-09-19,631,T,44,6.1NRT,296.26,7.18,D
-2.93446,105.09167,307.38,1.22,1.1,2026-09-19,1353,T,49,6.1NRT,293.45,7.17,N
-0.99566,111.4694,314.91,1.03,1.02,2026-09-19,811,A,67,6.1NRT,297.41,7.17,D
-13.29416,26.15009,307.19,1.4,1.17,2026-09-19,631,T,48,6.1NRT,295.33,7.17,D
-4.73241,34.29665,312.48,1.19,1.09,2026-09-19,629,T,53,6.1NRT,295.49,7.17,D
-10.93764,-53.9512,302.68,1.42,1.18,2026-09-19,724,A,20,6.1NRT,292.6,7.17,N
-14.0046,130.23441,308.83,1.02,1.01,2026-09-19,1208,T,62,6.1NRT,290.38,7.17,N
-6.20214,-57.78495,306.85,1.11,1.05,2026-09-19,41,T,67,6.1NRT,288.85,7.17,N
42.31499,69.54123,315.73,1.06,1.03,2026-09-19,436,T,68,6.1NRT,302.93,7.15,D
-2.59486,114.73244,316.51,1.1,1.05,2026-09-19,811,A,46,6.1NRT,299.44,7.15,D
43.25549,0.08833,305.93,1.59,1.24,2026-09-19,934,T,33,6.1NRT,293.67,7.15,D
-9.19533,39.31456,314.75,1.03,1.02,2026-09-19,1304,A,33,6.1NRT,298.51,7.15,D
-2.04416,114.39323,314.58,1.08,1.04,2026-09-19,811,A,43,6.1NRT,298.2,7.15,D
-7.52944,-44.93618,316.63,1.13,1.06,2026-09-19,1128,T,55,6.1NRT,304.06,7.15,D
-11.33858,-47.36346,312.71,1.4,1.17,2026-09-19,1128,T,12,6.1NRT,300.69,7.14,D
-0.94914,37.26541,314.22,1.05,1.02,2026-09-19,1306,A,54,6.1NRT,299.14,7.14,D
-18.88688,45.40185,317.66,1.21,1.09,2026-09-19,1301,A,32,6.1NRT,304.94,7.14,D
-3.31873,114.15302,314.71,1.04,1.02,2026-09-19,809,A,42,6.1NRT,298.62,7.14,D
-7.60979,38.78319,314.0,1.05,1.02,2026-09-19,1304,A,53,6.1NRT,298.83,7.14,D
-3.11344,113.3467,315.55,1.0,1.0,2026-09-19,811,A,21,6.1NRT,298.34,7.14,D
-11.12217,-45.28534,314.6,1.08,1.04,2026-09-19,1128,T,60,6.1NRT,302.36,7.14,D
-22.24503,46.38706,314.77,1.22,1.1,2026-09-19,1301,A,64,6.1NRT,302.48,7.14,D
6.80673,36.00449,316.18,1.02,1.01,2026-09-19,1308,A,71,6.1NRT,299.18,7.13,D
-2.8438,111.08999,313.43,1.1,1.05,2026-09-19,811,A,30,6.1NRT,297.27,7.13,D
43.06654,126.28092,310.29,1.0,1.0,2026-09-19,644,A,66,6.1NRT,296.28,7.12,D
-1.66929,104.33006,313.58,1.12,1.05,2026-09-19,134,T,55,6.1NRT,293.94,7.12,D
-10.76609,-46.19759,315.27,1.21,1.09,2026-09-19,1128,T,49,6.1NRT,302.33,7.12,D
-0.26073,110.75568,312.71,1.08,1.04,2026-09-19,811,A,62,6.1NRT,295.59,7.12,D
-14.53222,40.26638,316.03,1.05,1.02,2026-09-19,1304,A,38,6.1NRT,299.36,7.12,D
-6.6168,14.65804,302.21,1.17,1.08,2026-09-19,228,A,47,6.1NRT,289.03,7.12,N
65.41212,82.83244,302.04,1.16,1.07,2026-09-19,830,A,39,6.1NRT,285.88,7.12,D
-17.23277,25.4945,312.25,1.34,1.15,2026-09-19,633,T,25,6.1NRT,298.4,7.11,D
-13.25101,32.18916,316.09,1.14,1.06,2026-09-19,631,T,64,6.1NRT,299.91,7.11,D
-2.63464,110.62292,314.32,1.15,1.07,2026-09-19,811,A,38,6.1NRT,298.22,7.11,D
-3.46712,105.54526,311.63,1.01,1.0,2026-09-19,134,T,30,6.1NRT,286.62,7.11,D
-3.31501,112.60857,314.55,1.0,1.0,2026-09-19,811,A,57,6.1NRT,298.49,7.1,D
-20.40694,44.67844,317.46,1.08,1.04,2026-09-19,1301,A,49,6.1NRT,304.32,7.1,D
-13.89239,29.83059,313.28,1.0,1.0,2026-09-19,631,T,61,6.1NRT,296.93,7.1,D
53.98784,68.16117,307.43,1.16,1.07,2026-09-19,1004,A,64,6.1NRT,293.8,7.09,D
-9.2613,-45.92598,315.54,1.22,1.1,2026-09-19,1128,T,26,6.1NRT,301.22,7.09,D
-1.54196,115.85822,313.83,1.31,1.14,2026-09-19,811,A,61,6.1NRT,297.46,7.09,D
-3.22878,114.75323,320.03,1.09,1.04,2026-09-19,809,A,64,6.1NRT,302.67,7.08,D
-15.78812,-61.83351,304.79,1.48,1.2,2026-09-19,39,T,61,6.1NRT,293.02,7.08,N
-17.65768,44.04313,315.2,1.08,1.04,2026-09-19,1301,A,57,6.1NRT,299.94,7.08,D
-1.83517,113.6263,314.82,1.03,1.01,2026-09-19,811,A,62,6.1NRT,299.02,7.07,D
42.11569,121.64799,307.18,1.37,1.16,2026-09-19,120,T,57,6.1NRT,294.56,7.07,D
35.44368,44.05969,317.09,1.2,1.09,2026-09-19,618,T,48,6.1NRT,305.47,7.07,D
-2.44563,106.27065,316.89,1.0,1.0,2026-09-19,134,T,68,6.1NRT,300.04,7.06,D
-15.69533,29.04023,311.48,1.0,1.0,2026-09-19,631,T,57,6.1NRT,296.37,7.05,D
-2.43049,110.51283,314.19,1.16,1.07,2026-09-19,811,A,60,6.1NRT,297.76,7.05,D
-4.20928,30.69242,312.17,1.04,1.02,2026-09-19,629,T,65,6.1NRT,289.88,7.05,D
-10.80624,40.49739,316.53,1.0,1.0,2026-09-19,1304,A,64,6.1NRT,301.12,7.05,D
-7.7838,-44.83066,316.35,1.11,1.05,2026-09-19,1128,T,49,6.1NRT,304.47,7.04,D
-9.80836,-46.10114,314.15,1.22,1.1,2026-09-19,1128,T,38,6.1NRT,301.29,7.04,D
-15.71819,39.83191,315.56,1.11,1.05,2026-09-19,1304,A,62,6.1NRT,297.11,7.04,D
-14.73395,32.65885,311.65,1.25,1.11,2026-09-19,631,T,58,6.1NRT,296.67,7.04,D
-4.59054,33.42823,313.83,1.08,1.04,2026-09-19,629,T,60,6.1NRT,295.43,7.03,D
-15.17324,28.86995,314.16,1.01,1.01,2026-09-19,631,T,65,6.1NRT,297.11,7.03,D
6.44571,35.56771,312.71,1.06,1.03,2026-09-19,1308,A,48,6.1NRT,291.83,7.03,D
-3.49319,-59.3107,309.32,1.03,1.01,2026-09-19,41,T,77,6.1NRT,294.74,7.03,N
-8.48405,-57.62257,309.3,1.07,1.03,2026-09-19,39,T,62,6.1NRT,295.14,7.02,N
-3.33916,-59.80421,306.26,1.01,1.0,2026-09-19,41,T,67,6.1NRT,281.68,7.02,N
22.25106,110.13058,310.65,1.2,1.09,2026-09-19,818,A,49,6.1NRT,296.46,7.02,D
-19.91607,44.62513,317.75,1.08,1.04,2026-09-19,1301,A,58,6.1NRT,304.81,7.02,D
-4.5892,33.4188,313.86,1.08,1.04,2026-09-19,629,T,60,6.1NRT,294.79,7.02,D
-12.41368,40.10905,317.52,1.03,1.01,2026-09-19,1304,A,62,6.1NRT,301.83,7.02,D
20.79225,85.26087,314.17,1.04,1.02,2026-09-19,304,T,63,6.1NRT,295.07,7.02,D
-7.92342,111.60048,314.42,1.17,1.08,2026-09-19,809,A,46,6.1NRT,298.81,7.01,D
-12.70719,40.31222,316.89,1.02,1.01,2026-09-19,1304,A,61,6.1NRT,301.78,7.01,D
-11.16019,-42.7864,318.24,1.02,1.01,2026-09-19,1128,T,69,6.1NRT,303.37,7.01,D
-10.17181,38.87141,313.07,1.09,1.04,2026-09-19,1304,A,25,6.1NRT,297.76,7.01,D
-2.56871,111.58361,314.32,1.05,1.02,2026-09-19,811,A,40,6.1NRT,294.26,7.0,D
31.15178,-90.39142,306.46,1.1,1.05,2026-09-19,230,T,68,6.1NRT,293.93,7.0,N
-3.58763,114.76415,317.75,1.08,1.04,2026-09-19,809,A,70,6.1NRT,302.34,6.99,D
-14.95539,32.1605,309.26,1.18,1.08,2026-09-19,631,T,39,6.1NRT,292.45,6.99,D
-3.37283,115.21261,316.24,1.14,1.06,2026-09-19,809,A,52,6.1NRT,301.76,6.99,D
-3.30209,105.16869,306.24,1.22,1.1,2026-09-19,1353,T,53,6.1NRT,290.39,6.98,N
-11.56327,32.49444,314.97,1.13,1.06,2026-09-19,631,T,58,6.1NRT,299.98,6.98,D
-4.66094,36.64653,314.43,1.23,1.1,2026-09-19,1306,A,41,6.1NRT,302.17,6.98,D
-13.73704,136.19298,311.29,1.4,1.17,2026-09-19,629,A,41,6.1NRT,295.87,6.96,D
-20.59682,116.78538,317.69,1.0,1.0,2026-09-19,807,A,68,6.1NRT,305.63,6.96,D
-7.78235,-44.84045,316.51,1.11,1.05,2026-09-19,1128,T,43,6.1NRT,304.86,6.96,D
-13.71259,40.05855,318.68,1.05,1.02,2026-09-19,1304,A,64,6.1NRT,304.39,6.96,D
-16.41762,39.35971,313.97,1.19,1.09,2026-09-19,1304,A,60,6.1NRT,298.55,6.95,D
22.92774,115.22003,310.1,1.32,1.14,2026-09-19,126,T,46,6.1NRT,297.13,6.95,D
-10.99894,29.53511,311.84,1.02,1.01,2026-09-19,631,T,60,6.1NRT,296.78,6.95,D
-14.03489,40.00012,314.79,1.06,1.03,2026-09-19,1304,A,55,6.1NRT,299.42,6.94,D
-13.40881,28.0448,312.79,1.1,1.04,2026-09-19,631,T,64,6.1NRT,297.48,6.93,D
7.19218,37.67031,305.92,1.35,1.15,2026-09-19,627,T,61,6.1NRT,294.41,6.93,D
-14.42909,39.68759,315.09,1.1,1.04,2026-09-19,1304,A,37,6.1NRT,298.46,6.93,D
-1.95815,114.48064,313.62,1.09,1.04,2026-09-19,811,A,59,6.1NRT,299.12,6.92,D
-21.38377,-57.99471,307.3,1.06,1.03,2026-09-19,37,T,71,6.1NRT,290.46,6.92,N
-16.25695,130.14375,308.78,1.0,1.0,2026-09-19,1208,T,70,6.1NRT,294.69,6.92,N
-2.50866,115.30615,315.94,1.18,1.08,2026-09-19,811,A,44,6.1NRT,300.94,6.91,D
-41.9636,147.28651,305.56,1.0,1.0,2026-09-19,622,A,62,6.1NRT,291.14,6.91,D
-16.89751,31.47712,310.41,1.15,1.07,2026-09-19,631,T,58,6.1NRT,295.96,6.9,D
-4.38242,-55.25458,306.21,1.03,1.02,2026-09-19,724,A,67,6.1NRT,290.37,6.89,N
45.92399,38.3607,307.16,1.47,1.2,2026-09-19,614,T,22,6.1NRT,289.96,6.89,D
-10.05814,38.95967,312.37,1.08,1.04,2026-09-19,1304,A,46,6.1NRT,297.8,6.89,D
0.61806,111.51683,314.5,1.01,1.01,2026-09-19,811,A,39,6.1NRT,293.73,6.89,D
-1.98238,112.23916,314.17,1.01,1.0,2026-09-19,811,A,54,6.1NRT,297.81,6.89,D
-2.71669,111.07873,314.59,1.1,1.04,2026-09-19,811,A,44,6.1NRT,298.48,6.89,D
-0.66292,111.66598,314.34,1.02,1.01,2026-09-19,811,A,66,6.1NRT,296.57,6.89,D
-10.24353,30.56623,314.51,1.0,1.0,2026-09-19,631,T,65,6.1NRT,298.95,6.88,D
-16.22346,32.5875,311.21,1.29,1.13,2026-09-19,631,T,53,6.1NRT,296.84,6.88,D
-12.99616,37.89855,313.3,1.32,1.14,2026-09-19,1304,A,32,6.1NRT,296.6,6.88,D
-16.77581,30.29298,313.11,1.03,1.02,2026-09-19,631,T,65,6.1NRT,297.0,6.88,D
-11.47289,130.52026,307.2,1.08,1.04,2026-09-19,1210,T,69,6.1NRT,294.01,6.88,N
-14.86405,28.27311,313.24,1.05,1.02,2026-09-19,631,T,58,6.1NRT,297.92,6.87,D
-15.30386,28.94691,313.99,1.01,1.0,2026-09-19,631,T,64,6.1NRT,297.41,6.87,D
5.34446,35.48277,316.42,1.08,1.04,2026-09-19,627,T,44,6.1NRT,298.84,6.87,D
-3.09458,113.65768,313.84,1.01,1.01,2026-09-19,811,A,55,6.1NRT,298.83,6.86,D
-23.39572,46.18371,316.1,1.15,1.07,2026-09-19,1301,A,61,6.1NRT,304.5,6.86,D
20.96017,85.17321,314.27,1.05,1.02,2026-09-19,304,T,54,6.1NRT,294.81,6.86,D
43.70463,122.18761,308.06,1.36,1.15,2026-09-19,120,T,49,6.1NRT,294.55,6.86,D
-23.61036,134.48405,303.48,1.21,1.1,2026-09-19,1206,T,55,6.1NRT,291.8,6.86,N
-18.89795,27.53129,313.87,1.04,1.02,2026-09-19,633,T,4,6.1NRT,297.07,6.85,D
-3.63702,104.66557,315.19,1.05,1.02,2026-09-19,134,T,49,6.1NRT,297.42,6.85,D
6.65677,33.88012,315.69,1.28,1.12,2026-09-19,1308,A,57,6.1NRT,297.42,6.85,D
-2.00463,110.33794,315.0,1.17,1.08,2026-09-19,811,A,43,6.1NRT,294.5,6.85,D
-2.07117,113.40234,316.27,1.01,1.01,2026-09-19,811,A,29,6.1NRT,298.78,6.85,D
-3.24588,114.95149,318.9,1.11,1.05,2026-09-19,809,A,53,6.1NRT,302.09,6.84,D
-3.01855,104.01587,310.26,1.08,1.04,2026-09-19,1353,T,64,6.1NRT,293.43,6.83,N
39.88968,-94.22452,306.52,1.01,1.01,2026-09-19,232,T,47,6.1NRT,290.57,6.83,N
-11.03263,28.2643,312.53,1.13,1.06,2026-09-19,631,T,56,6.1NRT,295.8,6.83,D
-3.10507,112.41319,315.29,1.01,1.0,2026-09-19,811,A,41,6.1NRT,297.25,6.83,D
48.37699,42.60467,311.31,1.07,1.03,2026-09-19,614,T,65,6.1NRT,295.55,6.83,D
-14.44553,40.54251,316.13,1.03,1.01,2026-09-19,1304,A,59,6.1NRT,301.36,6.83,D
-2.38655,106.23418,315.8,1.0,1.0,2026-09-19,134,T,66,6.1NRT,298.05,6.82,D
-7.99835,-44.18844,318.08,1.05,1.02,2026-09-19,1128,T,58,6.1NRT,304.81,6.82,D
5.64027,35.86771,319.15,1.11,1.05,2026-09-19,627,T,24,6.1NRT,301.85,6.82,D
-3.60609,-59.06736,304.38,1.04,1.02,2026-09-19,41,T,57,6.1NRT,280.16,6.82,N
30.75249,48.27314,306.96,1.09,1.04,2026-09-19,39,A,68,6.1NRT,296.03,6.81,N
-3.16256,104.38397,314.85,1.08,1.04,2026-09-19,134,T,63,6.1NRT,296.33,6.81,D
-2.86983,112.67226,314.44,1.0,1.0,2026-09-19,811,A,0,6.1NRT,298.41,6.8,D
-14.61474,28.27234,312.31,1.05,1.02,2026-09-19,631,T,59,6.1NRT,297.61,6.8,D
-3.01484,112.45611,316.28,1.01,1.0,2026-09-19,811,A,49,6.1NRT,299.73,6.8,D
-2.22424,112.74435,315.1,1.0,1.0,2026-09-19,811,A,41,6.1NRT,296.73,6.8,D
-16.5754,27.92641,313.79,1.04,1.02,2026-09-19,631,T,61,6.1NRT,298.77,6.8,D
28.73567,88.56084,304.92,1.0,1.0,2026-09-19,304,T,31,6.1NRT,288.9,6.79,D
-7.58221,-57.69885,308.82,1.09,1.04,2026-09-19,41,T,73,6.1NRT,294.94,6.79,N
-3.24608,115.3822,312.5,1.17,1.08,2026-09-19,809,A,46,6.1NRT,294.72,6.79,D
49.39633,73.05528,304.26,1.02,1.01,2026-09-19,1004,A,57,6.1NRT,279.18,6.79,D
-4.79712,36.28074,315.04,1.3,1.13,2026-09-19,1306,A,48,6.1NRT,303.66,6.78,D
-3.32763,114.15436,313.84,1.04,1.02,2026-09-19,809,A,53,6.1NRT,298.25,6.78,D
-14.42316,26.88143,311.12,1.22,1.1,2026-09-19,631,T,59,6.1NRT,296.41,6.78,D
30.71268,49.54283,308.15,1.01,1.01,2026-09-19,39,A,73,6.1NRT,298.02,6.78,N
-2.79988,113.02632,314.2,1.0,1.0,2026-09-19,811,A,62,6.1NRT,298.11,6.78,D
-2.90056,103.87222,307.48,1.07,1.03,2026-09-19,1353,T,45,6.1NRT,291.67,6.77,N
-17.23897,-60.51226,305.08,1.27,1.12,2026-09-19,39,T,61,6.1NRT,293.19,6.77,N
-2.99303,114.72881,316.41,1.09,1.04,2026-09-19,811,A,62,6.1NRT,300.7,6.77,D
17.93265,-102.20381,307.64,1.06,1.03,2026-09-19,1034,A,72,6.1NRT,290.9,6.77,N
-2.97886,112.31956,315.19,1.01,1.01,2026-09-19,811,A,46,6.1NRT,297.49,6.76,D
-14.61769,26.41475,310.32,1.29,1.13,2026-09-19,631,T,0,6.1NRT,297.45,6.76,D
-1.65719,104.33487,308.84,1.15,1.07,2026-09-19,1353,T,27,6.1NRT,291.68,6.76,N
-18.69429,25.45057,310.29,1.28,1.12,2026-09-19,633,T,56,6.1NRT,297.58,6.76,D
-2.353,114.80535,314.41,1.12,1.05,2026-09-19,811,A,61,6.1NRT,298.28,6.76,D
-7.85471,38.29437,317.48,1.1,1.04,2026-09-19,1304,A,67,6.1NRT,302.13,6.76,D
-2.92946,110.69391,314.01,1.15,1.07,2026-09-19,811,A,29,6.1NRT,298.97,6.75,D
-3.09117,114.49969,317.22,1.07,1.03,2026-09-19,811,A,31,6.1NRT,301.2,6.75,D
-3.08714,112.53588,316.66,1.01,1.0,2026-09-19,811,A,16,6.1NRT,299.11,6.75,D
-21.88795,44.91217,319.83,1.06,1.03,2026-09-19,1301,A,65,6.1NRT,308.08,6.75,D
-1.63845,104.33223,307.82,1.15,1.07,2026-09-19,1353,T,72,6.1NRT,291.63,6.74,N
-15.77885,40.1206,313.51,1.08,1.04,2026-09-19,1304,A,58,6.1NRT,299.5,6.74,D
-21.53579,45.50447,318.99,1.13,1.06,2026-09-19,1301,A,66,6.1NRT,307.57,6.74,D
-2.58326,111.36066,312.24,1.07,1.03,2026-09-19,811,A,52,6.1NRT,295.13,6.74,D
-13.34174,40.00706,317.86,1.05,1.02,2026-09-19,1304,A,61,6.1NRT,300.65,6.74,D
-24.01814,46.39695,317.21,1.16,1.07,2026-09-19,1259,A,60,6.1NRT,306.96,6.74,D
28.35229,116.12071,310.68,1.23,1.1,2026-09-19,124,T,62,6.1NRT,294.74,6.74,D
-3.16393,104.3934,314.72,1.08,1.04,2026-09-19,134,T,61,6.1NRT,296.21,6.73,D
-3.10976,-61.42211,308.94,1.03,1.02,2026-09-19,41,T,57,6.1NRT,288.78,6.73,N
-3.21178,104.1519,308.36,1.09,1.04,2026-09-19,1353,T,74,6.1NRT,288.32,6.73,N
-14.45085,29.4898,314.0,1.0,1.0,2026-09-19,631,T,62,6.1NRT,298.29,6.73,D
-7.76475,39.11571,313.34,1.03,1.01,2026-09-19,1304,A,54,6.1NRT,295.11,6.72,D
63.36071,87.42935,301.76,1.06,1.03,2026-09-19,828,A,37,6.1NRT,285.67,6.72,D
6.10171,36.35904,317.52,1.02,1.01,2026-09-19,1308,A,60,6.1NRT,301.53,6.72,D
0.95935,122.20988,305.1,1.48,1.2,2026-09-19,1214,T,42,6.1NRT,294.51,6.72,N
12.36526,108.91469,312.43,1.0,1.0,2026-09-19,128,T,67,6.1NRT,294.05,6.71,D
-10.9082,30.63703,312.51,1.0,1.0,2026-09-19,631,T,62,6.1NRT,296.25,6.71,D
-1.1054,112.42873,312.47,1.0,1.0,2026-09-19,811,A,63,6.1NRT,295.45,6.71,D
-11.2189,33.25209,312.78,1.24,1.1,2026-09-19,631,T,60,6.1NRT,299.9,6.7,D
1.1079,111.76158,313.11,1.0,1.0,2026-09-19,811,A,65,6.1NRT,295.57,6.7,D
-13.50982,141.80832,312.48,1.1,1.05,2026-09-19,629,A,62,6.1NRT,295.67,6.7,D
-11.57405,31.97194,310.09,1.08,1.04,2026-09-19,631,T,45,6.1NRT,296.51,6.69,D
-3.34645,-59.8571,307.07,1.01,1.0,2026-09-19,41,T,49,6.1NRT,280.99,6.69,N
-2.40321,112.70632,313.24,1.0,1.0,2026-09-19,811,A,58,6.1NRT,297.26,6.68,D
-7.8835,39.75459,313.24,1.0,1.0,2026-09-19,1304,A,53,6.1NRT,296.34,6.68,D
-3.7987,105.2066,314.07,1.01,1.01,2026-09-19,134,T,40,6.1NRT,294.22,6.67,D
-2.48301,105.97369,305.89,1.4,1.17,2026-09-19,1353,T,57,6.1NRT,293.01,6.67,N
-2.67174,114.9576,316.45,1.13,1.06,2026-09-19,811,A,23,6.1NRT,299.28,6.67,D
-7.54886,28.97463,308.27,1.14,1.06,2026-09-19,629,T,51,6.1NRT,289.99,6.67,D
-14.32202,26.6295,310.75,1.26,1.12,2026-09-19,631,T,40,6.1NRT,297.05,6.66,D
-3.05829,102.92753,309.33,1.01,1.0,2026-09-19,1353,T,77,6.1NRT,292.9,6.66,N
39.43271,118.45632,312.04,1.11,1.05,2026-09-19,122,T,67,6.1NRT,298.12,6.66,D
-2.89288,105.1075,308.51,1.22,1.1,2026-09-19,1353,T,35,6.1NRT,293.17,6.66,N
-9.0746,38.80192,316.09,1.07,1.03,2026-09-19,1304,A,46,6.1NRT,300.48,6.66,D
-3.71056,105.40025,307.33,1.24,1.11,2026-09-19,1353,T,57,6.1NRT,293.11,6.66,N
-2.96039,106.72634,304.72,1.57,1.23,2026-09-19,1353,T,53,6.1NRT,293.43,6.65,N
-16.66922,30.85992,309.62,1.07,1.03,2026-09-19,631,T,57,6.1NRT,294.41,6.65,D
-10.81219,40.12745,313.72,1.01,1.01,2026-09-19,1304,A,52,6.1NRT,299.56,6.65,D
-21.37026,43.89902,318.74,1.01,1.01,2026-09-19,1301,A,65,6.1NRT,305.85,6.65,D
-15.92068,32.60976,311.19,1.29,1.13,2026-09-19,631,T,56,6.1NRT,295.79,6.65,D
-4.49021,-54.97508,301.79,1.78,1.31,2026-09-19,41,T,1,6.1NRT,289.1,6.64,N
-10.37516,40.28288,316.52,1.0,1.0,2026-09-19,1304,A,63,6.1NRT,301.31,6.64,D
23.14742,108.41232,315.83,1.04,1.02,2026-09-19,820,A,66,6.1NRT,300.28,6.63,D
-3.45095,-58.22327,308.5,1.12,1.06,2026-09-19,41,T,75,6.1NRT,293.56,6.63,N
45.91717,122.41569,304.71,1.26,1.11,2026-09-19,120,T,59,6.1NRT,291.46,6.62,D
-2.8468,102.99377,310.77,1.01,1.01,2026-09-19,1353,T,70,6.1NRT,291.14,6.62,N
-10.86718,-54.09895,301.88,1.38,1.16,2026-09-19,724,A,11,6.1NRT,291.49,6.62,N
-2.79157,112.9007,317.09,1.0,1.0,2026-09-19,811,A,37,6.1NRT,298.45,6.62,D
-15.21495,30.32921,315.9,1.02,1.01,2026-09-19,631,T,29,6.1NRT,299.28,6.61,D
-0.02652,37.9979,322.43,1.0,1.0,2026-09-19,1306,A,72,6.1NRT,307.89,6.61,D
-13.0007,39.87399,317.01,1.05,1.02,2026-09-19,1304,A,59,6.1NRT,301.92,6.6,D
-6.36735,-58.30637,309.68,1.05,1.03,2026-09-19,41,T,65,6.1NRT,294.29,6.6,N
-11.26792,39.67055,313.37,1.04,1.02,2026-09-19,1304,A,36,6.1NRT,295.78,6.6,D
-2.07656,112.16998,314.42,1.01,1.0,2026-09-19,811,A,59,6.1NRT,297.72,6.59,D
-10.15493,29.12995,314.12,1.06,1.03,2026-09-19,631,T,65,6.1NRT,294.58,6.59,D
25.1093,102.97297,308.84,1.32,1.14,2026-09-19,820,A,35,6.1NRT,289.47,6.59,D
-2.41045,112.91736,315.01,1.0,1.0,2026-09-19,811,A,31,6.1NRT,297.48,6.59,D
67.19344,81.97419,300.2,1.1,1.04,2026-09-19,830,A,31,6.1NRT,285.22,6.59,D
-5.80508,-43.7263,315.73,1.05,1.02,2026-09-19,1125,T,59,6.1NRT,303.02,6.59,D
-2.54388,111.06056,314.37,1.09,1.04,2026-09-19,811,A,29,6.1NRT,297.18,6.59,D
-9.78387,39.57781,315.19,1.03,1.01,2026-09-19,1304,A,38,6.1NRT,300.38,6.59,D
22.54502,113.08481,315.8,1.06,1.03,2026-09-19,126,T,68,6.1NRT,300.07,6.59,D
-12.3542,40.01,316.09,1.03,1.02,2026-09-19,1304,A,58,6.1NRT,301.99,6.59,D
43.73613,25.72712,313.56,1.04,1.02,2026-09-19,1318,A,53,6.1NRT,288.71,6.59,D
62.86482,87.49666,301.14,1.07,1.03,2026-09-19,828,A,45,6.1NRT,286.21,6.58,D
-3.49729,114.75445,319.46,1.08,1.04,2026-09-19,809,A,58,6.1NRT,302.54,6.58,D
-0.96314,115.60123,312.21,1.29,1.13,2026-09-19,811,A,57,6.1NRT,298.35,6.58,D
-4.36684,34.73958,311.33,1.25,1.11,2026-09-19,629,T,55,6.1NRT,295.94,6.58,D
9.64456,-63.52579,312.88,1.0,1.0,2026-09-19,1259,T,58,6.1NRT,291.97,6.58,D
0.15823,111.34402,314.09,1.03,1.01,2026-09-19,811,A,66,6.1NRT,296.91,6.57,D
-10.43132,32.78335,314.32,1.14,1.07,2026-09-19,631,T,60,6.1NRT,298.71,6.57,D
-3.5225,114.71011,318.32,1.08,1.04,2026-09-19,809,A,69,6.1NRT,302.2,6.56,D
-18.17139,44.42598,316.64,1.1,1.05,2026-09-19,1301,A,58,6.1NRT,302.18,6.56,D
-3.51159,105.50487,305.7,1.27,1.12,2026-09-19,1353,T,64,6.1NRT,292.76,6.55,N
0.58952,111.32275,313.94,1.02,1.01,2026-09-19,811,A,64,6.1NRT,296.77,6.55,D
31.48496,-89.116,305.02,1.27,1.12,2026-09-19,230,T,62,6.1NRT,294.44,6.54,N
-0.83149,36.42614,316.18,1.14,1.06,2026-09-19,1306,A,47,6.1NRT,303.81,6.54,D
42.61004,26.2667,314.48,1.03,1.01,2026-09-19,1318,A,58,6.1NRT,295.69,6.54,D
-14.71951,26.60346,311.28,1.25,1.11,2026-09-19,631,T,57,6.1NRT,297.97,6.53,D
-14.29209,28.33709,312.85,1.05,1.02,2026-09-19,631,T,60,6.1NRT,298.0,6.53,D
-20.21218,44.39143,315.53,1.06,1.03,2026-09-19,1301,A,42,6.1NRT,302.88,6.53,D
-10.2014,-57.90481,308.13,1.03,1.01,2026-09-19,39,T,73,6.1NRT,293.6,6.52,N
22.03974,83.73628,311.63,1.23,1.1,2026-09-19,304,T,37,6.1NRT,294.79,6.52,D
-2.67381,106.00085,304.41,1.4,1.17,2026-09-19,1353,T,46,6.1NRT,292.9,6.52,N
-6.71076,-59.45351,309.32,1.0,1.0,2026-09-19,41,T,75,6.1NRT,294.43,6.52,N
-20.1373,29.09037,310.41,1.01,1.01,2026-09-19,633,T,60,6.1NRT,292.3,6.52,D
43.68961,122.26826,307.46,1.37,1.16,2026-09-19,120,T,48,6.1NRT,294.37,6.51,D
-36.27371,148.6346,301.98,1.16,1.07,2026-09-19,625,A,50,6.1NRT,290.1,6.51,D
-9.1975,32.57512,314.6,1.09,1.04,2026-09-19,629,T,62,6.1NRT,298.83,6.5,D
-16.65006,30.11585,311.44,1.02,1.01,2026-09-19,631,T,61,6.1NRT,296.49,6.5,D
-21.7037,-60.12615,306.13,1.36,1.16,2026-09-19,37,T,56,6.1NRT,293.81,6.49,N
22.36236,87.01967,312.34,1.0,1.0,2026-09-19,304,T,61,6.1NRT,295.47,6.49,D
-16.19247,39.30365,312.99,1.19,1.09,2026-09-19,1304,A,57,6.1NRT,294.5,6.49,D
43.41658,122.22179,306.89,1.38,1.16,2026-09-19,120,T,50,6.1NRT,296.09,6.49,D
-10.76359,29.56975,311.18,1.02,1.01,2026-09-19,631,T,43,6.1NRT,294.08,6.49,D
-1.75228,110.79343,312.57,1.1,1.05,2026-09-19,811,A,58,6.1NRT,295.85,6.49,D
-9.59239,-60.51945,308.84,1.07,1.03,2026-09-19,39,T,72,6.1NRT,296.4,6.49,N
68.40596,83.63175,300.85,1.01,1.01,2026-09-19,833,A,42,6.1NRT,282.59,6.48,D
-12.24753,31.98983,315.4,1.09,1.04,2026-09-19,631,T,51,6.1NRT,300.54,6.48,D
27.77734,114.91544,313.42,1.1,1.05,2026-09-19,124,T,46,6.1NRT,295.26,6.48,D
-12.17745,32.63005,314.49,1.17,1.08,2026-09-19,631,T,63,6.1NRT,300.7,6.48,D
-21.91813,44.89708,318.61,1.06,1.03,2026-09-19,1301,A,33,6.1NRT,306.1,6.47,D
-3.08322,105.30167,314.82,1.02,1.01,2026-09-19,134,T,47,6.1NRT,295.77,6.46,D
-11.55103,29.08767,312.16,1.04,1.02,2026-09-19,631,T,64,6.1NRT,295.81,6.46,D
-25.85728,29.17023,305.76,1.1,1.05,2026-09-19,635,T,62,6.1NRT,289.75,6.46,D
-1.65544,110.69315,313.02,1.11,1.05,2026-09-19,811,A,60,6.1NRT,295.6,6.46,D
-20.43598,-59.22783,308.27,1.17,1.08,2026-09-19,37,T,74,6.1NRT,295.25,6.45,N
-2.89107,104.53381,307.36,1.14,1.06,2026-09-19,1353,T,71,6.1NRT,291.49,6.45,N
-7.04755,-42.08031,316.34,1.01,1.01,2026-09-19,1128,T,58,6.1NRT,305.12,6.45,D
8.29197,-64.11044,309.45,1.06,1.03,2026-09-19,45,T,31,6.1NRT,294.64,6.45,N
24.75499,105.99187,311.18,1.01,1.01,2026-09-19,820,A,63,6.1NRT,296.19,6.45,D
42.36072,26.04978,318.28,1.05,1.02,2026-09-19,1318,A,69,6.1NRT,303.83,6.45,D
6.69411,36.74998,315.89,1.0,1.0,2026-09-19,1308,A,48,6.1NRT,301.54,6.45,D
-14.53016,29.84115,313.11,1.0,1.0,2026-09-19,631,T,46,6.1NRT,299.13,6.45,D
-10.58138,40.13521,315.15,1.01,1.0,2026-09-19,1304,A,60,6.1NRT,300.46,6.44,D
-2.80459,111.17584,313.53,1.09,1.04,2026-09-19,811,A,46,6.1NRT,296.58,6.44,D
45.26027,31.67104,305.98,1.03,1.01,2026-09-19,213,A,40,6.1NRT,292.87,6.44,N
-15.09354,40.14427,312.17,1.07,1.03,2026-09-19,1304,A,44,6.1NRT,297.22,6.44,D
-14.00329,130.24359,308.38,1.02,1.01,2026-09-19,1208,T,37,6.1NRT,290.97,6.43,N
-3.2319,113.98088,316.79,1.03,1.01,2026-09-19,811,A,22,6.1NRT,302.06,6.43,D
-12.71706,132.14789,305.79,1.26,1.12,2026-09-19,1210,T,66,6.1NRT,294.44,6.43,N
-12.57945,-47.08959,313.46,1.29,1.13,2026-09-19,1128,T,28,6.1NRT,301.26,6.42,D
-3.12127,104.41513,312.69,1.08,1.04,2026-09-19,134,T,53,6.1NRT,295.46,6.42,D
33.44282,-88.58011,305.23,1.44,1.19,2026-09-19,232,T,58,6.1NRT,294.23,6.41,N
-3.93626,138.89569,309.22,1.04,1.02,2026-09-19,631,A,49,6.1NRT,285.14,6.41,D
-3.93989,138.74921,305.16,1.03,1.01,2026-09-19,631,A,61,6.1NRT,283.29,6.41,D
-1.99623,105.73126,304.81,1.37,1.16,2026-09-19,1353,T,57,6.1NRT,292.27,6.41,N
-13.68225,29.5886,310.59,1.0,1.0,2026-09-19,631,T,54,6.1NRT,295.41,6.4,D
-3.13118,104.61392,313.5,1.06,1.03,2026-09-19,134,T,49,6.1NRT,295.37,6.4,D
-1.86391,113.22726,316.71,1.01,1.0,2026-09-19,811,A,66,6.1NRT,301.13,6.4,D
27.8027,48.63194,308.62,1.02,1.01,2026-09-19,39,A,73,6.1NRT,297.82,6.4,N
-3.43055,-59.19689,308.31,1.03,1.02,2026-09-19,41,T,74,6.1NRT,292.05,6.4,N
48.36141,-97.68035,301.72,1.0,1.0,2026-09-19,234,T,44,6.1NRT,285.66,6.4,N
-10.04244,38.61191,315.98,1.11,1.05,2026-09-19,1304,A,39,6.1NRT,298.72,6.39,D
-12.02225,40.0667,314.41,1.03,1.01,2026-09-19,1304,A,53,6.1NRT,299.09,6.39,D
-1.32735,104.12228,305.73,1.13,1.06,2026-09-19,1353,T,65,6.1NRT,292.07,6.39,N
-3.35526,-59.85586,306.79,1.01,1.0,2026-09-19,41,T,38,6.1NRT,282.32,6.38,N
-25.81583,29.49466,305.78,1.13,1.06,2026-09-19,635,T,62,6.1NRT,289.93,6.38,D
-3.11869,-61.42088,308.0,1.03,1.02,2026-09-19,41,T,47,6.1NRT,288.67,6.37,N
-3.59613,114.70776,317.87,1.08,1.04,2026-09-19,809,A,70,6.1NRT,302.28,6.37,D
34.40189,117.96535,310.52,1.24,1.11,2026-09-19,122,T,51,6.1NRT,295.45,6.36,D
-9.96539,-46.54798,314.01,1.3,1.13,2026-09-19,1128,T,34,6.1NRT,301.17,6.36,D
-2.70926,111.88389,313.95,1.03,1.01,2026-09-19,811,A,59,6.1NRT,299.63,6.36,D
21.76206,84.02004,311.36,1.18,1.08,2026-09-19,304,T,58,6.1NRT,293.31,6.36,D
-1.99459,111.08836,314.45,1.08,1.04,2026-09-19,811,A,38,6.1NRT,294.28,6.36,D
-15.99439,28.74476,315.07,1.01,1.0,2026-09-19,631,T,65,6.1NRT,300.35,6.36,D
-12.2163,27.73535,311.47,1.16,1.07,2026-09-19,631,T,54,6.1NRT,296.46,6.36,D
-3.03941,-61.23949,306.98,1.02,1.01,2026-09-19,41,T,70,6.1NRT,285.76,6.35,N
-5.73586,-43.50527,317.39,1.03,1.02,2026-09-19,1125,T,57,6.1NRT,301.99,6.35,D
-10.87019,31.48182,313.29,1.03,1.01,2026-09-19,631,T,61,6.1NRT,297.81,6.35,D
-12.60367,26.00391,305.82,1.47,1.2,2026-09-19,631,T,47,6.1NRT,294.76,6.35,D
-3.03429,112.62865,316.27,1.0,1.0,2026-09-19,811,A,61,6.1NRT,298.91,6.34,D
-2.62948,115.11295,314.57,1.15,1.07,2026-09-19,811,A,58,6.1NRT,298.86,6.34,D
-4.999,31.69705,312.95,1.0,1.0,2026-09-19,629,T,66,6.1NRT,294.26,6.34,D
-14.28,40.41018,316.05,1.03,1.02,2026-09-19,1304,A,61,6.1NRT,300.71,6.34,D
-3.29836,105.12482,304.94,1.21,1.09,2026-09-19,1353,T,56,6.1NRT,289.31,6.33,N
-11.08071,40.51172,317.94,1.0,1.0,2026-09-19,1304,A,68,6.1NRT,302.92,6.33,D
-13.71126,40.06797,317.66,1.05,1.02,2026-09-19,1304,A,59,6.1NRT,303.23,6.33,D
-13.14139,-45.24057,313.42,1.04,1.02,2026-09-19,1128,T,51,6.1NRT,299.33,6.32,D
-18.66899,45.36126,317.46,1.21,1.09,2026-09-19,1301,A,57,6.1NRT,303.7,6.32,D
-7.61193,-45.43115,314.29,1.2,1.09,2026-09-19,1128,T,36,6.1NRT,302.76,6.32,D
22.38115,87.28025,313.73,1.0,1.0,2026-09-19,304,T,28,6.1NRT,295.92,6.32,D
36.11079,117.80852,302.17,1.0,1.0,2026-09-19,1223,T,30,6.1NRT,280.91,6.32,N
-11.58183,32.51662,313.29,1.14,1.06,2026-09-19,631,T,62,6.1NRT,300.44,6.32,D
-3.25545,112.83148,316.42,1.0,1.0,2026-09-19,811,A,28,6.1NRT,301.75,6.31,D
-10.48061,29.21023,312.59,1.05,1.02,2026-09-19,631,T,62,6.1NRT,296.81,6.31,D
-18.70379,44.63038,316.24,1.11,1.05,2026-09-19,1301,A,58,6.1NRT,302.19,6.3,D
-16.25449,130.09669,307.8,1.0,1.0,2026-09-19,1208,T,47,6.1NRT,293.76,6.3,N
-13.87798,136.51244,311.75,1.34,1.15,2026-09-19,629,A,29,6.1NRT,297.23,6.3,D
-15.56695,27.24101,311.37,1.13,1.06,2026-09-19,631,T,45,6.1NRT,298.35,6.3,D
-3.12904,114.30747,313.67,1.05,1.02,2026-09-19,811,A,47,6.1NRT,298.49,6.3,D
-2.97478,112.8512,317.94,1.0,1.0,2026-09-19,811,A,25,6.1NRT,301.12,6.3,D
-0.32698,37.78418,320.75,1.01,1.01,2026-09-19,1306,A,73,6.1NRT,307.01,6.29,D
-6.04592,-44.03487,314.6,1.07,1.03,2026-09-19,1128,T,55,6.1NRT,301.42,6.29,D
-3.11087,112.55726,317.67,1.01,1.0,2026-09-19,811,A,19,6.1NRT,299.25,6.29,D
-6.90444,-41.71266,315.82,1.03,1.01,2026-09-19,1128,T,58,6.1NRT,304.88,6.28,D
-3.38168,113.85158,313.79,1.02,1.01,2026-09-19,809,A,42,6.1NRT,298.09,6.27,D
-19.5924,44.68372,315.52,1.1,1.04,2026-09-19,1301,A,38,6.1NRT,302.0,6.27,D
-1.62801,113.26958,314.03,1.01,1.01,2026-09-19,811,A,57,6.1NRT,297.48,6.27,D
-15.79182,28.80721,312.34,1.01,1.0,2026-09-19,631,T,59,6.1NRT,297.17,6.27,D
-16.74385,45.43656,314.38,1.3,1.13,2026-09-19,1301,A,30,6.1NRT,300.5,6.27,D
-11.24401,32.99591,315.81,1.2,1.09,2026-09-19,631,T,67,6.1NRT,302.09,6.27,D
27.10201,49.31367,307.01,1.0,1.0,2026-09-19,39,A,70,6.1NRT,296.97,6.26,N
-8.6198,-41.114,312.94,1.11,1.05,2026-09-19,1128,T,56,6.1NRT,300.07,6.26,D
0.91807,127.96276,307.19,1.09,1.04,2026-09-19,1214,T,63,6.1NRT,292.58,6.26,N
-6.67773,38.33381,315.45,1.07,1.03,2026-09-19,1304,A,66,6.1NRT,301.31,6.26,D
-7.55388,-61.32129,309.21,1.1,1.05,2026-09-19,41,T,65,6.1NRT,296.44,6.25,N
-13.39962,28.0462,312.03,1.1,1.04,2026-09-19,631,T,57,6.1NRT,297.55,6.25,D
43.40042,121.57523,307.09,1.29,1.13,2026-09-19,120,T,54,6.1NRT,295.16,6.25,D
-12.70587,40.32132,316.41,1.02,1.01,2026-09-19,1304,A,59,6.1NRT,300.17,6.24,D
-22.23242,43.81356,317.7,1.0,1.0,2026-09-19,1301,A,60,6.1NRT,303.21,6.24,D
-31.55314,116.86211,303.31,1.17,1.07,2026-09-19,803,A,56,6.1NRT,291.65,6.24,D
37.53055,39.29948,314.76,1.08,1.04,2026-09-19,618,T,55,6.1NRT,301.71,6.23,D
6.1043,36.22299,314.48,1.15,1.07,2026-09-19,627,T,43,6.1NRT,297.7,6.23,D
-14.79655,32.75587,311.62,1.27,1.12,2026-09-19,631,T,58,6.1NRT,296.78,6.23,D
13.55151,109.10725,311.21,1.0,1.0,2026-09-19,816,A,65,6.1NRT,291.56,6.22,D
-2.42901,110.5229,313.18,1.16,1.07,2026-09-19,811,A,57,6.1NRT,297.54,6.22,D
65.51173,83.03867,300.71,1.15,1.07,2026-09-19,830,A,22,6.1NRT,285.5,6.22,D
-10.44445,28.77921,311.06,1.09,1.04,2026-09-19,631,T,44,6.1NRT,295.84,6.22,D
-7.57089,38.92116,313.59,1.04,1.02,2026-09-19,1304,A,45,6.1NRT,298.62,6.22,D
65.67358,84.33194,301.49,1.08,1.04,2026-09-19,830,A,29,6.1NRT,284.14,6.22,D
10.37679,108.36762,310.45,1.01,1.0,2026-09-19,128,T,39,6.1NRT,289.35,6.22,D
42.43879,-8.42509,307.19,1.07,1.03,2026-09-19,934,T,64,6.1NRT,295.99,6.21,D
40.17743,118.05455,303.81,1.02,1.01,2026-09-19,1223,T,57,6.1NRT,290.0,6.21,N
-0.94264,113.78154,310.63,1.05,1.02,2026-09-19,811,A,30,6.1NRT,293.51,6.21,D
-12.71534,132.15918,306.06,1.26,1.12,2026-09-19,1210,T,63,6.1NRT,294.19,6.2,N
-5.61989,-45.2444,313.94,1.23,1.1,2026-09-19,1125,T,24,6.1NRT,299.0,6.2,D
43.81911,122.24067,306.57,1.36,1.15,2026-09-19,120,T,46,6.1NRT,293.78,6.19,D
-23.65831,46.38923,311.7,1.17,1.08,2026-09-19,1259,A,47,6.1NRT,299.64,6.19,D
-2.61006,112.00594,315.03,1.02,1.01,2026-09-19,811,A,13,6.1NRT,298.06,6.18,D
-12.26553,39.98097,315.07,1.03,1.02,2026-09-19,1304,A,54,6.1NRT,301.16,6.18,D
-12.85919,-46.32893,312.69,1.16,1.07,2026-09-19,1128,T,34,6.1NRT,300.34,6.17,D
46.05246,122.12946,306.11,1.22,1.1,2026-09-19,120,T,37,6.1NRT,289.73,6.17,D
-24.83868,30.58395,305.22,1.25,1.11,2026-09-19,635,T,51,6.1NRT,290.22,6.17,D
-2.36207,112.68247,313.15,1.0,1.0,2026-09-19,811,A,57,6.1NRT,296.82,6.17,D
-4.19748,103.95068,309.69,1.1,1.05,2026-09-19,134,T,58,6.1NRT,291.68,6.17,D
9.77389,-63.26757,309.83,1.01,1.0,2026-09-19,1259,T,63,6.1NRT,291.19,6.17,D
8.32831,38.56054,303.1,1.5,1.21,2026-09-19,627,T,22,6.1NRT,291.01,6.17,D
-15.81039,40.09171,314.8,1.09,1.04,2026-09-19,1304,A,42,6.1NRT,300.29,6.16,D
-6.15412,-57.71217,308.05,1.12,1.05,2026-09-19,41,T,57,6.1NRT,291.03,6.16,N
30.40187,50.62024,307.28,1.0,1.0,2026-09-19,39,A,63,6.1NRT,296.31,6.16,N
-22.41272,-55.91843,303.85,1.0,1.0,2026-09-19,37,T,57,6.1NRT,283.75,6.15,N
-3.03475,114.00321,315.29,1.03,1.02,2026-09-19,811,A,27,6.1NRT,299.36,6.15,D
-1.47195,112.26739,312.42,1.0,1.0,2026-09-19,811,A,60,6.1NRT,295.73,6.14,D
31.14152,49.32176,307.99,1.03,1.01,2026-09-19,39,A,73,6.1NRT,297.74,6.14,N
-10.89499,31.92375,313.03,1.06,1.03,2026-09-19,631,T,52,6.1NRT,298.52,6.13,D
-5.70641,149.35225,304.49,1.25,1.11,2026-09-19,1034,T,15,6.1NRT,291.37,6.13,N
-13.30113,25.88033,306.9,1.46,1.19,2026-09-19,631,T,46,6.1NRT,295.49,6.13,D
-32.81882,146.41173,311.88,1.06,1.03,2026-09-19,625,A,58,6.1NRT,301.54,6.13,D
-9.45657,39.42768,315.68,1.03,1.01,2026-09-19,1304,A,53,6.1NRT,302.57,6.12,D
-10.38498,29.37902,313.07,1.04,1.02,2026-09-19,631,T,61,6.1NRT,297.38,6.12,D
37.09692,-5.6458,315.06,1.1,1.05,2026-09-19,934,T,64,6.1NRT,302.23,6.11,D
-1.42757,110.6676,314.42,1.11,1.05,2026-09-19,811,A,58,6.1NRT,297.6,6.11,D
22.22052,84.75867,312.14,1.1,1.05,2026-09-19,304,T,63,6.1NRT,295.76,6.1,D
-2.18502,112.7506,313.92,1.0,1.0,2026-09-19,811,A,59,6.1NRT,296.97,6.1,D
23.51835,110.8891,311.27,1.02,1.01,2026-09-19,126,T,60,6.1NRT,295.39,6.1,D
-17.33402,44.39091,314.89,1.12,1.06,2026-09-19,1301,A,54,6.1NRT,300.1,6.1,D
-10.05451,39.05315,314.15,1.07,1.03,2026-09-19,1304,A,32,6.1NRT,299.13,6.1,D
-7.12921,-43.69426,315.89,1.03,1.01,2026-09-19,1128,T,57,6.1NRT,303.16,6.09,D
39.86868,118.17017,310.11,1.07,1.03,2026-09-19,122,T,60,6.1NRT,296.19,6.09,D
-2.58093,110.48505,313.46,1.17,1.08,2026-09-19,811,A,56,6.1NRT,297.34,6.09,D
-0.79818,114.00713,311.0,1.07,1.03,2026-09-19,811,A,62,6.1NRT,296.14,6.08,D
-0.74481,111.61124,314.09,1.02,1.01,2026-09-19,811,A,66,6.1NRT,298.32,6.08,D
-10.82192,28.51833,311.88,1.11,1.05,2026-09-19,631,T,60,6.1NRT,297.63,6.08,D
-13.61949,40.32449,315.06,1.03,1.01,2026-09-19,1304,A,46,6.1NRT,300.41,6.08,D
39.60693,117.95029,308.73,1.07,1.03,2026-09-19,122,T,59,6.1NRT,295.45,6.07,D
-3.08909,108.12972,313.51,1.13,1.06,2026-09-19,134,T,56,6.1NRT,297.23,6.07,D
-2.85528,110.43978,314.41,1.18,1.08,2026-09-19,811,A,55,6.1NRT,298.08,6.07,D
-19.42361,44.81936,315.41,1.11,1.05,2026-09-19,1301,A,50,6.1NRT,302.72,6.06,D
-4.80118,-56.21805,304.46,1.42,1.18,2026-09-19,41,T,55,6.1NRT,293.7,6.06,N
-6.28811,-41.77351,317.55,1.02,1.01,2026-09-19,1128,T,38,6.1NRT,303.48,6.06,D
6.2677,34.52335,315.49,1.01,1.0,2026-09-19,627,T,18,6.1NRT,297.25,6.06,D
-12.16756,141.87091,310.53,1.15,1.07,2026-09-19,629,A,66,6.1NRT,293.05,6.06,D
-2.03306,113.47774,314.06,1.02,1.01,2026-09-19,811,A,0,6.1NRT,298.9,6.05,D
-3.23813,114.94046,318.57,1.11,1.05,2026-09-19,809,A,46,6.1NRT,302.5,6.05,D
-7.70186,38.91552,313.34,1.04,1.02,2026-09-19,1304,A,53,6.1NRT,297.8,6.05,D
-1.348,111.02747,312.09,1.07,1.03,2026-09-19,811,A,56,6.1NRT,297.16,6.05,D
-0.61862,112.08906,313.45,1.0,1.0,2026-09-19,811,A,30,6.1NRT,297.31,6.04,D
-10.58529,29.4872,312.02,1.03,1.01,2026-09-19,631,T,59,6.1NRT,295.47,6.04,D
-12.01928,28.19983,309.07,1.11,1.05,2026-09-19,631,T,55,6.1NRT,296.01,6.04,D
-12.81088,32.12519,315.84,1.12,1.06,2026-09-19,631,T,68,6.1NRT,300.44,6.04,D
-1.68396,113.07211,316.11,1.0,1.0,2026-09-19,811,A,66,6.1NRT,300.43,6.04,D
-16.94747,29.8006,310.75,1.01,1.01,2026-09-19,631,T,58,6.1NRT,297.06,6.03,D
-14.30063,26.62116,309.74,1.26,1.12,2026-09-19,631,T,46,6.1NRT,297.62,6.03,D
-10.15956,39.47222,313.26,1.04,1.02,2026-09-19,1304,A,51,6.1NRT,299.07,6.03,D
6.64473,34.49567,314.43,1.18,1.08,2026-09-19,1308,A,64,6.1NRT,296.22,6.03,D
-1.55799,104.38673,307.74,1.16,1.07,2026-09-19,1353,T,72,6.1NRT,291.84,6.03,N
-0.43008,37.76918,319.33,1.02,1.01,2026-09-19,1306,A,65,6.1NRT,304.6,6.03,D
-6.70318,-59.46356,307.73,1.0,1.0,2026-09-19,41,T,42,6.1NRT,294.64,6.02,N
5.35352,35.48432,315.83,1.08,1.04,2026-09-19,627,T,42,6.1NRT,299.89,6.02,D
-14.62767,27.26376,311.52,1.15,1.07,2026-09-19,631,T,57,6.1NRT,297.48,6.02,D
-18.14084,45.376,315.06,1.23,1.1,2026-09-19,1301,A,45,6.1NRT,299.04,6.02,D
-3.00496,114.7112,315.0,1.09,1.04,2026-09-19,811,A,58,6.1NRT,300.31,6.01,D
32.4257,51.32941,302.55,1.01,1.0,2026-09-19,39,A,50,6.1NRT,289.42,6.01,N
8.55687,-64.12904,308.92,1.05,1.02,2026-09-19,45,T,74,6.1NRT,294.01,6.01,N
-1.6234,111.35574,314.0,1.05,1.02,2026-09-19,811,A,52,6.1NRT,298.1,6.0,D
-12.79746,32.09636,316.0,1.12,1.05,2026-09-19,631,T,35,6.1NRT,300.63,6.0,D
-23.23456,46.09549,315.06,1.15,1.07,2026-09-19,1301,A,58,6.1NRT,304.94,6.0,D
-10.59148,40.12759,314.73,1.01,1.0,2026-09-19,1304,A,56,6.1NRT,300.94,6.0,D
-9.37376,39.22604,313.26,1.04,1.02,2026-09-19,1304,A,30,6.1NRT,300.08,6.0,D
-2.49207,112.10291,315.5,1.02,1.01,2026-09-19,811,A,50,6.1NRT,298.32,5.99,D
6.84986,36.41352,313.87,1.01,1.0,2026-09-19,1308,A,56,6.1NRT,299.29,5.99,D
28.05111,96.97276,304.63,1.04,1.02,2026-09-19,1359,T,59,6.1NRT,291.85,5.98,N
-2.85637,114.34237,314.67,1.06,1.03,2026-09-19,811,A,21,6.1NRT,298.71,5.98,D
31.08906,26.6127,302.22,1.02,1.01,2026-09-19,219,A,48,6.1NRT,288.45,5.98,N
0.82197,111.70703,311.67,1.01,1.0,2026-09-19,811,A,63,6.1NRT,294.37,5.97,D
-18.72359,28.79946,311.24,1.0,1.0,2026-09-19,633,T,61,6.1NRT,297.58,5.97,D
-6.36346,-58.27852,308.75,1.06,1.03,2026-09-19,41,T,60,6.1NRT,295.06,5.97,N
-2.9267,114.42474,314.0,1.07,1.03,2026-09-19,811,A,37,6.1NRT,298.77,5.97,D
-14.62054,32.81474,310.2,1.28,1.12,2026-09-19,631,T,53,6.1NRT,296.46,5.97,D
-3.29913,105.19003,304.85,1.22,1.1,2026-09-19,1353,T,31,6.1NRT,291.9,5.96,N
40.1843,118.0592,308.84,1.06,1.03,2026-09-19,122,T,50,6.1NRT,295.93,5.96,D
-3.12749,112.80927,313.49,1.0,1.0,2026-09-19,811,A,49,6.1NRT,297.9,5.96,D
51.88807,29.34638,302.23,1.32,1.14,2026-09-19,1321,A,38,6.1NRT,289.29,5.95,D
-26.54523,29.15495,305.33,1.12,1.05,2026-09-19,635,T,35,6.1NRT,289.93,5.95,D
-1.95759,110.33106,314.42,1.17,1.08,2026-09-19,811,A,42,6.1NRT,296.07,5.94,D
-8.59681,32.02617,313.15,1.03,1.02,2026-09-19,629,T,61,6.1NRT,297.25,5.93,D
-11.0754,31.89595,310.61,1.06,1.03,2026-09-19,631,T,50,6.1NRT,296.38,5.93,D
-24.30799,44.14869,317.68,1.0,1.0,2026-09-19,1259,A,39,6.1NRT,306.05,5.93,D
-2.76906,104.74724,307.04,1.17,1.08,2026-09-19,1353,T,70,6.1NRT,293.33,5.93,N
-3.21846,113.38675,314.09,1.0,1.0,2026-09-19,811,A,33,6.1NRT,298.64,5.92,D
-4.4263,-55.51426,305.29,1.02,1.01,2026-09-19,724,A,63,6.1NRT,290.98,5.92,N
-3.03575,105.0256,304.19,1.2,1.09,2026-09-19,1353,T,51,6.1NRT,292.26,5.92,N
37.75721,-4.96719,312.72,1.15,1.07,2026-09-19,934,T,61,6.1NRT,299.98,5.92,D
41.04381,70.17731,313.09,1.15,1.07,2026-09-19,438,T,57,6.1NRT,301.34,5.92,D
-15.83861,-60.24739,304.46,1.18,1.08,2026-09-19,39,T,60,6.1NRT,292.58,5.92,N
-8.78605,31.73757,312.86,1.02,1.01,2026-09-19,629,T,55,6.1NRT,298.66,5.91,D
-10.11025,39.37175,315.3,1.04,1.02,2026-09-19,1304,A,57,6.1NRT,300.5,5.91,D
-1.6773,104.3275,307.58,1.14,1.07,2026-09-19,1353,T,14,6.1NRT,291.78,5.91,N
-15.41006,39.71599,313.46,1.12,1.05,2026-09-19,1304,A,57,6.1NRT,298.29,5.91,D
-6.95693,107.80418,309.58,1.19,1.09,2026-09-19,134,T,18,6.1NRT,294.34,5.91,D
43.28471,-0.00035,302.62,1.57,1.23,2026-09-19,934,T,38,6.1NRT,291.65,5.91,D
-3.07469,112.53648,313.25,1.01,1.0,2026-09-19,811,A,54,6.1NRT,299.44,5.91,D
-2.94585,112.42235,314.05,1.01,1.0,2026-09-19,811,A,49,6.1NRT,296.78,5.91,D
-9.54034,-55.08874,300.12,1.44,1.19,2026-09-19,39,T,18,6.1NRT,288.67,5.91,N
-5.45802,38.83456,312.42,1.02,1.01,2026-09-19,1306,A,62,6.1NRT,298.24,5.9,D
-16.00967,-61.61708,303.81,1.44,1.19,2026-09-19,39,T,13,6.1NRT,292.92,5.9,N
-4.23689,104.79709,307.16,1.13,1.06,2026-09-19,1353,T,70,6.1NRT,292.82,5.9,N
-2.88894,103.82311,305.15,1.06,1.03,2026-09-19,1353,T,12,6.1NRT,292.26,5.89,N
-7.91107,29.99951,311.81,1.03,1.02,2026-09-19,629,T,63,6.1NRT,297.4,5.89,D
40.17536,118.05682,308.53,1.06,1.03,2026-09-19,122,T,46,6.1NRT,296.17,5.89,D
-14.19931,29.66542,312.03,1.0,1.0,2026-09-19,631,T,56,6.1NRT,296.9,5.88,D
-19.54818,44.96083,315.35,1.13,1.06,2026-09-19,1301,A,43,6.1NRT,302.64,5.88,D
40.11514,118.73023,302.9,1.05,1.02,2026-09-19,1223,T,52,6.1NRT,292.79,5.88,N
-11.03944,29.5013,311.37,1.02,1.01,2026-09-19,631,T,59,6.1NRT,296.51,5.87,D
-3.23671,115.38067,311.65,1.17,1.08,2026-09-19,809,A,31,6.1NRT,292.91,5.87,D
-13.75521,40.20853,315.0,1.04,1.02,2026-09-19,1304,A,44,6.1NRT,301.14,5.87,D
-1.21075,113.40842,310.95,1.02,1.01,2026-09-19,811,A,58,6.1NRT,293.13,5.87,D
-6.12101,-44.90702,314.11,1.17,1.07,2026-09-19,1128,T,51,6.1NRT,300.83,5.86,D
40.42633,125.55154,305.96,1.03,1.01,2026-09-19,644,A,61,6.1NRT,293.9,5.86,D
-9.54197,30.30211,313.58,1.01,1.0,2026-09-19,631,T,53,6.1NRT,298.4,5.86,D
22.96758,111.33831,310.09,1.0,1.0,2026-09-19,126,T,57,6.1NRT,295.71,5.85,D
-15.96111,26.1466,311.33,1.28,1.12,2026-09-19,631,T,18,6.1NRT,297.36,5.85,D
-15.02672,27.94124,311.46,1.07,1.03,2026-09-19,631,T,56,6.1NRT,297.93,5.85,D
-7.79066,38.99927,313.52,1.03,1.02,2026-09-19,1304,A,55,6.1NRT,298.63,5.85,D
45.00166,0.12649,304.69,1.46,1.19,2026-09-19,932,T,28,6.1NRT,293.33,5.85,D
-12.09065,28.92576,310.64,1.04,1.02,2026-09-19,631,T,59,6.1NRT,296.11,5.84,D
-0.55369,112.01968,312.86,1.0,1.0,2026-09-19,811,A,61,6.1NRT,296.46,5.84,D
-7.51051,29.97803,307.15,1.04,1.02,2026-09-19,629,T,43,6.1NRT,286.78,5.83,D
-1.82447,111.36946,314.68,1.05,1.02,2026-09-19,811,A,53,6.1NRT,296.87,5.83,D
-13.01615,-46.92196,312.7,1.24,1.11,2026-09-19,1128,T,42,6.1NRT,298.67,5.83,D
-11.25454,32.60593,310.87,1.14,1.06,2026-09-19,631,T,50,6.1NRT,298.84,5.83,D
47.62553,23.39821,309.25,1.07,1.03,2026-09-19,1318,A,62,6.1NRT,297.06,5.83,D
-16.94876,29.80988,310.41,1.01,1.01,2026-09-19,631,T,57,6.1NRT,296.82,5.82,D
-6.26576,-41.66383,315.27,1.02,1.01,2026-09-19,1125,T,58,6.1NRT,302.99,5.81,D
-0.4467,111.36998,312.88,1.03,1.01,2026-09-19,811,A,63,6.1NRT,297.54,5.81,D
6.33707,35.25926,313.66,1.04,1.02,2026-09-19,627,T,50,6.1NRT,297.86,5.81,D
9.61729,-63.7375,308.4,1.02,1.01,2026-09-19,48,T,74,6.1NRT,292.76,5.79,N
-1.93784,110.85167,313.13,1.1,1.05,2026-09-19,811,A,57,6.1NRT,296.88,5.79,D
-15.68781,29.05068,310.01,1.0,1.0,2026-09-19,631,T,49,6.1NRT,296.2,5.79,D
-5.6507,-43.19582,315.06,1.02,1.01,2026-09-19,1125,T,52,6.1NRT,301.71,5.79,D
-13.91929,131.77831,306.2,1.16,1.07,2026-09-19,1208,T,66,6.1NRT,295.7,5.79,N
-9.79026,39.6129,315.35,1.02,1.01,2026-09-19,1304,A,40,6.1NRT,301.27,5.79,D
-17.48982,31.16017,308.31,1.12,1.06,2026-09-19,633,T,52,6.1NRT,295.24,5.79,D
67.27354,83.03215,300.01,1.06,1.03,2026-09-19,830,A,14,6.1NRT,284.23,5.79,D
31.26929,48.12776,305.6,1.12,1.05,2026-09-19,39,A,63,6.1NRT,295.42,5.79,N
-19.40199,44.65798,315.75,1.1,1.04,2026-09-19,1301,A,52,6.1NRT,303.33,5.78,D
-18.33323,45.20827,316.84,1.2,1.09,2026-09-19,1301,A,61,6.1NRT,303.83,5.78,D
-11.2602,28.25271,310.52,1.12,1.06,2026-09-19,631,T,17,6.1NRT,296.26,5.78,D
-3.14554,104.23356,306.72,1.1,1.04,2026-09-19,1353,T,68,6.1NRT,289.01,5.77,N
-5.55011,38.40596,312.17,1.04,1.02,2026-09-19,1306,A,35,6.1NRT,299.21,5.77,D
-4.54796,32.9986,314.01,1.04,1.02,2026-09-19,629,T,60,6.1NRT,297.58,5.77,D
-9.60448,30.15928,312.96,1.01,1.0,2026-09-19,631,T,62,6.1NRT,298.51,5.77,D
-26.10684,29.54536,303.29,1.15,1.07,2026-09-19,635,T,55,6.1NRT,286.1,5.76,D
-3.8001,103.82184,313.67,1.12,1.06,2026-09-19,134,T,56,6.1NRT,295.35,5.76,D
62.98211,87.9278,300.63,1.05,1.03,2026-09-19,828,A,22,6.1NRT,285.84,5.75,D
-3.0146,113.27289,312.73,1.0,1.0,2026-09-19,811,A,51,6.1NRT,297.9,5.75,D
-2.17815,115.04552,312.41,1.15,1.07,2026-09-19,811,A,47,6.1NRT,298.77,5.75,D
-1.59386,113.31841,314.26,1.01,1.01,2026-09-19,811,A,60,6.1NRT,298.83,5.74,D
31.13489,118.17286,305.48,1.04,1.02,2026-09-19,1221,T,64,6.1NRT,291.43,5.74,N
-7.63198,-44.73664,314.98,1.1,1.05,2026-09-19,1128,T,54,6.1NRT,304.06,5.74,D
-2.13352,112.40759,314.28,1.0,1.0,2026-09-19,811,A,60,6.1NRT,296.17,5.73,D
-15.80602,39.99358,312.78,1.1,1.04,2026-09-19,1304,A,40,6.1NRT,297.93,5.73,D
-16.26352,26.71371,311.24,1.18,1.08,2026-09-19,631,T,54,6.1NRT,298.58,5.72,D
6.70567,36.44751,312.63,1.01,1.0,2026-09-19,1308,A,52,6.1NRT,300.09,5.72,D
-10.0771,30.62954,311.47,1.0,1.0,2026-09-19,631,T,57,6.1NRT,296.32,5.72,D
-0.98524,37.08303,315.53,1.07,1.03,2026-09-19,1306,A,48,6.1NRT,303.13,5.71,D
-17.41271,44.24401,313.94,1.1,1.05,2026-09-19,1301,A,53,6.1NRT,300.81,5.71,D
43.81683,122.30872,305.11,1.37,1.16,2026-09-19,120,T,41,6.1NRT,293.88,5.71,D
43.61573,122.04753,305.53,1.34,1.15,2026-09-19,120,T,45,6.1NRT,294.19,5.7,D
-4.87992,-56.06818,306.58,1.0,1.0,2026-09-19,724,A,69,6.1NRT,293.78,5.7,N
-13.36727,27.47512,310.55,1.16,1.07,2026-09-19,631,T,58,6.1NRT,297.77,5.7,D
-2.00644,105.7327,304.14,1.37,1.16,2026-09-19,1353,T,53,6.1NRT,292.29,5.69,N
-2.10032,112.1914,313.51,1.01,1.0,2026-09-19,811,A,37,6.1NRT,296.44,5.69,D
-17.37843,-60.48098,303.88,1.27,1.12,2026-09-19,39,T,56,6.1NRT,293.22,5.69,N
-2.8406,114.51067,314.8,1.07,1.03,2026-09-19,811,A,45,6.1NRT,299.42,5.68,D
-3.17161,114.4613,315.0,1.06,1.03,2026-09-19,811,A,26,6.1NRT,299.72,5.68,D
43.69263,122.25208,306.74,1.37,1.16,2026-09-19,120,T,39,6.1NRT,294.43,5.68,D
-14.99824,32.57118,310.26,1.25,1.11,2026-09-19,631,T,29,6.1NRT,293.95,5.67,D
-2.22454,104.14515,311.38,1.13,1.06,2026-09-19,134,T,35,6.1NRT,293.85,5.67,D
28.09708,115.53238,310.14,1.16,1.07,2026-09-19,124,T,39,6.1NRT,294.44,5.67,D
40.80133,-94.64923,306.19,1.01,1.0,2026-09-19,234,T,67,6.1NRT,293.19,5.67,N
-13.89996,136.5762,311.27,1.32,1.14,2026-09-19,629,A,19,6.1NRT,294.55,5.67,D
-15.40419,40.36247,311.64,1.06,1.03,2026-09-19,1304,A,45,6.1NRT,297.95,5.67,D
-14.92557,29.71199,314.7,1.0,1.0,2026-09-19,631,T,63,6.1NRT,300.06,5.66,D
-3.45892,114.63654,317.06,1.07,1.03,2026-09-19,809,A,44,6.1NRT,301.37,5.66,D
-3.3054,105.18556,311.82,1.02,1.01,2026-09-19,134,T,56,6.1NRT,295.67,5.66,D
6.72546,36.64142,315.18,1.0,1.0,2026-09-19,1308,A,57,6.1NRT,301.05,5.65,D
30.39318,50.61846,307.06,1.0,1.0,2026-09-19,39,A,70,6.1NRT,296.27,5.65,N
-9.85622,30.43805,313.79,1.0,1.0,2026-09-19,631,T,65,6.1NRT,298.41,5.65,D
-17.78353,44.24048,314.49,1.1,1.04,2026-09-19,1301,A,48,6.1NRT,301.0,5.65,D
-7.66882,38.30402,316.75,1.09,1.04,2026-09-19,1304,A,50,6.1NRT,302.51,5.64,D
42.14321,121.5562,304.72,1.36,1.15,2026-09-19,120,T,44,6.1NRT,294.17,5.64,D
6.96538,36.08287,311.29,1.02,1.01,2026-09-19,1308,A,54,6.1NRT,298.89,5.63,D
21.08061,85.03307,311.04,1.06,1.03,2026-09-19,304,T,57,6.1NRT,293.86,5.63,D
-15.38712,27.39708,311.96,1.12,1.05,2026-09-19,631,T,57,6.1NRT,298.66,5.62,D
-3.21975,113.37801,314.22,1.0,1.0,2026-09-19,811,A,32,6.1NRT,300.12,5.62,D
-7.94046,39.36466,313.68,1.02,1.01,2026-09-19,1304,A,49,6.1NRT,298.59,5.62,D
-35.83209,145.42442,305.95,1.0,1.0,2026-09-19,625,A,62,6.1NRT,292.38,5.62,D
-15.20021,27.99062,311.87,1.06,1.03,2026-09-19,631,T,57,6.1NRT,298.99,5.61,D
37.71825,38.96311,312.79,1.11,1.05,2026-09-19,618,T,58,6.1NRT,299.95,5.61,D
-6.9665,107.80291,309.48,1.19,1.09,2026-09-19,134,T,13,6.1NRT,294.45,5.61,D
0.53258,111.49929,313.37,1.01,1.01,2026-09-19,811,A,62,6.1NRT,296.77,5.6,D
-17.16886,-60.1067,304.35,1.2,1.09,2026-09-19,39,T,58,6.1NRT,292.5,5.6,N
-13.51133,141.79846,311.23,1.1,1.05,2026-09-19,629,A,55,6.1NRT,295.76,5.59,D
-2.8726,111.08446,312.29,1.1,1.05,2026-09-19,811,A,39,6.1NRT,296.93,5.59,D
-3.05679,113.67008,312.33,1.01,1.01,2026-09-19,811,A,47,6.1NRT,299.04,5.58,D
23.66262,110.98383,310.04,1.02,1.01,2026-09-19,126,T,58,6.1NRT,295.63,5.58,D
-1.33252,113.39693,311.11,1.02,1.01,2026-09-19,811,A,57,6.1NRT,294.42,5.57,D
0.63353,111.62207,312.23,1.01,1.0,2026-09-19,811,A,61,6.1NRT,295.66,5.56,D
-20.44147,-59.19356,306.52,1.17,1.08,2026-09-19,37,T,64,6.1NRT,295.42,5.56,N
-3.01356,112.46487,314.68,1.01,1.0,2026-09-19,811,A,40,6.1NRT,297.66,5.55,D
-12.31166,32.47269,312.64,1.15,1.07,2026-09-19,631,T,53,6.1NRT,299.11,5.55,D
-12.90988,29.47555,309.69,1.01,1.0,2026-09-19,631,T,58,6.1NRT,295.72,5.54,D
-16.70592,29.85513,310.53,1.01,1.01,2026-09-19,631,T,58,6.1NRT,296.18,5.53,D
-0.60073,37.7439,315.68,1.02,1.01,2026-09-19,1306,A,38,6.1NRT,303.08,5.52,D
-18.71298,44.6321,315.3,1.11,1.05,2026-09-19,1301,A,54,6.1NRT,301.87,5.52,D
-19.79305,-59.97887,304.8,1.27,1.12,2026-09-19,37,T,49,6.1NRT,294.41,5.51,N
-5.96014,38.5646,312.97,1.04,1.02,2026-09-19,1304,A,56,6.1NRT,298.18,5.51,D
31.00334,117.78929,306.21,1.06,1.03,2026-09-19,1221,T,67,6.1NRT,291.73,5.51,N
-0.53996,111.49043,312.64,1.03,1.01,2026-09-19,811,A,61,6.1NRT,297.96,5.5,D
-9.33195,30.12596,313.69,1.01,1.01,2026-09-19,631,T,64,6.1NRT,298.01,5.5,D
-5.49436,150.53523,305.47,1.08,1.04,2026-09-19,1034,T,64,6.1NRT,292.75,5.49,N
-5.52019,-43.7804,313.31,1.06,1.03,2026-09-19,1125,T,42,6.1NRT,300.79,5.49,D
4.26821,33.28747,316.84,1.0,1.0,2026-09-19,627,T,60,6.1NRT,300.85,5.49,D
-13.00344,27.38436,309.79,1.19,1.08,2026-09-19,631,T,57,6.1NRT,296.74,5.49,D
-12.40922,28.08526,310.73,1.12,1.05,2026-09-19,631,T,56,6.1NRT,296.57,5.47,D
-14.56797,39.20728,312.16,1.16,1.07,2026-09-19,1304,A,39,6.1NRT,297.08,5.47,D
-17.65923,44.03327,313.48,1.08,1.04,2026-09-19,1301,A,49,6.1NRT,300.37,5.47,D
-4.23874,104.91994,306.08,1.15,1.07,2026-09-19,1353,T,67,6.1NRT,293.14,5.46,N
-3.59093,104.7331,305.27,1.14,1.07,2026-09-19,1353,T,64,6.1NRT,287.86,5.46,N
42.83537,-2.73702,305.05,1.19,1.09,2026-09-19,934,T,56,6.1NRT,294.14,5.44,D
-12.4535,28.32057,309.69,1.09,1.04,2026-09-19,631,T,59,6.1NRT,296.81,5.44,D
-15.8372,27.86702,310.76,1.06,1.03,2026-09-19,631,T,53,6.1NRT,297.47,5.44,D
-3.31204,152.076,308.03,1.0,1.0,2026-09-19,1034,T,42,6.1NRT,294.59,5.43,N
-6.09617,-57.68629,305.91,1.12,1.06,2026-09-19,41,T,60,6.1NRT,291.87,5.43,N
-3.13353,112.52486,313.29,1.01,1.0,2026-09-19,811,A,47,6.1NRT,298.25,5.42,D
-10.54737,30.50443,312.25,1.0,1.0,2026-09-19,631,T,58,6.1NRT,297.28,5.42,D
21.7569,84.02402,310.07,1.18,1.08,2026-09-19,304,T,56,6.1NRT,293.6,5.42,D
9.8571,-63.33896,306.51,1.0,1.0,2026-09-19,48,T,68,6.1NRT,291.13,5.41,N
6.15998,36.4495,320.05,1.01,1.01,2026-09-19,1308,A,37,6.1NRT,302.29,5.41,D
19.39853,-92.03835,308.39,1.13,1.06,2026-09-19,226,T,60,6.1NRT,294.5,5.4,N
13.67027,109.10011,311.6,1.0,1.0,2026-09-19,816,A,69,6.1NRT,294.61,5.4,D
-16.05117,128.81374,307.33,1.03,1.01,2026-09-19,1208,T,70,6.1NRT,296.31,5.4,N
-9.66566,30.00706,312.66,1.01,1.01,2026-09-19,631,T,62,6.1NRT,298.33,5.4,D
-6.14204,-57.69377,306.74,1.12,1.05,2026-09-19,41,T,33,6.1NRT,290.39,5.4,N
-17.2291,-60.51364,303.45,1.27,1.12,2026-09-19,39,T,52,6.1NRT,292.96,5.39,N
-3.0785,104.24663,311.7,1.09,1.04,2026-09-19,134,T,54,6.1NRT,295.73,5.39,D
-9.12852,32.27145,313.29,1.06,1.03,2026-09-19,629,T,62,6.1NRT,298.63,5.38,D
-1.68955,111.09248,311.34,1.07,1.03,2026-09-19,811,A,53,6.1NRT,296.73,5.38,D
39.43867,118.46828,301.55,1.03,1.01,2026-09-19,1223,T,42,6.1NRT,290.49,5.37,N
-21.72238,44.01495,314.83,1.01,1.01,2026-09-19,1301,A,48,6.1NRT,300.33,5.37,D
22.96574,114.17742,312.5,1.16,1.07,2026-09-19,126,T,27,6.1NRT,297.62,5.37,D
-9.15587,-59.46558,307.99,1.0,1.0,2026-09-19,39,T,67,6.1NRT,295.09,5.36,N
-22.92487,-43.75056,305.35,1.15,1.07,2026-09-19,1130,T,53,6.1NRT,293.05,5.36,D
0.22571,111.92656,311.99,1.0,1.0,2026-09-19,811,A,62,6.1NRT,296.01,5.36,D
-5.7381,149.41228,303.85,1.24,1.11,2026-09-19,1034,T,38,6.1NRT,291.69,5.35,N
-2.82421,105.17395,312.7,1.02,1.01,2026-09-19,134,T,51,6.1NRT,295.65,5.35,D
-22.87743,46.30827,310.59,1.19,1.08,2026-09-19,1301,A,29,6.1NRT,298.68,5.35,D
23.6641,87.16128,312.01,1.0,1.0,2026-09-19,304,T,59,6.1NRT,295.17,5.35,D
-3.21825,114.76134,317.18,1.09,1.04,2026-09-19,809,A,44,6.1NRT,301.79,5.35,D
-3.12746,104.61652,307.24,1.14,1.06,2026-09-19,1353,T,70,6.1NRT,293.59,5.35,N
9.64712,-63.52305,307.33,1.01,1.0,2026-09-19,48,T,71,6.1NRT,292.88,5.34,N
47.65245,0.45829,304.28,1.32,1.14,2026-09-19,932,T,51,6.1NRT,290.66,5.33,D
-7.71308,38.96368,312.13,1.04,1.02,2026-09-19,1304,A,45,6.1NRT,296.85,5.32,D
-1.78628,111.56771,314.05,1.04,1.02,2026-09-19,811,A,60,6.1NRT,297.78,5.32,D
-20.80535,44.49959,317.35,1.05,1.02,2026-09-19,1301,A,58,6.1NRT,304.18,5.32,D
39.0212,117.6,309.18,1.05,1.03,2026-09-19,122,T,0,6.1NRT,296.7,5.32,D
-7.54294,29.88176,305.43,1.05,1.02,2026-09-19,629,T,52,6.1NRT,287.75,5.32,D
-13.66672,28.72596,311.25,1.03,1.02,2026-09-19,631,T,58,6.1NRT,297.55,5.32,D
39.61149,117.95567,302.35,1.01,1.01,2026-09-19,1223,T,48,6.1NRT,291.2,5.31,N
-15.29554,40.21651,313.48,1.07,1.03,2026-09-19,1304,A,36,6.1NRT,297.81,5.31,D
-15.04126,30.47034,314.24,1.02,1.01,2026-09-19,631,T,54,6.1NRT,299.37,5.31,D
-10.64161,32.83671,313.49,1.16,1.07,2026-09-19,631,T,63,6.1NRT,299.77,5.31,D
-6.97649,106.34777,310.13,1.04,1.02,2026-09-19,134,T,54,6.1NRT,295.64,5.31,D
-23.70092,134.49609,301.98,1.21,1.09,2026-09-19,1206,T,31,6.1NRT,291.09,5.31,N
-2.07981,113.96529,314.72,1.04,1.02,2026-09-19,811,A,45,6.1NRT,297.67,5.31,D
-1.79781,104.30589,305.43,1.14,1.06,2026-09-19,1353,T,17,6.1NRT,291.86,5.29,N
-19.48932,44.8052,315.5,1.11,1.05,2026-09-19,1301,A,44,6.1NRT,302.81,5.29,D
-2.9452,112.24261,311.81,1.01,1.01,2026-09-19,811,A,40,6.1NRT,297.6,5.29,D
-5.73453,-43.51435,316.37,1.03,1.02,2026-09-19,1125,T,59,6.1NRT,302.55,5.29,D
-10.85948,-56.1785,305.74,1.18,1.08,2026-09-19,39,T,51,6.1NRT,294.53,5.29,N
-6.37181,-58.28908,305.49,1.07,1.03,2026-09-19,724,A,65,6.1NRT,294.54,5.29,N
-0.1355,35.22782,308.31,1.19,1.09,2026-09-19,629,T,60,6.1NRT,295.67,5.28,D
-1.32446,111.06205,311.27,1.07,1.03,2026-09-19,811,A,52,6.1NRT,297.45,5.28,D
-0.5736,112.09132,312.94,1.0,1.0,2026-09-19,811,A,17,6.1NRT,296.79,5.28,D
-16.42386,27.77671,313.2,1.06,1.03,2026-09-19,631,T,52,6.1NRT,299.19,5.27,D
-1.7242,110.72972,310.65,1.11,1.05,2026-09-19,811,A,48,6.1NRT,294.35,5.26,D
-14.90667,30.10187,312.25,1.01,1.0,2026-09-19,631,T,45,6.1NRT,298.45,5.26,D
-13.7093,28.1403,311.32,1.08,1.04,2026-09-19,631,T,52,6.1NRT,296.98,5.25,D
-13.56138,28.45048,310.72,1.06,1.03,2026-09-19,631,T,52,6.1NRT,296.38,5.24,D
-15.0804,28.92774,311.17,1.01,1.0,2026-09-19,631,T,56,6.1NRT,297.56,5.24,D
-20.43196,-59.19491,306.24,1.17,1.08,2026-09-19,37,T,66,6.1NRT,295.18,5.24,N
-10.52091,-56.78904,304.0,1.02,1.01,2026-09-19,724,A,58,6.1NRT,292.99,5.24,N
-9.91552,-59.91124,307.18,1.03,1.01,2026-09-19,39,T,64,6.1NRT,295.34,5.24,N
-13.37395,27.64359,309.43,1.14,1.06,2026-09-19,631,T,54,6.1NRT,297.66,5.23,D
-5.84504,38.21423,310.07,1.06,1.03,2026-09-19,1306,A,20,6.1NRT,296.97,5.23,D
-3.41891,104.64544,305.6,1.14,1.06,2026-09-19,1353,T,65,6.1NRT,291.98,5.23,N
-2.56755,107.7708,312.67,1.08,1.04,2026-09-19,134,T,52,6.1NRT,297.33,5.23,D
-4.74815,31.17055,311.39,1.01,1.0,2026-09-19,629,T,65,6.1NRT,292.06,5.22,D
-3.01332,113.28161,312.3,1.0,1.0,2026-09-19,811,A,52,6.1NRT,298.21,5.22,D
-6.01942,30.82666,311.36,1.01,1.01,2026-09-19,629,T,64,6.1NRT,294.08,5.22,D
-24.9597,45.74054,310.81,1.07,1.03,2026-09-19,1259,A,49,6.1NRT,300.62,5.22,D
-10.72621,-60.74302,307.18,1.11,1.05,2026-09-19,39,T,14,6.1NRT,294.52,5.22,N
-14.9487,28.90636,313.6,1.01,1.01,2026-09-19,631,T,62,6.1NRT,299.83,5.21,D
-12.55832,40.45006,315.1,1.01,1.01,2026-09-19,1304,A,53,6.1NRT,299.88,5.21,D
-6.61248,30.85035,312.32,1.01,1.0,2026-09-19,629,T,50,6.1NRT,290.26,5.21,D
39.81775,118.20064,309.77,1.08,1.04,2026-09-19,122,T,61,6.1NRT,296.84,5.21,D
38.87836,-96.2103,306.16,1.04,1.02,2026-09-19,232,T,61,6.1NRT,295.03,5.2,N
-10.99514,-57.05878,304.98,1.08,1.04,2026-09-19,39,T,61,6.1NRT,293.31,5.2,N
-10.62326,40.23914,316.1,1.01,1.0,2026-09-19,1304,A,31,6.1NRT,300.8,5.2,D
35.3208,115.59172,301.1,1.15,1.07,2026-09-19,1223,T,38,6.1NRT,288.4,5.2,N
0.73259,127.81835,306.19,1.07,1.03,2026-09-19,1214,T,53,6.1NRT,294.86,5.2,N
-7.82772,38.48504,315.19,1.08,1.04,2026-09-19,1304,A,41,6.1NRT,301.6,5.19,D
-2.79121,111.82831,312.84,1.03,1.02,2026-09-19,811,A,55,6.1NRT,299.18,5.19,D
22.6098,113.26717,316.02,1.07,1.03,2026-09-19,126,T,64,6.1NRT,299.92,5.19,D
-0.40272,36.96114,309.33,1.07,1.03,2026-09-19,1306,A,52,6.1NRT,296.66,5.18,D
-3.38523,104.01101,311.08,1.11,1.05,2026-09-19,134,T,56,6.1NRT,294.89,5.18,D
0.63482,111.63083,311.41,1.01,1.0,2026-09-19,811,A,55,6.1NRT,293.97,5.18,D
-11.15001,28.24067,308.55,1.13,1.06,2026-09-19,631,T,46,6.1NRT,295.32,5.17,D
-17.64001,30.62362,309.05,1.07,1.03,2026-09-19,633,T,47,6.1NRT,293.32,5.17,D
-4.60769,140.03258,301.77,1.13,1.06,2026-09-19,631,A,39,6.1NRT,283.55,5.17,D
-15.9418,39.61671,311.96,1.14,1.07,2026-09-19,1304,A,31,6.1NRT,297.56,5.17,D
-13.59505,39.648,316.12,1.08,1.04,2026-09-19,1304,A,42,6.1NRT,300.25,5.17,D
0.7589,111.09431,306.84,1.03,1.02,2026-09-19,811,A,46,6.1NRT,285.35,5.16,D
-8.72027,30.75287,311.98,1.0,1.0,2026-09-19,629,T,31,6.1NRT,297.11,5.16,D
-2.99551,104.51451,302.61,1.13,1.06,2026-09-19,1353,T,48,6.1NRT,280.65,5.15,N
-3.08768,108.11987,312.52,1.13,1.06,2026-09-19,134,T,41,6.1NRT,296.72,5.15,D
-3.35462,151.83208,306.66,1.0,1.0,2026-09-19,1034,T,47,6.1NRT,293.6,5.14,N
-7.57622,-57.68267,304.34,1.01,1.01,2026-09-19,724,A,60,6.1NRT,292.8,5.14,N
-1.60658,111.1497,311.46,1.07,1.03,2026-09-19,811,A,55,6.1NRT,296.51,5.14,D
-1.81552,111.36815,313.24,1.05,1.02,2026-09-19,811,A,30,6.1NRT,295.64,5.14,D
62.83029,88.22453,300.2,1.05,1.02,2026-09-19,828,A,15,6.1NRT,285.05,5.13,D
48.6037,21.17553,307.71,1.01,1.0,2026-09-19,754,T,61,6.1NRT,294.49,5.13,D
-3.07851,104.51198,304.21,1.13,1.06,2026-09-19,1353,T,57,6.1NRT,285.1,5.13,N
0.76788,111.64361,311.8,1.01,1.0,2026-09-19,811,A,40,6.1NRT,294.36,5.13,D
-3.10852,-61.41308,306.48,1.03,1.02,2026-09-19,41,T,29,6.1NRT,288.14,5.13,N
-1.80695,113.61562,312.46,1.03,1.01,2026-09-19,811,A,35,6.1NRT,297.74,5.12,D
-10.03006,38.69997,315.62,1.1,1.05,2026-09-19,1304,A,51,6.1NRT,300.22,5.12,D
24.59691,105.93418,308.38,1.02,1.01,2026-09-19,820,A,57,6.1NRT,295.84,5.11,D
0.51296,127.89619,304.63,1.07,1.03,2026-09-19,1214,T,61,6.1NRT,292.36,5.11,N
-2.44947,105.32401,313.56,1.02,1.01,2026-09-19,134,T,56,6.1NRT,297.75,5.11,D
6.69617,36.32323,311.75,1.01,1.01,2026-09-19,1308,A,13,6.1NRT,298.03,5.11,D
-7.56439,-61.32976,307.69,1.1,1.05,2026-09-19,41,T,32,6.1NRT,296.63,5.1,N
-13.1752,28.83773,310.35,1.03,1.02,2026-09-19,631,T,59,6.1NRT,297.05,5.1,D
-2.60652,151.97328,307.03,1.0,1.0,2026-09-19,1034,T,51,6.1NRT,295.08,5.1,N
-2.07534,110.41596,313.73,1.16,1.07,2026-09-19,811,A,57,6.1NRT,296.38,5.1,D
-11.78967,32.95035,310.73,1.21,1.09,2026-09-19,631,T,53,6.1NRT,298.69,5.1,D
-14.10235,130.38779,306.8,1.03,1.01,2026-09-19,1208,T,69,6.1NRT,291.18,5.1,N
-2.8465,-57.63467,304.29,1.08,1.04,2026-09-19,724,A,59,6.1NRT,293.11,5.09,N
23.68801,86.39623,310.46,1.01,1.01,2026-09-19,304,T,0,6.1NRT,295.26,5.09,D
-6.57528,-59.00999,307.3,1.01,1.01,2026-09-19,41,T,70,6.1NRT,295.86,5.09,N
-2.86237,112.66226,312.32,1.0,1.0,2026-09-19,811,A,0,6.1NRT,298.78,5.07,D
-7.96439,38.50192,312.56,1.08,1.04,2026-09-19,1304,A,52,6.1NRT,300.05,5.07,D
-7.46314,38.64602,311.76,1.05,1.03,2026-09-19,1304,A,52,6.1NRT,298.47,5.07,D
-3.15539,111.98888,313.14,1.03,1.01,2026-09-19,811,A,34,6.1NRT,298.55,5.06,D
-6.33846,-59.96752,308.01,1.0,1.0,2026-09-19,41,T,69,6.1NRT,295.27,5.06,N
-19.06104,28.58045,309.37,1.0,1.0,2026-09-19,633,T,56,6.1NRT,297.25,5.06,D
-16.30843,130.24211,306.6,1.0,1.0,2026-09-19,1208,T,69,6.1NRT,294.38,5.06,N
9.63969,-63.57655,307.35,1.01,1.0,2026-09-19,48,T,71,6.1NRT,292.88,5.05,N
-11.11203,38.42422,317.77,1.16,1.07,2026-09-19,1304,A,38,6.1NRT,299.6,5.05,D
-3.03301,112.63738,315.01,1.0,1.0,2026-09-19,811,A,52,6.1NRT,298.72,5.05,D
-17.07964,30.0896,310.29,1.03,1.01,2026-09-19,633,T,57,6.1NRT,297.07,5.04,D
-16.23058,30.54544,310.34,1.04,1.02,2026-09-19,631,T,34,6.1NRT,296.73,5.04,D
-2.42234,114.90216,312.19,1.13,1.06,2026-09-19,811,A,0,6.1NRT,298.17,5.03,D
-8.27852,112.46221,313.45,1.08,1.04,2026-09-19,809,A,60,6.1NRT,299.99,5.03,D
34.86713,117.44268,303.94,1.02,1.01,2026-09-19,1223,T,58,6.1NRT,292.06,5.02,N
-10.55167,28.62725,311.1,1.1,1.05,2026-09-19,631,T,54,6.1NRT,297.01,5.02,D
-2.95995,110.80981,315.01,1.13,1.06,2026-09-19,811,A,27,6.1NRT,297.6,5.02,D
-7.92632,38.8296,314.11,1.05,1.02,2026-09-19,1304,A,44,6.1NRT,300.66,5.01,D
-7.61843,38.85001,313.12,1.04,1.02,2026-09-19,1304,A,53,6.1NRT,298.7,5.01,D
-3.03872,114.2975,312.22,1.05,1.02,2026-09-19,811,A,21,6.1NRT,298.46,5.0,D
-9.77566,39.19302,315.65,1.05,1.02,2026-09-19,1304,A,49,6.1NRT,301.58,5.0,D
-8.88977,31.8188,312.46,1.03,1.01,2026-09-19,629,T,55,6.1NRT,297.7,4.99,D
-3.02841,114.30532,312.09,1.05,1.02,2026-09-19,811,A,18,6.1NRT,297.62,4.99,D
-3.87121,104.56409,311.87,1.05,1.02,2026-09-19,134,T,39,6.1NRT,294.29,4.98,D
-6.67619,-43.63589,315.4,1.03,1.01,2026-09-19,1128,T,35,6.1NRT,302.09,4.98,D
-14.63975,39.95655,311.92,1.08,1.04,2026-09-19,1304,A,21,6.1NRT,296.5,4.97,D
-5.38007,-42.84003,314.89,1.01,1.0,2026-09-19,1125,T,40,6.1NRT,300.97,4.97,D
-6.13195,-59.93682,307.72,1.0,1.0,2026-09-19,41,T,68,6.1NRT,295.29,4.97,N
-11.21976,31.20628,311.12,1.02,1.01,2026-09-19,631,T,59,6.1NRT,298.75,4.97,D
-4.5321,-54.92984,304.26,1.06,1.03,2026-09-19,724,A,39,6.1NRT,289.93,4.97,N
-13.54204,29.13397,308.32,1.02,1.01,2026-09-19,631,T,46,6.1NRT,296.05,4.97,D
-12.14159,-61.17439,303.21,1.21,1.09,2026-09-19,39,T,54,6.1NRT,291.63,4.97,N
43.54168,-5.83672,304.88,1.0,1.0,2026-09-19,934,T,60,6.1NRT,294.59,4.97,D
-2.06022,112.5244,312.59,1.0,1.0,2026-09-19,811,A,52,6.1NRT,295.47,4.96,D
-17.82748,30.17302,309.63,1.04,1.02,2026-09-19,633,T,54,6.1NRT,296.68,4.96,D
-8.47629,-57.63335,306.35,1.07,1.03,2026-09-19,41,T,35,6.1NRT,295.03,4.95,N
-16.25823,130.13461,306.45,1.0,1.0,2026-09-19,1208,T,28,6.1NRT,295.3,4.95,N
6.18237,-61.43431,307.1,1.02,1.01,2026-09-19,45,T,70,6.1NRT,293.84,4.95,N
-11.79273,29.22207,310.63,1.03,1.01,2026-09-19,631,T,59,6.1NRT,296.52,4.95,D
-2.58814,112.15641,312.35,1.01,1.01,2026-09-19,811,A,54,6.1NRT,298.17,4.95,D
-0.85477,111.67934,312.23,1.02,1.01,2026-09-19,811,A,62,6.1NRT,296.81,4.95,D
-19.49312,-45.33763,307.28,1.0,1.0,2026-09-19,1130,T,59,6.1NRT,294.55,4.95,D
8.3921,-63.72847,309.21,1.03,1.01,2026-09-19,45,T,73,6.1NRT,294.88,4.95,N
-0.58341,112.14622,310.72,1.0,1.0,2026-09-19,811,A,29,6.1NRT,296.08,4.94,D
21.24205,106.95534,309.5,1.01,1.0,2026-09-19,818,A,55,6.1NRT,295.44,4.94,D
39.8043,118.09008,301.43,1.02,1.01,2026-09-19,1223,T,41,6.1NRT,288.61,4.94,N
-16.98411,30.88088,307.3,1.08,1.04,2026-09-19,631,T,44,6.1NRT,294.58,4.93,D
-6.75389,-59.42355,306.92,1.0,1.0,2026-09-19,41,T,55,6.1NRT,294.57,4.93,N
-9.13134,32.42479,312.94,1.07,1.03,2026-09-19,629,T,61,6.1NRT,298.25,4.93,D
-3.29891,151.8268,306.46,1.0,1.0,2026-09-19,1034,T,19,6.1NRT,293.36,4.92,N
-7.46515,-44.68021,313.97,1.1,1.05,2026-09-19,1128,T,46,6.1NRT,302.26,4.91,D
-15.89658,28.83145,313.01,1.01,1.0,2026-09-19,631,T,60,6.1NRT,300.16,4.91,D
-15.52266,40.16954,311.64,1.07,1.03,2026-09-19,1304,A,37,6.1NRT,297.42,4.9,D
-3.33187,151.80215,308.17,1.0,1.0,2026-09-19,1034,T,28,6.1NRT,294.75,4.9,N
-0.66908,112.06663,312.12,1.0,1.0,2026-09-19,811,A,37,6.1NRT,297.33,4.9,D
-17.48255,28.64337,311.78,1.0,1.0,2026-09-19,633,T,56,6.1NRT,298.8,4.9,D
-4.70484,104.58726,311.84,1.04,1.02,2026-09-19,134,T,62,6.1NRT,293.15,4.88,D
-10.93346,32.48218,309.32,1.12,1.05,2026-09-19,631,T,35,6.1NRT,296.78,4.88,D
-0.85598,111.42478,311.73,1.03,1.02,2026-09-19,811,A,59,6.1NRT,297.29,4.88,D
-0.23636,110.73301,310.21,1.08,1.04,2026-09-19,811,A,30,6.1NRT,295.53,4.88,D
-18.51298,44.42797,314.52,1.1,1.04,2026-09-19,1301,A,52,6.1NRT,301.6,4.88,D
-1.16783,104.26637,305.27,1.15,1.07,2026-09-19,1353,T,21,6.1NRT,291.1,4.87,N
-14.06983,30.30657,313.57,1.01,1.0,2026-09-19,631,T,61,6.1NRT,299.49,4.87,D
-3.75788,-55.95573,304.48,1.0,1.0,2026-09-19,724,A,60,6.1NRT,294.06,4.86,N
41.38286,123.26162,308.08,1.18,1.08,2026-09-19,644,A,39,6.1NRT,295.75,4.86,D
-3.25507,112.26104,312.12,1.02,1.01,2026-09-19,811,A,42,6.1NRT,297.86,4.86,D
-15.30254,28.93778,311.18,1.01,1.0,2026-09-19,631,T,57,6.1NRT,297.34,4.86,D
-4.68644,151.72838,303.29,1.0,1.0,2026-09-19,1034,T,54,6.1NRT,283.87,4.85,N
-3.53409,104.85047,311.46,1.04,1.02,2026-09-19,134,T,56,6.1NRT,295.83,4.85,D
-7.30065,-59.91829,306.26,1.01,1.0,2026-09-19,41,T,58,6.1NRT,295.25,4.84,N
19.44436,-92.0955,307.84,1.14,1.06,2026-09-19,226,T,57,6.1NRT,294.79,4.84,N
-3.0774,113.28783,312.88,1.0,1.0,2026-09-19,811,A,38,6.1NRT,298.76,4.83,D
-11.93927,-55.92744,302.84,1.19,1.08,2026-09-19,39,T,48,6.1NRT,291.11,4.82,N
-1.79811,113.61431,312.1,1.03,1.01,2026-09-19,811,A,29,6.1NRT,296.98,4.82,D
9.68255,-63.47945,305.56,1.01,1.0,2026-09-19,48,T,65,6.1NRT,293.15,4.81,N
1.33033,-60.71029,305.98,1.01,1.0,2026-09-19,43,T,64,6.1NRT,293.38,4.81,N
-14.23083,30.53904,314.21,1.02,1.01,2026-09-19,631,T,17,6.1NRT,299.61,4.81,D
-12.01778,28.18988,307.35,1.11,1.05,2026-09-19,631,T,45,6.1NRT,295.71,4.8,D
32.42729,51.31914,300.01,1.01,1.0,2026-09-19,39,A,7,6.1NRT,289.73,4.8,N
-11.0253,29.27864,310.56,1.04,1.02,2026-09-19,631,T,57,6.1NRT,296.73,4.8,D
-15.34073,-39.97205,302.44,1.57,1.23,2026-09-19,1130,T,29,6.1NRT,287.65,4.79,D
-14.42484,28.67497,310.97,1.03,1.01,2026-09-19,631,T,54,6.1NRT,297.94,4.79,D
-0.61521,111.99064,309.46,1.01,1.0,2026-09-19,811,A,37,6.1NRT,292.46,4.79,D
-14.27938,29.06682,311.7,1.01,1.01,2026-09-19,631,T,56,6.1NRT,298.12,4.78,D
-3.03428,105.03614,302.53,1.21,1.09,2026-09-19,1353,T,35,6.1NRT,292.02,4.78,N
-2.63909,104.08569,309.56,1.12,1.06,2026-09-19,134,T,43,6.1NRT,294.25,4.78,D
-2.81215,105.16629,304.32,1.23,1.1,2026-09-19,1353,T,51,6.1NRT,293.29,4.78,N
42.2372,119.06192,307.57,1.08,1.04,2026-09-19,120,T,62,6.1NRT,296.61,4.77,D
0.45589,127.88493,300.11,1.07,1.03,2026-09-19,1214,T,16,6.1NRT,288.32,4.77,N
-2.70816,110.24709,310.49,1.21,1.09,2026-09-19,811,A,9,6.1NRT,296.15,4.76,D
-7.58556,38.82072,312.47,1.04,1.02,2026-09-19,1304,A,51,6.1NRT,298.39,4.75,D
-6.36288,-58.29081,305.43,1.07,1.03,2026-09-19,724,A,6,6.1NRT,294.58,4.74,N
-18.56231,30.09509,309.74,1.05,1.02,2026-09-19,633,T,58,6.1NRT,298.77,4.73,D
11.92387,37.70465,303.87,1.18,1.08,2026-09-19,625,T,44,6.1NRT,290.86,4.73,D
-2.11331,113.49536,312.52,1.02,1.01,2026-09-19,811,A,28,6.1NRT,298.53,4.73,D
-6.80048,-59.15858,307.36,1.01,1.0,2026-09-19,41,T,67,6.1NRT,295.32,4.73,N
49.7227,101.73621,300.26,1.56,1.23,2026-09-19,258,T,15,6.1NRT,287.31,4.73,D
-5.51115,149.04619,302.49,1.3,1.13,2026-09-19,1034,T,49,6.1NRT,292.47,4.72,N
-2.95463,112.42364,312.44,1.01,1.0,2026-09-19,811,A,27,6.1NRT,296.3,4.72,D
-4.50726,-54.97322,302.81,1.05,1.03,2026-09-19,724,A,46,6.1NRT,287.79,4.72,N
-2.40209,104.34714,305.77,1.13,1.06,2026-09-19,1353,T,59,6.1NRT,292.77,4.72,N
-12.03824,31.0634,311.01,1.02,1.01,2026-09-19,631,T,56,6.1NRT,297.77,4.71,D
24.08326,102.77481,303.55,1.42,1.18,2026-09-19,820,A,13,6.1NRT,289.92,4.7,D
-18.60771,28.32162,309.64,1.01,1.0,2026-09-19,633,T,54,6.1NRT,297.22,4.7,D
-23.12145,44.3465,317.37,1.01,1.01,2026-09-19,1301,A,50,6.1NRT,304.92,4.7,D
-2.45628,106.01338,311.11,1.0,1.0,2026-09-19,134,T,50,6.1NRT,296.38,4.7,D
36.8811,117.09814,308.93,1.07,1.03,2026-09-19,122,T,31,6.1NRT,294.11,4.69,D
-10.28444,31.31362,311.44,1.02,1.01,2026-09-19,631,T,58,6.1NRT,297.47,4.69,D
35.75761,111.75814,305.51,1.19,1.08,2026-09-19,122,T,62,6.1NRT,293.48,4.69,D
49.45803,117.7098,302.46,1.41,1.18,2026-09-19,646,A,27,6.1NRT,290.81,4.68,D
-10.61724,31.12275,311.84,1.01,1.01,2026-09-19,631,T,58,6.1NRT,298.58,4.68,D
-13.08572,29.93058,308.58,1.0,1.0,2026-09-19,631,T,45,6.1NRT,295.79,4.68,D
-15.4232,40.09264,311.48,1.08,1.04,2026-09-19,1304,A,44,6.1NRT,296.62,4.66,D
-3.25425,151.69576,305.56,1.0,1.0,2026-09-19,1034,T,33,6.1NRT,294.93,4.66,N
-3.42685,104.86256,304.21,1.17,1.08,2026-09-19,1353,T,59,6.1NRT,292.75,4.65,N
-5.7434,149.44629,302.42,1.23,1.1,2026-09-19,1034,T,49,6.1NRT,291.29,4.64,N
-16.85674,29.15734,310.72,1.0,1.0,2026-09-19,631,T,55,6.1NRT,297.56,4.64,D
-8.08588,138.71404,306.06,1.0,1.0,2026-09-19,631,A,41,6.1NRT,274.1,4.64,D
-10.03787,39.61578,314.05,1.03,1.01,2026-09-19,1304,A,57,6.1NRT,300.19,4.63,D
39.87063,118.1581,308.11,1.07,1.03,2026-09-19,122,T,55,6.1NRT,296.0,4.63,D
-16.07121,130.61664,304.02,1.02,1.01,2026-09-19,1208,T,37,6.1NRT,289.45,4.62,N
-13.96596,130.24133,306.86,1.02,1.01,2026-09-19,1208,T,22,6.1NRT,290.86,4.62,N
36.45861,113.11997,303.76,1.07,1.03,2026-09-19,122,T,56,6.1NRT,292.4,4.62,D
-2.82439,112.79893,312.04,1.0,1.0,2026-09-19,811,A,45,6.1NRT,298.24,4.61,D
-14.80644,40.53668,312.81,1.03,1.02,2026-09-19,1304,A,53,6.1NRT,297.74,4.61,D
23.68708,87.12609,311.8,1.0,1.0,2026-09-19,304,T,50,6.1NRT,295.63,4.61,D
-16.00689,28.51034,310.36,1.02,1.01,2026-09-19,631,T,51,6.1NRT,297.07,4.61,D
-3.69875,-60.60283,305.28,1.0,1.0,2026-09-19,41,T,55,6.1NRT,292.2,4.6,N
-15.46476,28.65013,310.1,1.02,1.01,2026-09-19,631,T,51,6.1NRT,297.76,4.59,D
-3.11745,-61.41186,305.33,1.03,1.02,2026-09-19,41,T,6,6.1NRT,288.28,4.59,N
-8.24283,39.06928,311.28,1.04,1.02,2026-09-19,1304,A,41,6.1NRT,297.68,4.59,D
44.97772,124.70482,306.2,1.01,1.0,2026-09-19,644,A,51,6.1NRT,294.91,4.58,D
-5.53738,150.35612,303.1,1.1,1.05,2026-09-19,1034,T,53,6.1NRT,292.17,4.58,N
-15.08786,29.62011,312.14,1.0,1.0,2026-09-19,631,T,58,6.1NRT,298.66,4.57,D
-22.4114,-55.90895,300.96,1.0,1.0,2026-09-19,37,T,36,6.1NRT,283.68,4.57,N
-1.81016,112.0313,311.38,1.01,1.01,2026-09-19,811,A,45,6.1NRT,294.89,4.56,D
24.75646,106.0015,308.6,1.01,1.01,2026-09-19,820,A,56,6.1NRT,295.84,4.55,D
23.16157,82.33663,308.9,1.0,1.0,2026-09-19,956,A,43,6.1NRT,293.08,4.55,D
-15.21434,31.19494,309.28,1.08,1.04,2026-09-19,631,T,50,6.1NRT,293.87,4.55,D
-13.51007,28.66665,309.76,1.04,1.02,2026-09-19,631,T,54,6.1NRT,296.46,4.55,D
-11.29364,29.40816,310.45,1.03,1.01,2026-09-19,631,T,58,6.1NRT,294.89,4.55,D
-4.75376,30.88219,307.33,1.02,1.01,2026-09-19,629,T,57,6.1NRT,286.33,4.55,D
-9.68713,-58.18348,305.13,1.02,1.01,2026-09-19,39,T,57,6.1NRT,293.92,4.54,N
0.61445,127.83162,304.18,1.07,1.03,2026-09-19,1214,T,52,6.1NRT,292.88,4.53,N
19.43372,-92.04002,307.36,1.13,1.06,2026-09-19,226,T,54,6.1NRT,294.98,4.52,N
-1.92299,112.01838,311.73,1.01,1.01,2026-09-19,811,A,43,6.1NRT,292.02,4.52,D
0.73004,111.64595,308.99,1.01,1.0,2026-09-19,811,A,45,6.1NRT,290.49,4.52,D
-16.44905,29.93021,309.94,1.01,1.01,2026-09-19,631,T,56,6.1NRT,296.97,4.51,D
0.593,111.52953,311.81,1.01,1.01,2026-09-19,811,A,58,6.1NRT,296.15,4.51,D
-14.95757,28.90505,312.61,1.01,1.01,2026-09-19,631,T,55,6.1NRT,299.45,4.5,D
8.40099,-63.72976,308.73,1.03,1.01,2026-09-19,45,T,68,6.1NRT,294.64,4.49,N
-12.50319,28.03358,307.65,1.12,1.05,2026-09-19,631,T,51,6.1NRT,295.39,4.47,D
-4.48645,-55.4926,302.59,1.02,1.01,2026-09-19,724,A,25,6.1NRT,290.37,4.47,N
-18.92365,-44.72514,307.53,1.01,1.0,2026-09-19,1130,T,58,6.1NRT,295.73,4.47,D
-12.52391,29.29788,307.74,1.02,1.01,2026-09-19,631,T,49,6.1NRT,295.46,4.47,D
-7.59321,-55.70158,300.82,1.4,1.17,2026-09-19,41,T,14,6.1NRT,290.72,4.46,N
-10.93278,29.40186,310.24,1.03,1.01,2026-09-19,631,T,55,6.1NRT,296.44,4.46,D
-9.88745,-58.29835,305.84,1.01,1.01,2026-09-19,39,T,60,6.1NRT,294.7,4.44,N
4.7883,-60.90585,304.1,1.03,1.02,2026-09-19,43,T,58,6.1NRT,293.74,4.44,N
-0.85729,111.41578,311.27,1.03,1.02,2026-09-19,811,A,58,6.1NRT,296.59,4.42,D
25.58022,-99.93348,304.26,1.03,1.01,2026-09-19,1032,A,59,6.1NRT,294.18,4.42,N
-17.37385,30.28905,308.46,1.04,1.02,2026-09-19,633,T,49,6.1NRT,296.78,4.42,D
36.87397,117.08441,308.39,1.07,1.03,2026-09-19,122,T,21,6.1NRT,293.24,4.41,D
36.48725,113.11356,302.86,1.07,1.03,2026-09-19,122,T,52,6.1NRT,292.11,4.41,D
49.6074,24.16356,303.11,1.01,1.0,2026-09-19,1321,A,33,6.1NRT,292.0,4.4,D
-6.34372,-57.88031,306.28,1.09,1.04,2026-09-19,41,T,42,6.1NRT,293.09,4.4,N
-3.03052,-61.24072,304.41,1.02,1.01,2026-09-19,41,T,25,6.1NRT,285.58,4.39,N
-4.14683,104.84908,305.01,1.14,1.07,2026-09-19,1353,T,63,6.1NRT,293.32,4.39,N
23.67917,86.39482,309.92,1.01,1.01,2026-09-19,304,T,0,6.1NRT,294.72,4.39,D
10.05915,-64.85574,306.73,1.09,1.04,2026-09-19,48,T,52,6.1NRT,293.48,4.39,N
6.64829,81.22026,310.37,1.14,1.06,2026-09-19,308,T,45,6.1NRT,290.82,4.39,D
-14.568,29.02372,310.87,1.01,1.01,2026-09-19,631,T,54,6.1NRT,298.03,4.38,D
42.06533,69.5859,312.51,1.07,1.03,2026-09-19,438,T,61,6.1NRT,301.7,4.38,D
-10.27449,29.82661,309.83,1.02,1.01,2026-09-19,631,T,48,6.1NRT,296.65,4.38,D
-23.82752,-70.31759,311.18,1.01,1.01,2026-09-19,1308,T,57,6.1NRT,298.05,4.36,D
-25.80643,29.49603,302.95,1.13,1.06,2026-09-19,635,T,52,6.1NRT,290.14,4.36,D
1.10662,111.75288,309.99,1.0,1.0,2026-09-19,811,A,58,6.1NRT,295.6,4.35,D
37.57205,112.26457,304.42,1.18,1.08,2026-09-19,122,T,47,6.1NRT,289.93,4.35,D
-14.25265,28.88361,309.05,1.02,1.01,2026-09-19,631,T,35,6.1NRT,296.64,4.35,D
-18.72491,28.80872,308.97,1.0,1.0,2026-09-19,633,T,53,6.1NRT,297.22,4.33,D
43.53994,-5.82474,303.67,1.0,1.0,2026-09-19,934,T,57,6.1NRT,292.6,4.33,D
-10.99649,-57.06833,303.63,1.07,1.03,2026-09-19,39,T,54,6.1NRT,292.82,4.33,N
-2.67911,104.27512,304.64,1.11,1.05,2026-09-19,1353,T,40,6.1NRT,288.2,4.32,N
-19.19903,-46.83208,306.4,1.06,1.03,2026-09-19,1130,T,54,6.1NRT,294.76,4.31,D
-3.63811,104.66857,304.66,1.13,1.06,2026-09-19,1353,T,41,6.1NRT,289.29,4.31,N
20.79356,85.25119,310.94,1.04,1.02,2026-09-19,304,T,23,6.1NRT,294.18,4.3,D
-3.0057,104.04619,307.0,1.08,1.04,2026-09-19,1353,T,33,6.1NRT,290.84,4.3,N
-8.19005,30.08546,312.57,1.02,1.01,2026-09-19,629,T,45,6.1NRT,298.46,4.29,D
-12.77561,27.70688,306.37,1.15,1.07,2026-09-19,631,T,41,6.1NRT,295.04,4.29,D
-16.29332,130.27092,305.39,1.0,1.0,2026-09-19,1208,T,64,6.1NRT,294.58,4.28,N
-13.95315,130.26775,304.75,1.02,1.01,2026-09-19,1208,T,56,6.1NRT,291.48,4.28,N
-16.30143,30.25848,308.33,1.03,1.01,2026-09-19,631,T,33,6.1NRT,296.38,4.26,D
-26.55594,29.16447,302.02,1.12,1.05,2026-09-19,635,T,21,6.1NRT,290.1,4.25,D
-15.40622,29.20475,309.14,1.0,1.0,2026-09-19,631,T,49,6.1NRT,296.26,4.25,D
0.44202,111.69843,310.63,1.01,1.0,2026-09-19,811,A,52,6.1NRT,296.55,4.24,D
-15.31668,28.973,310.56,1.01,1.0,2026-09-19,631,T,54,6.1NRT,297.95,4.23,D
-4.45837,32.68819,310.29,1.02,1.01,2026-09-19,629,T,44,6.1NRT,289.83,4.23,D
-2.791,112.58364,311.21,1.0,1.0,2026-09-19,811,A,51,6.1NRT,298.32,4.22,D
44.88747,121.8219,303.2,1.24,1.11,2026-09-19,120,T,36,6.1NRT,289.85,4.21,D
-17.57446,28.64161,311.45,1.0,1.0,2026-09-19,633,T,55,6.1NRT,298.25,4.21,D
-2.66846,102.88448,305.56,1.01,1.0,2026-09-19,1353,T,65,6.1NRT,292.46,4.2,N
-13.08439,29.15871,307.41,1.02,1.01,2026-09-19,631,T,47,6.1NRT,295.29,4.2,D
-16.64115,30.11717,308.42,1.02,1.01,2026-09-19,631,T,49,6.1NRT,295.74,4.19,D
-11.82308,29.18003,308.92,1.03,1.01,2026-09-19,631,T,53,6.1NRT,296.01,4.19,D
36.47911,112.95608,301.94,1.08,1.04,2026-09-19,122,T,49,6.1NRT,291.39,4.18,D
-12.51209,30.64106,308.66,1.01,1.0,2026-09-19,631,T,48,6.1NRT,296.47,4.17,D
-20.05456,29.15769,307.16,1.01,1.01,2026-09-19,633,T,38,6.1NRT,293.64,4.17,D
39.62354,117.96067,307.32,1.07,1.03,2026-09-19,122,T,36,6.1NRT,295.28,4.16,D
-16.29587,130.25258,305.0,1.0,1.0,2026-09-19,1208,T,62,6.1NRT,294.71,4.16,N
8.68237,-63.16282,306.85,1.0,1.0,2026-09-19,45,T,63,6.1NRT,294.16,4.13,N
25.41245,103.60353,305.09,1.21,1.09,2026-09-19,820,A,44,6.1NRT,290.67,4.12,D
-11.60816,29.03518,308.2,1.04,1.02,2026-09-19,631,T,51,6.1NRT,295.73,4.12,D
39.75205,118.08887,306.82,1.07,1.03,2026-09-19,122,T,48,6.1NRT,295.04,4.12,D
-13.69921,30.88677,309.21,1.03,1.01,2026-09-19,631,T,38,6.1NRT,296.9,4.1,D
-3.34766,-59.8659,302.19,1.01,1.0,2026-09-19,41,T,15,6.1NRT,281.96,4.1,N
-9.15466,-59.45668,306.11,1.0,1.0,2026-09-19,39,T,58,6.1NRT,294.89,4.09,N
-15.054,27.93694,308.98,1.07,1.03,2026-09-19,631,T,38,6.1NRT,297.59,4.07,D
8.72531,-62.91665,306.5,1.0,1.0,2026-09-19,45,T,55,6.1NRT,294.06,4.07,N
-4.1682,30.66101,309.9,1.04,1.02,2026-09-19,629,T,46,6.1NRT,290.44,4.06,D
39.96301,118.54223,302.02,1.04,1.02,2026-09-19,1223,T,25,6.1NRT,291.02,4.05,N
9.73022,-63.45918,304.99,1.01,1.0,2026-09-19,48,T,62,6.1NRT,292.47,4.04,N
-5.50862,150.49872,303.26,1.09,1.04,2026-09-19,1034,T,54,6.1NRT,292.05,4.03,N
-3.72549,-54.64226,300.26,1.07,1.03,2026-09-19,724,A,14,6.1NRT,283.19,4.01,N
-3.05318,-61.27408,303.31,1.02,1.01,2026-09-19,41,T,54,6.1NRT,288.26,4.01,N
-2.12583,112.45988,312.5,1.0,1.0,2026-09-19,811,A,53,6.1NRT,295.63,4.0,D
-5.53307,38.52375,310.65,1.03,1.02,2026-09-19,1306,A,55,6.1NRT,298.56,4.0,D
-17.67942,30.7086,308.59,1.08,1.04,2026-09-19,633,T,38,6.1NRT,294.93,3.97,D
-13.50109,28.668,309.14,1.04,1.02,2026-09-19,631,T,51,6.1NRT,296.76,3.97,D
0.22281,111.21936,310.47,1.03,1.01,2026-09-19,811,A,55,6.1NRT,295.35,3.95,D
-16.2996,28.24643,309.97,1.03,1.01,2026-09-19,631,T,44,6.1NRT,297.64,3.93,D
-10.52291,-56.79659,302.63,1.11,1.05,2026-09-19,39,T,50,6.1NRT,291.91,3.93,N
-6.80171,-59.16742,306.14,1.0,1.0,2026-09-19,41,T,51,6.1NRT,294.88,3.93,N
-4.31755,-60.88589,303.62,1.02,1.01,2026-09-19,41,T,19,6.1NRT,291.76,3.93,N
6.506,-61.55213,306.39,1.02,1.01,2026-09-19,45,T,68,6.1NRT,293.97,3.92,N
-13.38557,29.84093,308.38,1.0,1.0,2026-09-19,631,T,50,6.1NRT,295.85,3.91,D
42.25387,119.13298,306.9,1.08,1.04,2026-09-19,120,T,53,6.1NRT,295.67,3.9,D
-8.37913,112.52988,311.1,1.07,1.03,2026-09-19,809,A,31,6.1NRT,297.99,3.89,D
36.22179,115.83788,307.84,1.01,1.01,2026-09-19,122,T,49,6.1NRT,295.84,3.88,D
28.50686,102.12306,302.67,1.3,1.13,2026-09-19,820,A,21,6.1NRT,287.59,3.85,D
-3.17352,103.36392,305.11,1.03,1.01,2026-09-19,1353,T,63,6.1NRT,293.87,3.81,N
-9.25474,-57.13891,302.3,1.11,1.05,2026-09-19,39,T,26,6.1NRT,288.66,3.79,N
-15.99907,39.58826,309.83,1.15,1.07,2026-09-19,1304,A,16,6.1NRT,293.71,3.78,D
-11.00308,40.47599,313.75,1.0,1.0,2026-09-19,1304,A,37,6.1NRT,300.74,3.75,D
-3.32251,151.78554,305.37,1.0,1.0,2026-09-19,1034,T,9,6.1NRT,294.13,3.74,N
-16.30714,130.25128,304.54,1.0,1.0,2026-09-19,1208,T,61,6.1NRT,294.31,3.74,N
-2.90541,152.00636,306.02,1.0,1.0,2026-09-19,1034,T,8,6.1NRT,294.94,3.71,N
-6.81421,-59.1927,305.0,1.0,1.0,2026-09-19,41,T,62,6.1NRT,293.91,3.7,N
-12.02183,29.08438,307.22,1.03,1.02,2026-09-19,631,T,39,6.1NRT,295.75,3.66,D
-18.62978,28.1502,307.28,1.01,1.0,2026-09-19,633,T,24,6.1NRT,296.2,3.6,D
-4.50862,-54.96409,301.01,1.06,1.03,2026-09-19,724,A,15,6.1NRT,288.16,3.57,N
52.05117,68.60535,300.31,1.07,1.03,2026-09-19,434,T,34,6.1NRT,289.65,3.56,D
-4.49662,-55.48496,300.33,1.02,1.01,2026-09-19,724,A,10,6.1NRT,289.14,3.53,N
-4.76136,30.87199,305.37,1.02,1.01,2026-09-19,629,T,43,6.1NRT,285.77,3.51,D
-3.27466,105.1539,302.35,1.22,1.1,2026-09-19,1353,T,23,6.1NRT,287.98,3.51,N
-3.1548,-58.67313,301.81,1.08,1.04,2026-09-19,41,T,44,6.1NRT,287.17,3.45,N
47.48978,28.60029,305.11,1.1,1.05,2026-09-19,1318,A,32,6.1NRT,292.33,3.42,D
-15.64593,39.75274,310.29,1.12,1.05,2026-09-19,1304,A,5,6.1NRT,294.6,3.41,D
-3.14421,104.24317,302.97,1.1,1.04,2026-09-19,1353,T,38,6.1NRT,286.8,3.4,N
-7.83371,138.15721,304.19,1.01,1.0,2026-09-19,631,A,33,6.1NRT,281.37,3.39,D
34.63982,117.92575,301.56,1.01,1.0,2026-09-19,1223,T,42,6.1NRT,291.19,3.37,N
5.38813,37.60733,319.22,1.0,1.0,2026-09-19,1308,A,41,6.1NRT,303.45,3.21,D
-3.33668,126.85969,300.33,1.0,1.0,2026-09-19,1212,T,14,6.1NRT,288.55,3.18,N
31.51992,117.89925,300.91,1.05,1.02,2026-09-19,1221,T,35,6.1NRT,290.48,3.17,N
-25.73377,29.72895,300.45,1.16,1.07,2026-09-19,635,T,30,6.1NRT,288.18,2.98,D
-19.42323,-45.74849,303.93,1.0,1.0,2026-09-19,1130,T,39,6.1NRT,292.51,2.9,D
9.23173,-64.06001,302.66,1.04,1.02,2026-09-19,45,T,51,6.1NRT,288.26,2.81,N
-3.34311,104.20544,302.84,1.09,1.04,2026-09-19,1353,T,33,6.1NRT,287.45,2.76,N
9.23349,-64.305,303.5,1.05,1.03,2026-09-19,45,T,55,6.1NRT,290.44,2.7,N
-8.0658,138.72896,302.91,1.0,1.0,2026-09-19,631,A,44,6.1NRT,271.53,2.68,D
-6.2978,30.58685,306.13,1.02,1.01,2026-09-19,629,T,23,6.1NRT,287.25,2.58,D
-3.43146,104.55632,301.46,1.13,1.06,2026-09-19,1353,T,31,6.1NRT,288.02,2.41,N
